UI_20150317_000001	{@st41b}Aprender atributos{nl}con los maestros correspondientes de cada clase.{/}	{@st41b}각 클래스 마스터들에게서{nl}특성을 배울 수 있습니다.{/}				
UI_20150317_000002	{@st43}Lista de atributos {/}	{@st43}특성 목록{/}				
UI_20150317_000003	{@st59}Cerrar{/}	{@st59}특성리스트를 닫습니다{/}				
UI_20150317_000004	{@st43}Aprender atributos{/}	{@st43}특성 배우기{/}				
UI_20150317_000005	{@st59}Cerrar{/}	{@st59}특성창을 닫습니다{/}				
UI_20150317_000006	{@st41b}Plata{/}	{@st41b}소지금{/}				
UI_20150317_000007	Mis logros	나의 업적				
UI_20150317_000008	Clasificación del servidor	서버 랭킹				
UI_20150317_000009	{@st59}Hay un evento inesperado disponible.{/}	{@st59}돌발이벤트가 있습니다{/}				
UI_20150317_000010	{@st59}Hay un nuevo mensaje de ayuda{/}	{@st59}도움말이 있습니다{/}				
UI_20150317_000011	{@st41}¿Seguro que quieres fabricar este tipo de flecha?{/}	{@st41}어떤 종류의 화살을 제작하겠습니까?{/}				
UI_20150317_000012	{@st41b}Una vez{/}	{@st41b}한번만{/}				
UI_20150317_000013	{@st41b}Todos{/}	{@st41b}모두{/}				
UI_20150317_000014	{@st41b}Pausa{/}	{@st41b}중단{/}				
UI_20150317_000015	{@st43}Diario de aventuras{/}	{@st43}모험일지{/}				
UI_20150317_000016	{@st43}Casa de subastas{/}	{@st43}경매장{/}				
UI_20150317_000017	{@st59}Cerrar{/}	{@st59}경매장을 닫습니다{/}				
UI_20150317_000018	{@st41b}Objetos vendidos: ×%s, Objetos no vendidos: ×%s{/}	{@st41b}낙찰물품 : %s개,  유찰물품 : %s개{/}				
UI_20150317_000019	{@st43}{s22}Subasta de objetos{/}	{@st43}{s22}아이템 경매{/}				
UI_20150317_000020	{@st59}Cerrar{/}	{@st59}퀘스트 정보를 닫습니다{/}				
UI_20150317_000021	Availest	아베일레스트				
UI_20150317_000022	{@st41b}Tiempo restante	{@st41b}남은 시간				
UI_20150317_000023	3 horas 16 minutos	3시간 16분				
UI_20150317_000024	{@st41b}Precio inicial	{@st41b}시작가				
UI_20150317_000025	{@st41b}Pujas	{@st41b}입찰수				
UI_20150317_000026	{@st41b}Precio actual	{@st41b}현재가				
UI_20150317_000027	{@st41b}Precio de puja	{@st41b}입찰금				
UI_20150317_000028	{@st41b}Precio mínimo de puja de {@st57}%s{@st41b}Plata{/}	{@st41b}최소 {@st57}%s {@st41b}실버부터 입찰가능{/}				
UI_20150317_000029	{@st41b}Puja{/}	{@st41b}입찰{/}				
UI_20150317_000030	{@st43b}¡Comprar ahora!{nl}{img icon_item_silver 20 20}{@st57}%s{/}	{@st43b}바로 구매!{nl}{img icon_item_silver 20 20}{@st57}%s{/}				
UI_20150317_000031	{@st44}Configuración de permisos{/}	{@st44}권한설정{/}				
UI_20150317_000032	{@st45}Nombre: %s{/}	{@st45}이름:%s{/}				
UI_20150317_000033	{@st45}Almacén del grupo{/}	{@st45}파티 창고{/}				
UI_20150317_000034	{@st49}Ninguno	{@st49}없음				
UI_20150317_000035	{@st49}Almacenar	{@st49}넣기				
UI_20150317_000036	{@st49}Retirar	{@st49}가져오기				
UI_20150317_000037	{@st45}Encuesta{/}	{@st45}설문{/}				
UI_20150317_000038	{@st49}Crear	{@st49}작성				
UI_20150317_000039	{@st49}Eliminar	{@st49}삭제				
UI_20150317_000040	{@st44}Guardar{/}	{@st44}저장{/}				
UI_20150317_000041	{@st44}Cancelar{/}	{@st44}취소{/}				
UI_20150317_000042	{@st43}{s22}Tienda de peinados{/}	{@st43}{s22}미용실{/}				
UI_20150317_000043	{@st59}Peinado anterior{/}	{@st59}이전 머리{/}				
UI_20150317_000044	{@st59}Siguiente peinado{/}	{@st59}다음 머리{/}				
UI_20150317_000045	{@st41b} Cambiar {s18} (100 TPs necesario) {/}	{@st41b}변경{s18}(NXP 100 필요){/}				
UI_20150317_000046	{@st59}Cambiar al peinado seleccionado.{/}	{@st59}선택한 헤어로 변경합니다.{/}				
UI_20150317_000047	{@st41}Cancelar	{@st41}해약				
UI_20150317_000048	{@st43}Mercado negro{/}	{@st43}블랙 마켓{/}				
UI_20150317_000049	Nombre del libro	책이름				
UI_20150317_000050	{@St59}Dejar de leer{/}	{@st59}독서를 그만둡니다{/}				
UI_20150317_000051	{@st59}Página anterior{/}	{@st59}이전 페이지{/}				
UI_20150317_000052	{@st59}Página siguiente{/}	{@st59}다음페이지{/}				
UI_20150317_000053	{@st47}%s apareció!	{@st47}%s 등장!!				
UI_20150317_000054	{@st43}Puntuación{/}	{@st43}스코어{/}				
UI_20150317_000055	Daño recibido	받은 데미지				
UI_20150317_000056	Bono de técnica	테크닉 보너스				
UI_20150317_000057	Bono de evasión	회피 보너스				
UI_20150317_000058	Tiempo de finalización	클리어 시간				
UI_20150317_000059	Puntuación Total	총 점수				
UI_20150317_000060	{@st42}Tiempo transcurrido	{@st42}경과 시간				
UI_20150317_000061	10 minutos	10분				
UI_20150317_000062	10 segundos	10초				
UI_20150317_000063	{@st44}Completo	{@st44}마감하기				
UI_20150317_000064	{@st59}Cerrar{/}	{@st59}자판기를 닫습니다{/}				
UI_20150317_000065	{@st43}Máquina expendedora de objetos	{@st43}버프 자판기				
UI_20150317_000066	Nombre de la máquina expendedora	자판기 이름				
UI_20150317_000067	{@st43}Registrar	{@st43}등록				
UI_20150317_000068	{@st43}Cancelar	{@st43}취소				
UI_20150317_000069	Máquina expendedora de objetos	버프 자판기				
UI_20150317_000070	{@st59}Cerrar	{@st59}버프 자판기를 닫습니다.				
UI_20150317_000071	{@st59}Máquina expendedora de objetos{nl} - Puedes pagar plata para recibir objetos de otro jugador.	{@st59}버프 자판기{nl} - 실버를 지불해 해당 플레이어에게 버프 기술을 시전받을 수 있습니다.				
UI_20150317_000072	Menú del carruaje	마차메뉴				
UI_20150317_000073	{ol}{s22}Bajar{/}	{ol}{s22}내리기{/}				
UI_20150317_000074	Lanzamiento	캐스팅				
UI_20150317_000075	{@st43}Configuración del juego{/}	{@st43}게임설정{/}				
UI_20150317_000076	{@st64}¡Usa las teclas de dirección para seleccionar una casilla!	{@st64}방향키를 입력해 셀을 선택하세요!				
UI_20150317_000077	{@st43}Información de avance {/}	{@st43}전직 정보{/}				
UI_20150317_000078	{@st43}Seleccionar clase	{@st43}클래스 선택				
UI_20150317_000079	Psychokinesist	사이코키네스스트				
UI_20150317_000080	{@st42}%s Círculo {/}	{@st42}%s 서클{/}				
UI_20150317_000081	Número de círculos	몇 서클				
UI_20150317_000082	Muestra una breve descripción de la clase.	클래스에 대한 간단한 설명을 이곳에 표시합니다.				
UI_20150317_000083	{@st41b}Ataque {@sti7}%s{/}	{@st41b}공격력 {@sti7}%s{/}				
UI_20150317_000084	{@st41b}Apoyo {@sti7}%s{/}	{@st41b}보조    {@sti7}%s{/}				
UI_20150317_000085	{@st41b}Dificultad{@sti7}%s{/}	{@st41b}난이도 {@sti7}%s{/}				
UI_20150317_000086	{@st59}Cerrar{/}	{@st59}클래스 정보 창을 닫습니다{/}				
UI_20150317_000087	Alarma de avance	전직 가능 알람				
UI_20150317_000088	{@st43} Advancement	{@st43}클래스 전직				
UI_20150317_000089	{@sti7}{s14} Personaje {/}	{@sti7}{s14}캐릭터{/}				
UI_20150317_000090	{@sti8}{s14} Clase {/}	{@sti8}{s14}클래스{/}				
UI_20150317_000091	{@st44}Chat{/}	{@st44}채팅{/}				
UI_20150317_000092	A. WWWWWWWW y 1 más	To. WWWWWWWW 외 1				
UI_20150317_000093	General: /s chat {nl} Grito: /y chat {nl} Grupo: /p chat{nl} Susurro: /w nombre de personaje chat	일반 : /s 내용{nl}외침 : /y 내용{nl}파티 : /p 내용{nl}귓속말 : /w 캐릭명 내용				
UI_20150317_000094	{@st41}Chat general{/}	{@st41}일반 대화{/}				
UI_20150317_000095	{@59}Salir{/}	{@59}종료하기{/}				
UI_20150317_000096	{@59}Invitar{/}	{@59}초대하기{/}				
UI_20150317_000097	{@st59}Todos{/}	{@st59}전체{/}				
UI_20150317_000098	{@st59}Normal (chat /s){/}	{@st59}일반  (/s 할말){/}				
UI_20150317_000099	{@st59}Grito (chat /y){/}	{@st59}외침  (/y 할말){/}				
UI_20150317_000100	{@st59}Grupo (chat /p){/}	{@st59}파티  (/p 할말){/}				
UI_20150317_000101	{@st59}Susurro (chat /w nombre del equipo){/}	{@st59}귓속말   (/w 팀이름 할말){/}				
UI_20150317_000102	{@st59}Ajustar ventana de chat{/}	{@st59}채팅창 크기 조절{/}				
UI_20150317_000103	{@st43}{s22}Macro de chat{/}	{@st43}{s22}채팅 매크로{/}				
UI_20150317_000104	{@st43}Macro{/}	{@st43}매크로{/}				
UI_20150317_000105	{@st59b}Macro {nl} {@st59s} - Cómo usar: {nl} 1. Arrastra un icono de gesto un cualquier espacio de gestos de la parte inferior. {nl} 2. Escribe tu frase y guárdala. {nl} 3. Usa la tecla de acceso directo para enviar la frase y realizar el gesto al mismo tiempo. {/}	{@st59b}매크로{nl}{@st59s} - 사용 방법 : {nl} 1. 상단의 제스쳐 아이콘을 하단의 제스쳐 슬롯에 등록{nl} 2. 대화문구 작성 후 저장{nl} 3. 해당 단축키를 사용해서 대사와 동시에 제스쳐 동작{/}				
UI_20150317_000106	{@st59}Cerrar{/}	{@st59}매크로를 닫습니다{/}				
UI_20150317_000107	{@st41b}Guardar{/}	{@st41b}저장{/}				
UI_20150317_000108	{@st59}Guardar{/}	{@st59}등록한 내용을 저장합니다{/}				
UI_20150317_000109	{@st41b}Cancelar{/}	{@st41b}취소{/}				
UI_20150317_000110	{@st59}Cancelar{/}	{@st59}등록한 내용을 취소합니다{/}				
UI_20150317_000111	{@st42}Configuración del chat	{@st42}채팅 설정				
UI_20150317_000112	{@st42}Transparencia	{@st42}투명도				
UI_20150317_000113	Mostrar bocadillo de chat	말풍선 표시				
UI_20150317_000114	Mostrar los gritos arriba	화면 상단에 외치기 내용 표시				
UI_20150317_000115	{@st43}Lista de trucos{/}	{@st43}치트리스트{/}				
UI_20150317_000116	{@st42b}Objeto{/}	{@st42b}  아이템  {/}				
UI_20150317_000117	{@st42b}Monstruo{/}	{@st42b}  몬스터  {/}				
UI_20150317_000118	{@st42b}Mover Mapa{/}	{@st42b}  맵이동  {/}				
UI_20150317_000119	{@st42b}Orden de combate{/}	{@st42b}  전투명령  {/}				
UI_20150317_000120	{@st41b}Cerrar{/}	{@st41b}닫기{/}				
UI_20150317_000121	{s16}{b}Crea objetos haciendo clic en el botón Crear o haciendo doble clic.	{s16}{b}더블클릭 또는 생성 버튼으로 아이템을 생성할 수 있습니다.				
UI_20150317_000122	{s16}{b}c/u	{s16}{b}개				
UI_20150317_000123	{s16}{b}Nv.	{s16}{b}레벨				
UI_20150317_000124	{@st41b}Buscar{/}	{@st41b}검색{/}				
UI_20150317_000125	{s16}{b}Invoca monstruos haciendo clic en el botón Crear o haciendo doble clic.	{s16}{b}더블클릭 또는 생성버튼으로 몬스터를 소환할 수 있습니다.				
UI_20150317_000126	{s16}{b}c/u	{s16}{b}마리				
UI_20150317_000127	{s16}{b}Selecciona el área deseada.	{s16}{b}원하는 지역을 선택하세요				
UI_20150317_000128	{s18}{b}Ver miniMapa{/}	{s18}{b}미니맵 보기{/}				
UI_20150317_000129	{@st41b}Lista de herramientas{/}	{@st41b}툴 리스트{/}				
UI_20150317_000130	{@st59b}Colección {nl}{@st59s}- Compra el Mazo de colección para añadir objetos coleccionables un tu colección. {nl} - La tecla de acceso rápido de la colección se habilitará cuando usa el objeto Mazo de colección. {nl} {/}	{@st59b}콜렉션{nl}{@st59s} - 게임내 콜렉션 덱을 구해 아이템을 수집하면 해당 아이템 수집 가능{nl} - 콜렉션 덱 아이템 사용했을 경우 콜렉션 단축키가 활성화{nl}{/}				
UI_20150317_000131	{@st59}Cerrar{/}	{@st59}콜렉션 정보를 닫습니다{/}				
UI_20150317_000132	{@st43}Colección{/}	{@st43}콜렉션{/}				
UI_20150317_000133	{@st43}Spray de color{/}	{@st43}컬러스프레이{/}				
UI_20150317_000134	{@st49}Spray de color{/}	{@st49}컬러스프레이{/}				
UI_20150317_000135	{@st49}Color{/}	{@st49}색상{/}				
UI_20150317_000136	{@st49}Restante{/}	{@st49}잔량{/}				
UI_20150317_000137	{@st49}Pincel{/}	{@st49}브러쉬{/}				
UI_20150317_000138	{@st49}{a END_EDIT_SPRAY}Dibujar{/}{/}	{@st49}{a END_EDIT_SPRAY}그리기{/}{/}				
UI_20150317_000139	{@st49}{a SAVE_EDIT_SPRAY}Guardar{/}{/}	{@st49}{a SAVE_EDIT_SPRAY}저장{/}{/}				
UI_20150317_000140	{@st49}{a LOAD_EDIT_SPRAY}Importar{/}{/}	{@st49}{a LOAD_EDIT_SPRAY}불러오기{/}{/}				
UI_20150317_000141	{@st49}Cerrar{/}	{@st49}닫기{/}				
UI_20150317_000142	{@st43}Adopción de compañero	{@st43}컴패니언 분양				
UI_20150317_000143	{@st59}Introduce el nombre de tu compañero recién adoptado {/}	{@st59}분양 받을 컴패니언의 이름을 입력하세요{/}				
UI_20150317_000144	{@st41b}Nombre{/}	{@st41b}이름{/}				
UI_20150317_000145	{@st41b}Precio %s{/}	{@st41b}가격     %s{/}				
UI_20150317_000146	{@st59}Cerrar{/}	{@st59}컴패니엄 분양 창을 닫습니다{/}				
UI_20150317_000147	{@st41b}Adoptar	{@st41b}분양				
UI_20150317_000148	{@st59}Confirmar{/}	{@st59}분양 받을 컴패니언을 결정합니다{/}				
UI_20150317_000149	{@st43}Tienda de compañeros	{@st43}컴패니언 샵				
UI_20150317_000150	{@st59}Cerrar{/}	{@st59}컴패니언 상점을 닫습니다{/}				
UI_20150317_000151	{@st43}Información de otro personaje{/}{@st42}	{@st43}다른 캐릭터 정보{/} {@st42}				
UI_20150317_000152	{@st59}Cerrar{/}	{@st59}캐릭터 정보를 닫습니다{/}				
UI_20150317_000153	{@st41b}Información	{@st41b}정보				
UI_20150317_000154	{@st41b}Registro	{@st41b}기록				
UI_20150317_000155	Nombre del equipo	팀이륨				
UI_20150317_000156	Nombre del personaje	캐릭이륨				
UI_20150317_000157	Círculo {#ffff00}%s{/} %s Nv. {#ffff00}%s{/}	{#ffff00}%s{/}랭크 %s {#ffff00}%s{/}레벨				
UI_20150317_000158	Guerrero	젼샤				
UI_20150317_000159	Índice de aventura {#ffff00}%s{/} (Rango{#ffff00}%s{/}/%s)	모험지수 {#ffff00}%s{/} ({#ffff00}%s{/}위/%s)				
UI_20150317_000160	Índice de aventura {#ffff00}%s{/} ({#ffff00}Sin clasificación{/})	모험지수 {#ffff00}%s{/} ({#ffff00}Unranked{/})				
UI_20150317_000161	Logros Totales : {#ffff00}%s{/}	업적달성 {#ffff00}%s{/}개				
UI_20150317_000162	Configuración	설정				
UI_20150317_000163	Borra el título de la pestaña para eliminarla.	탭 제목을 지우고 확인하면 탭이 삭제됩니다				
UI_20150317_000164	{@st49}Todos{/}	{@st49}전체{/}				
UI_20150317_000165	{@st49}Sistema{/}	{@st49}시스템{/}				
UI_20150317_000166	{@st49}Conversación{/}	{@st49}대화{/}				
UI_20150317_000167	{@st49}Combate{/}	{@st49}전투{/}				
UI_20150317_000168	{@st49}Objeto{/}	{@st49}아이템{/}				
UI_20150317_000169	{@st43}Créditos{/}	{@st43}크레딧{/}				
UI_20150317_000170	{@st43}Configuración de fijación de objetivo {/}	{@st43}타겟 고정 설정 중{/}				
UI_20150317_000171	Nombre del NPC	엔피씨이름				
UI_20150317_000172	Comparar	비교				
UI_20150317_000173	Ilustración	일러스트				
UI_20150317_000174	Selecciona una conversación	대화 선택				
UI_20150317_000175	Ayuda de texto	텍스트 헬프				
UI_20150317_000176	{@st41}Fabricación de objetos{/}	{@st41}아이템 제조{/}				
UI_20150317_000177	{@st45tw2}Fabricando el objeto...	{@st45tw2}아이템 제작 중...				
UI_20150317_000178	%r segundos	%r 초				
UI_20150317_000179	{@st41}Cancelar{/}	{@st41}취소{/}				
UI_20150317_000180	{@st45tw2}Cantidad{/}	{@st45tw2}수량 {/}				
UI_20150317_000181	{@st45tw2}¿Quieres fabricar este objeto?	{@st45tw2}아이템을 만드시겠습니까?				
UI_20150317_000182	{@st41}Confirmar{/}	{@st41}결정{/}				
UI_20150317_000183	Información de misión	퀘스트 정보				
UI_20150317_000184	{@st59}Cancelar intercambio{/}	{@st59}거래를취소합니다{/}				
UI_20150317_000185	{@st43}Intercambio personal{/}	{@st43}개인 거래{/}				
UI_20150317_000186	Mi lista de intercambio	내 거래 목록				
UI_20150317_000187	Plata : %s	실버 : %s				
UI_20150317_000188	Introduce	입력				
UI_20150317_000189	{@st41}Aceptar	{@st41}수락				
UI_20150317_000190	{@st41}Confirmar	{@st41}최종확인				
UI_20150317_000191	otro jugador's (%s) Trading Lista	상대방(%s) 거래 목록				
UI_20150317_000192	Nombre del otro jugador	상대방이름				
UI_20150317_000193	{s18}{ol} {gr gradation1}evento de campo{/}	{s18}{ol}{gr gradation1}필드 이벤트{/}				
UI_20150317_000194	{s20}{ol}Defeat el Vubbe Tribe! ¿Quieres unirte?	{s20}{ol}부베족을 물리쳐라! 참가하시겠습니까?				
UI_20150317_000195	{s20}{ol}%s ¿Quieres unirte?	{s20}{ol}%s 참가하시겠습니까?				
UI_20150317_000196	{s20}{ol}Participantes : (1/5)	{s20}{ol}참가 인원 : (1/5)				
UI_20150317_000197	{s20}{ol}Participantes : (%s/%s)	{s20}{ol}참가 인원 : (%s/%s)				
UI_20150317_000198	{s20}{ol}El juego comenzará después de 1 segundo.	{s20}{ol}1초 후 게임이 시작됩니다.				
UI_20150317_000199	{s20}{ol}El juego comenzará después de %s segundos.	{s20}{ol}%s초 후 게임이 시작됩니다.				
UI_20150317_000200	No volver un mostrar esto hoy.	오늘 하루 보지 않기.				
UI_20150317_000201	No mostrar Eventoos de campo.	필드 이벤트를 보지 않습니다.				
UI_20150317_000202	Unirse un la partida	게임 참여				
UI_20150317_000203	Inicia una partida con otros jugadores.	플레이어들과 게임을 시작합니다.				
UI_20150317_000204	Rechazar invitación un la partida.	게임 참여를 하지 않습니다.				
UI_20150317_000205	Preajustes de spray	스프레이 프리셋				
UI_20150317_000206	{@st49}Selecciona{/}	{@st49}선택{/}				
UI_20150317_000207	{@st49}Cancelar{/}	{@st49}취소{/}				
UI_20150317_000208	{@st49}Eliminar{/}	{@st49}삭제{/}				
UI_20150317_000209	Introduce un nombre de archivo para guardar.	저장할 파일의 이름을 입력합니다.				
UI_20150317_000210	{@st43}Amigos	{@st43}친구				
UI_20150317_000211	{@st59}Cerrar{/}	{@st59}친구 목록를 닫습니다{/}				
UI_20150317_000212	{@st59b}Amigos{nl}{@st59s} - Hazte amigo de otros jugadores del juego. {nl} - Puedes consultar el estado de tus amigos en la pestaña Lista de amigos. {nl} - En la pestaña Administrar puedes invitar, rechazar o bloquear un tus amigos. {/}	{@st59b}친구{nl}{@st59s} - 친구 관계는 계정 사이에 생성{nl} - 목록 탭에서 친구들의 상태 확인/삭제 가능{nl} - 관리 탭에서 초대, 거절, 차단 등의 내용을 확인{/}				
UI_20150317_000213	{@st41b}Mostrar conectados{/}	{@st41b}접속한 친구만 보기{/}				
UI_20150317_000214	{@st41b}Lista	{@st41b}목록				
UI_20150317_000215	{@st41b}Administrar	{@st41b}관리				
UI_20150317_000216	{@st41b}Enviar solicitud de amistad	{@st41b}친구 신청				
UI_20150317_000217	{@st41b}Bloquear	{@st41b}차단				
UI_20150317_000218	{@st59}Buscar{/}	{@st59}검색{/}				
UI_20150317_000219	{@st44}Gremio{/}	{@st44}길드{/}				
UI_20150317_000220	Gremio	길드				
UI_20150317_000221	Lista	명단				
UI_20150317_000222	Noticias	새소식				
UI_20150317_000223	Misión del gremio	길드미션				
UI_20150317_000224	Miembros conectados	접속중인 구성원 수				
UI_20150317_000225	{@st44}Crear gremio{/}	{@st44}길드생성{/}				
UI_20150317_000226	{@st42}Crear{/}	{@st42}생성{/}				
UI_20150317_000227	{@st42}Cerrar{/}	{@st42}닫기{/}				
UI_20150317_000228	{@st42}Todos{/}	{@st42}전체{/}				
UI_20150317_000229	{@st42}Clasificación de hoy{/}	{@st42}오늘랭킹{/}				
UI_20150317_000230	{@st42}Clasificación semanal{/}	{@st42}주간랭킹{/}				
UI_20150317_000231	{@st56}Rango {/}	{@st56}순위{/}				
UI_20150317_000232	{@st56}Puntos{/}	{@st56}점수{/}				
UI_20150317_000233	{@st56}Clase{/}	{@st56}직업{/}				
UI_20150317_000234	{@st56}Nombre {/}	{@st56}이름{/}				
UI_20150317_000235	Página anterior	이전 페이지				
UI_20150317_000236	Página siguiente	다음 페이지				
UI_20150317_000237	{@st42}Buscar ID{/}	{@st42}ID 검색{/}				
UI_20150317_000238	Introduce el ID que quieres buscar	입력한 ID를 검색합니다				
UI_20150317_000239	Cerrar el Salón de la Fama	명예의 전당을 닫습니다				
UI_20150317_000240	Introduce el ID que quieres buscar	검색할 ID를 입력합니다				
UI_20150317_000241	{@st59} Resistencia {/}	{@st59}스태미나{/}				
UI_20150317_000242	{@st43}Lista de ayuda{/}	{@st43}도움말 목록{/}				
UI_20150317_000243	{@st59}Cerrar{/}	{@st59}도움말 목록 창을 닫습니다{/}				
UI_20150317_000244	{@st59b}Lista de ayuda{nl}{@st59s} - Si necesitas ayuda con algo, siempre puedes consultar los temas de ayuda. {nl} - Selecciona un tema para ver más Información. {/}	{@st59b}도움말 목록{nl}{@st59s} - 읽었던 도움말들을 목록에서 다시 확인 가능{nl} - 원하는 항목을 선택해서 상세 보기{/}				
UI_20150317_000245	{@st43}{s22}ayuda{/}	{@st43}{s22}도움말{/}				
UI_20150317_000246	{@st47_b}{b}Temas de ayuda{/}	{@st47_b}{b}도움말 제목{/}				
UI_20150317_000247	{@st42b}Contenido de ayuda simple{/}	{@st42b}심플 도움말내용{/}				
UI_20150317_000248	{@st59}Ver detalles{/}	{@st59}자세하게 보기{/}				
UI_20150317_000249	Introduce una cantidad	수량을 입력하세요				
UI_20150317_000250	{@st59}Introduce el contenido{/}	{@st59}내용을 입력합니다{/}				
UI_20150317_000251	{@st41b}Confirmar	{@st41b}확인				
UI_20150317_000252	{@st59}Confirmar {/}	{@st59}입력 내용을 확인합니다{/}				
UI_20150317_000253	{@st41b}Cerrar	{@st41b}닫기				
UI_20150317_000254	{@st59}Cancelar {/}	{@st59}입력을 취소합니다{/}				
UI_20150317_000255	{@st43}Teletransporte{/}	{@st43}워프{/}				
UI_20150317_000256	{@st59}Cerrar{/}	{@st59}워프 창을 닫습니다{/}				
UI_20150317_000257	{@st59b}Teletransporte{nl}{@st59s} - Te permite viajar rápidamente un regiones que ya tiene visitado. {nl} - La función se activa cuando hay dos o más puntos de teletransporte disponibles. {nl} {/}	{@st59b}워프{nl}{@st59s} - 자신이 방문한 지역으로 워프할 수 있는 시스템{nl} - 워프가 2개이상일때 워프 기능 활성화{nl}{/}				
UI_20150317_000258	{@st41}Ubicación actual : %s{/}	{@st41}현재 위치 : %s{/}				
UI_20150317_000259	{@st43}{s22}Teletransporte{/}	{@st43}{s22}워프{/}				
UI_20150317_000260	{@st41b}¿Quieres moverte un esta zona?{/}	{@st41b}이 지역으로 이동하시겠습니까?{/}				
UI_20150317_000261	What about Siauliai	사울레이 어쩌고				
UI_20150317_000262	Moneda consumida : 0	소모 코인 : 0				
UI_20150317_000263	Intro	인트로				
UI_20150317_000264	{@st43}Inventario{/}	{@st43}인벤토리{/}				
UI_20150317_000265	{@st59}Cerrar{/}	{@st59}인벤토리를 닫습니다{/}				
UI_20150317_000266	{@st59b}Equipo {nl} {@st59s}- Cabello/Disfraz: permite cambiar la apariencia de los personajes. {nl} - Arma: se pueden equipar armas de una o dos manos. {nl} (las armas secundarias y escudos pueden equiparse con un arma de una mano) {nl} - Armadura: parte superior, parte inferior, guantes y zapatos. {nl} - Accesorios: se puede equipar 1 collar y 2 brazaletes. {nl} {/}	{@st59b}착용장비{nl}{@st59s} - 헤어/코스튬 : 외형 변경 가능 아이템 착용{nl} - 무기 : 한손 장비 및 양손 장비 착용 가능{nl}   (한손 장비 착용시 서브웨폰/방패 착용 가능 ){nl} - 방어구 : 상의, 하의, 장갑, 신발 착용{nl} - 악세서리 : 목걸이 1개, 팔찌 2개 착용{nl}{/}				
UI_20150317_000267	{@st59}Disfraz de cabello 1{/}	{@st59}헤어 코스튬1{/}				
UI_20150317_000268	{@st59}Disfraz de cabello 2{/}	{@st59}헤어 코스튬2{/}				
UI_20150317_000269	{@st59}Collar{/}	{@st59}목걸이{/}				
UI_20150317_000270	{@st59}Disfraz{/}	{@st59}코스튬{/}				
UI_20150317_000271	{@st59}Superior{/}	{@st59}상의{/}				
UI_20150317_000272	{@st59}Guantes{/}	{@st59}장갑{/}				
UI_20150317_000273	{@st59}Parte inferior{/}	{@st59}하의{/}				
UI_20150317_000274	{@st59}Zapatos{/}	{@st59}신발{/}				
UI_20150317_000275	{@st59}Mano izquierda{/}	{@st59}왼손{/}				
UI_20150317_000276	{@st59}Mano derecha{/}	{@st59}오른손{/}				
UI_20150317_000277	{@st59}Brazalete 1{/}	{@st59}팔찌1{/}				
UI_20150317_000278	{@st59}Brazalete 2{/}	{@st59}팔찌2{/}				
UI_20150317_000279	{@st59}Brazalete{/}	{@st59}암밴드{/}				
UI_20150317_000280	{@st59}Buscar{/}	{@st59}입력한 이름으로 검색합니다{/}				
UI_20150317_000281	Peso	무게				
UI_20150317_000282	{@st43}Beneficio de equipo{/}	{@st43}장비 버프{/}				
UI_20150317_000283	{@st59}Cerrar{/}	{@st59}수리 UI를 닫습니다{/}				
UI_20150317_000284	{@st42}Disponible para objeto	{@st42}버프 가능 장비 목록				
UI_20150317_000285	{@st42}Consumir{/}	{@st42}소모 아이템{/}				
UI_20150317_000286	{@st42}Ejecutar	{@st42}실행				
UI_20150317_000287	{@st42}Objeto objetivo{/}	{@st42}타겟 아이템{/}				
UI_20150317_000288	{@st59}Anillo 1{/}	{@st59}링1{/}				
UI_20150317_000289	{@st43}Fabricación de objetos{/}	{@st43}아이템 제작{/}				
UI_20150317_000290	{@st42b}Mostrar objetos fabricables{/}	{@st42b}재료가 있는 것만 보기{/}				
UI_20150317_000291	{@st59}Cerrar{/}	{@st59}아이템 제작을 닫습니다{/}				
UI_20150317_000292	{@st43}{s22}Dividir objeto	{@st43}{s22}아이템 나누기				
UI_20150317_000293	{@st59}Introduce una cantidad{/}	{@st59}개수를 입력하세요{/}				
UI_20150317_000294	Barra de vida del monstruo	몬스터 체력게이지				
UI_20150317_000295	{@st44}Conjunto de objetos adquirido{/}	{@st44}세트 아이템 획득{/}				
UI_20150317_000296	Guerrero del teclado	키보드 워리어				
UI_20150317_000297	Kills	킬				
UI_20150317_000298	99 minutos 99 segundos	99분 99초				
UI_20150317_000299	38000 puntos	38000 점				
UI_20150317_000300	Poción de velocidad mejorada	향상된 신속의 물약				
UI_20150317_000301	{@st41}Confirmar{/}	{@st41}확 인{/}				
UI_20150317_000302	{@st59b} Diario de aventuras {nl}{@st59s}- Tu partida progreso es registrado en el Diario de aventuras. {nl} - Puedes progreso tu Índice de aventura mediante contenido such como: obtener objetos, cazar monstruos, fabricación y Mapa exploración.{nl}    Índice de aventura : El Total de todos tu indexes. {nl}    progreso : 5 puntos por personaje nivel y clase nivel {nl}    objetos : Equipo : grado X 10 puntos, Books : 10 puntos, otros : 1 punto {nl}    Monstruos : 10 puntos por monstruo (50 puntos para Jefe Monstruos) {nl}    Mapas : 1 punto por 10% explorado {nl}    Misiones : 1 punto por misión {nl}    logros : Varies por logro {nl}    Fabricación : 10 puntos {nl}    colección : 5 puntos para un deck y 45 puntos cuando lo es Completada {nl} - Puedes recibir especiales recompensas de un NPC en ciudad dependiendo en tu Índice de aventura. {/}	{@st59b}모험일지{nl}{@st59s} - 자신의 진행한 정보가 모험일지에 기록{nl} - 아이템 습득, 몬스터 사냥, 제작, 맵탐험, 콘텐츠 진행으로 모험지수 획득{nl}    모험지수 : 다른 모든 지수의 총 합{nl}    성장 : 레벨 및 직업 레벨당 5점{nl}    아이템 : 장비 : 등급 X 10점, 책 : 10점, 기타 : 1점{nl}    몬스터 : 몬스터당 10점 (보스 : 50점){nl}    지역탐색 : 10%당 1점{nl}    퀘스트 : 퀘스트당 1점{nl}    업적 : 업적별로 다름{nl}    제작법 : 개당 10점{nl}    콜렉션 : 덱 5점 , 완성 45점{nl} - 획득한 모험지수에 따라 마을 NPC에게서 보상 획득{/}				
UI_20150317_000303	{@sti7}{s22}{ds}logros{/}	{@sti7}{s22}{ds}모험지수 달성도{/}				
UI_20150317_000304	{@st42b}{#22FF22} superior 10% / %s Puntos{/}	{@st42b}{#22FF22}상위 10% / %s점{/}				
UI_20150317_000305	{@st42b} promedio / %s Puntos {/}	{@st42b}전체 평균 /  %s점{/}				
UI_20150317_000306	1st / %s Puntos	1위 / %s점				
UI_20150317_000307	Rango %s	%s위				
UI_20150317_000308	%s Puntos	%s점				
UI_20150317_000309	Profession	직업				
UI_20150317_000310	Equipo	팀				
UI_20150317_000311	{@st59}Cerrar{/}	{@st59}모험일지를 닫습니다{/}				
UI_20150317_000312	{@st43}Diario de aventuras Clasificación{/}	{@st43}모험일지 랭킹{/}				
UI_20150317_000313	{@st43}{s22}Rango   	{@st43}{s22}랭킹				
UI_20150317_000314	{@st43}{s22}Nombre	{@st43}{s22}이름				
UI_20150317_000315	{@st43}{s22}Puntuación	{@st43}{s22}점수				
UI_20150317_000316	{@st41}Detalles{/}	{@st41}상세정보{/}				
UI_20150317_000317	{@st43}Iniciar Fabricación{/}	{@st43}제작시작{/}				
UI_20150317_000318	{@st59}Iniciar objeto fabricación.{/}	{@st59}아이템 제작을 시작합니다.{/}				
UI_20150317_000319	{@st44}Keypad{/}	{@st44}키패드{/}				
UI_20150317_000320	{@st42}Tiempo limit	{@st42}제한 시간				
UI_20150317_000321	{@st56}Eliminar{/}	{@st56}킬{/}				
UI_20150317_000322	{@st56}Overkill{/}	{@st56}오버킬{/}				
UI_20150317_000323	{@st56}Shot{/}	{@st56}피격{/}				
UI_20150317_000324	{@st56}Dead{/}	{@st56}사망{/}				
UI_20150317_000325	hechizo Power	주문력				
UI_20150317_000326	defensa	방어력				
UI_20150317_000327	Magic Resistance	마법저항력				
UI_20150317_000328	Critical Ataque Tasa	치명타율				
UI_20150317_000329	{@st43}Ranura{/}	{@st43}소켓 관리{/}				
UI_20150317_000330	{@st59}Cerrar{/}	{@st59}소켓 관리를 닫습니다{/}				
UI_20150317_000331	Por favor, inserta tu objeto	아이템을 올려주세요				
UI_20150317_000332	Potential	포텐셜				
UI_20150317_000333	Costo de ranura adicional : {#ff9933}%s{/}{nl}Costo de extracción de Gema : {#ff9933}%s{/}	소켓 추가 비용 : {#ff9933}%s{/}{nl}젬 추출 비용 : {#ff9933}%s{/}				
UI_20150317_000334	{@st41b}Añadir ranura	{@st41b}소켓 추가				
UI_20150317_000335	{@st41b}Extraer Gema	{@st41b}젬 추출				
UI_20150317_000336	{@st41}Fabricar{/}	{@st41}제조{/}				
UI_20150317_000337	{@st41}%s %s c/u	{@st41}%s  %s 개				
UI_20150317_000338	Mapa de la zona	지역 지도				
UI_20150317_000339	área Explored : 95.5%	탐사율 : 95.5%				
UI_20150317_000340	{@st45tw}Área Explored %s% {/}	{@st45tw}탐사율 %s%{/}				
UI_20150317_000341	{@st59}Cerrar{/}	{@st59}지도를 닫습니다 (M){/}				
UI_20150317_000342	{@st41}Mapa{/}	{@st41}지도{/}				
UI_20150317_000343	Shift(limpiar), Ctrl(mid fill)	시프트(지우기), 컨트롤(중간채우기)				
UI_20150317_000344	{ol}título	{ol}제목				
UI_20150317_000345	{@st41}Añadir{/}	{@st41}추가{/}				
UI_20150317_000346	{@st41}Eliminar{/}	{@st41}삭제{/}				
UI_20150317_000347	{@st41}Guardar{/}	{@st41}저장{/}				
UI_20150317_000348	{@st41}Automático{/}	{@st41}자동{/}				
UI_20150317_000349	{@st41}Restablecer{/}	{@st41}초기화{/}				
UI_20150317_000350	{@st59}Configurar cantidad.{/}	{@st59}조각의 개수를 설정합니다.{/}				
UI_20150317_000351	{ol}grupo	{ol}그룹				
UI_20150317_000352	{ol}Mensaje	{ol}메세지				
UI_20150317_000353	{ol}sonido	{ol}사운드				
UI_20150317_000354	{@st41}Crear MiniMapa{/}	{@st41}미니맵 제작{/}				
UI_20150317_000355	{@st55}Mapa de la zona	{@st55}지역 지도				
UI_20150317_000356	{@st43}{s22}mercado{/}	{@st43}{s22}마켓{/}				
UI_20150317_000357	{@st43}{s24}mercado{/}	{@st43}{s24}마켓{/}				
UI_20150317_000358	{@st42b}Filter{/}	{@st42b}계열{/}				
UI_20150317_000359	{@st42b}Tipo{/}	{@st42b}타입{/}				
UI_20150317_000360	{@st42b}Req. Lv{/}	{@st42b}착용 레벨{/}				
UI_20150317_000361	{@st42b}Mejorar Lv{/}	{@st42b}강화 수치{/}				
UI_20150317_000362	{@st42b}Nombre	{@st42b}이름				
UI_20150317_000363	{@st41b}Retirar %s	{@st41b}아이템 수령함%s				
UI_20150317_000364	{@st41b}Vender	{@st41b}판매 등록				
UI_20150317_000365	{@st41b}Buscar	{@st41b}검색				
UI_20150317_000366	{@st59}Cerrar{/}	{@st59}마켓 창을 닫습니다{/}				
UI_20150317_000367	{@st42b}Sort	{@st42b}보기 순서				
UI_20150317_000368	{@st41b}Comprar	{@st41b}판매중인 아이템				
UI_20150317_000369	{@st43}{s22}Retirar	{@st43}{s22}아이템 수령함				
UI_20150317_000370	{@st41b}Retirar Todos	{@st41b}모두 받기				
UI_20150317_000371	{@st41b}Retirar	{@st41b}아이템 수령함				
UI_20150317_000372	{@st43}{s22}Vender	{@st43}{s22}판매 등록				
UI_20150317_000373	{@st42b}Cantidad	{@st42b}개수				
UI_20150317_000374	{@st42b}Precio	{@st42b}가격				
UI_20150317_000375	{@st42b}Ocultar nombre del vendedor{/}	{@st42b}판매자 비공개{/}				
UI_20150317_000376	{@st41b}Registrar	{@st41b}등록				
UI_20150317_000377	Siege Coin	공성전 코인				
UI_20150317_000378	Someone era killed por someone	누군가누구를처치했습니다.				
UI_20150317_000379	{@st43}Minigames{/}	{@st43}미니게임{/}				
UI_20150317_000380	{@st49}Fire Catapult{/}	{@st49}투석기발사{/}				
UI_20150317_000381	{@st44}Control directions{/}	{@st44}방향조절{/}				
UI_20150317_000382	{@st44}Fire{/}	{@st44}발사{/}				
UI_20150317_000383	Minigame	미니게임				
UI_20150317_000384	{s18}{ol}{gr gradation1}Ocultar minijuego y Verk{/}	{s18}{ol}{gr gradation1}얼음 땡 미니게임{/}				
UI_20150317_000385	{s16}¿Quieres unirte al minijuego?	{s16}미니게임에 참가하시겠습니까?				
UI_20150317_000386	{s16}Participantes : (0/5)	{s16}참가 인원 : (0/5)				
UI_20150317_000387	{s16}Participantes : (%s /%s)	{s16}참가 인원 : (%s/%s)				
UI_20150317_000388	{s16}El partida starts después 1 segundo.	{s16}1초 후 게임이 시작됩니다.				
UI_20150317_000389	{s16}El partida starts después %s segundos.	{s16}%s초 후 게임이 시작됩니다.				
UI_20150317_000390	{@st59}Zoom en{/}	{@st59}확대{/}				
UI_20150317_000391	{@st59}Zoom out{/}	{@st59}축소{/}				
UI_20150317_000392	{@st59}Mapa (M){/}	{@st59}지도 (M){/}				
UI_20150317_000393	{@st42b} Mapa de la zona	{@st42b}지역 지도				
UI_20150317_000394	{@st44}Objeto Synthesizer{/}	{@st44}아이템 조합기{/}				
UI_20150317_000395	{s16}{#FFcc66}{ol}Selecciona el objeto que quieres crear{/}{/}	{s16}{#FFcc66}{ol}제작할 아이템을 선택하세요{/}{/}				
UI_20150317_000396	{s16}{#FFcc66}{ol}Arrastra los ingredientes a los espacios	{s16}{#FFcc66}{ol}재료 아이템을 슬롯에 드래그 하세요				
UI_20150317_000397	{@st42}Crear{/}	{@st42}제작{/}				
UI_20150317_000398	{@st42} Cancelar {/}	{@st42}취소{/}				
UI_20150317_000399	Información de %s	%s의 정보				
UI_20150317_000400	Kepa o ...	케파라던가				
UI_20150317_000401	{@st41}{Detalles}	{@st41}{상세정보}				
UI_20150317_000402	{s20}{#050505}Descripción del monstruo Descripción del monstruo Descripción del monstruo Descripción del monstruo	{s20}{#050505}몬스터 설명 내용 몬스터 설명 내용 몬스터 설명 내용 몬스터 설명 내용				
UI_20150317_000403	{@st41} eliminar {/}	{@st41} 킬 {/}				
UI_20150317_000404	{@st41} Overkill {/}	{@st41} 오버킬 {/}				
UI_20150317_000405	{@st41} normal eliminar {/}	{@st41} 일반킬 {/}				
UI_20150317_000406	{@st41} área {/}	{@st41} 지역 {/}				
UI_20150317_000407	{@st41} Objeto {/}	{@st41} 아이템 {/}				
UI_20150317_000408	{@st41} Achievement {/}	{@st41} 업적 {/}				
UI_20150317_000409	Object	대상				
UI_20150317_000410	{@st43}Necronomicon{/}	{@st43}네크로노미콘{/}				
UI_20150317_000411	{@st59}Cerrar{/}	{@st59}네크로노미콘 UI를 닫습니다{/}				
UI_20150317_000412	{@st59}Soy demasiado perezoso para pensar.{/}	{@st59}나는 아무 생각이 없다. 왜냐하면 아무 생각이 없기 때문이다.{/}				
UI_20150317_000413	Summoned Creature : {#ffcc33}%s{/}	소환체 : {#ffcc33}%s{/}				
UI_20150317_000414	Undead Harpy	언데드 하피				
UI_20150317_000415	Habilidad : %s	스킬 : %s				
UI_20150317_000416	Habilidad 1, Habilidad 2	스킬1, 스킬2				
UI_20150317_000417	Fragmentos necesarios: %s	필요 파편 : %s				
UI_20150317_000418	Beast 60 / Insect 20/ Mutant 10	야수 60 / 곤충 20 / 변이 10				
UI_20150317_000419	número de fragmentos	파편의 갯수				
UI_20150317_000420	partes 1	파츠1				
UI_20150317_000421	partes 2	파츠2				
UI_20150317_000422	partes 3	파츠3				
UI_20150317_000423	¡Felicidades! Has subido de nivel.	축하합니다! 레벨이 상승하였습니다				
UI_20150317_000424	Objeto Alarm	아이템알림				
UI_20150317_000425	{@st64}Detalles{/}	{@st64}내용{/}				
UI_20150317_000426	Cómo jugar	조작 튜토리얼				
UI_20150317_000427	{@st42b}          mover una vez con cada del keys{/}	{@st42b}캐릭터가 상하좌우 4방향으로  이동합니다{/}				
UI_20150317_000428	{@st42b}       Perform un básico ataque{/}	{@st42b}캐릭터가 기본 공격을 합니다{/}				
UI_20150317_000429	{@st42b}                Jump arriba{/}	{@st42b}캐릭터가 제자리 또는 이동시 점프를 합니다{/}				
UI_20150317_000430	{@st42b}Pulsa dos teclas de dirección a la vez para moverte en diagonal.{/}	{@st42b}인접한 방향키 2개를 동시에 입력해 대각선으로 이동합니다{/}				
UI_20150317_000431	Herramienta de niebla del Mapa	맵 포그 툴				
UI_20150317_000432	Herramienta para eliminar monstruos	몬스터 죽이기 툴				
UI_20150317_000433	Herramienta para crear un minimapa	미니맵 만들기 툴				
UI_20150317_000434	Dialogue tool	다이얼로그 툴				
UI_20150317_000435	{@st43}GM Configuración{/}	{@st43}운영자 설정{/}				
UI_20150317_000436	{@st59}Cerrar{/}	{@st59}파티 정보를 닫습니다{/}				
UI_20150317_000437	{@st59b}Información del grupo{nl}{@st59s} - Haz clic en el botón «Crear grupo» de la parte inferior para crear un grupo. {nl} - Haz clic derecho en otros jugadores para enviarles una invitación al grupo. {nl} - Los cambios pueden realizarse en la pestaña «Configuración». {nl} - Configura condiciones específicas de búsqueda para los miembros de la lista de grupos públicos.{/}	{@st59b}파티 정보{nl}{@st59s} - 하단의 파티 생성 버튼을 눌러 스스로 파티 생성 가능{nl} - 다른 유저의 캐릭터 위에서 마우스 우클릭으로 파티 초대 가능{nl} - 설정탭에서 현재 파티의 다양한 설정을 실시간으로 조정{nl} - 파티 목록으로 파티원을 구할때 공개 항목에서 조건 설정{/}				
UI_20150317_000438	{@st43}Grupo Información{/}	{@st43}파티 정보{/}				
UI_20150317_000439	{@st41b}Miembros{/}	{@st41b}구성{/}				
UI_20150317_000440	{@st41b}Evento de grupo {/}	{@st41b}파티 이벤트{/}				
UI_20150317_000441	{@st41b}Configuración{/}	{@st41b}설정{/}				
UI_20150317_000442	{@st41}Miembros{/}	{@st41}멤버{/}				
UI_20150317_000443	{@st41}Requisitos para unirse este grupo	{@st41}파티 가입 조건				
UI_20150317_000444	{@st41b}Public	{@st41b}공개				
UI_20150317_000445	{@st41b}Private	{@st41b}비공개				
UI_20150317_000446	Nivel de Deseo                                ~	희망 레벨                                 ~				
UI_20150317_000447	{@st41}Loot distribución	{@st41}아이템 분배 규칙				
UI_20150317_000448	{@st41b}Free para todos	{@st41b}각자 획득				
UI_20150317_000449	{@st41b}Round Robin	{@st41b}순서대로 획득				
UI_20150317_000450	{@st41b}Random	{@st41b}랜덤하게 분배				
UI_20150317_000451	{@st41}EXP distribución	{@st41}경험치 분배 규칙				
UI_20150317_000452	{@st41b}Individual EXP	{@st41b}각자얻기				
UI_20150317_000453	{@st41b}Equal EXP	{@st41b}균등분배				
UI_20150317_000454	{@st41b}Por nivel	{@st41b}레벨차등				
UI_20150317_000455	{@st41}Compartir misión	{@st41}퀘스트 공유				
UI_20150317_000456	{@st41b}Usar	{@st41b}사용				
UI_20150317_000457	{@st41b}No usar	{@st41b}사용안함				
UI_20150317_000458	{@st41b}Crear Grupo	{@st41b}파티 생성				
UI_20150317_000459	{@st43}Lista de grupos públicosa {/}	{@st43}공개 파티 목록{/}				
UI_20150317_000460	{@st59b}Lista de grupos públicos{nl}{@st59s} - Busca un grupo al que quieras unirte viendo los grupos abiertos de tu servidor. {nl} - Usa la opción de búsqueda para encontrar un grupo al que quieras unirte.{/}	{@st59b}공개 파티 목록{nl}{@st59s} - 서버내 공개된 파티 목록을 확인해서 원하는 파티에 가입{nl} - 검색 옵션 사용으로 원하는 조건의 파티 검색{/}				
UI_20150317_000461	{@st59}Cerrar Grupo Lista{/}	{@st59}파티목록을 닫습니다{/}				
UI_20150317_000462	Usar Buscar	검색 옵션 사용				
UI_20150317_000463	Compartir misión	퀘스트 공유				
UI_20150317_000464	EXP distribución	경험치 분배규칙				
UI_20150317_000465	Objeto distribución	아이템 분배규칙				
UI_20150317_000466	{@st43}Invitar	{@st43}초대				
UI_20150317_000467	{@st41b}Invitar{/}	{@st41b}초대{/}				
UI_20150317_000468	{s18}{ol}{gr gradation1}Reglas de cierre de sesión en PC{/}	{s18}{ol}{gr gradation1}로그아웃 PC 규칙{/}				
UI_20150317_000469	{ol}Condiciones para aplicar las reglas	{ol}규칙 적용 조건				
UI_20150317_000470	{ol}Action para Aplicación rules	{ol}규칙 적용 동작				
UI_20150317_000471	Introduce un nombre para el rule	규칙의 이름을 입력합니다				
UI_20150317_000472	{Gr gradation1}Registration{/}	{gr gradation1}등록{/}				
UI_20150317_000473	Registrar Rules	규칙을 등록합니다				
UI_20150317_000474	{Gr gradation1}Cancelar{/}	{gr gradation1}취소{/}				
UI_20150317_000475	Cancelar Action	작업을 취소합니다				
UI_20150317_000476	{@st43}Información del compañero	{@st43}컴패니언 정보				
UI_20150317_000477	{@st59b}Información del compañero{nl}{@st59s} - Puedes establecer a tu compañero en modo Activo o Descanso mediante el botón correspondiente. {nl} - Los atributos y objetos equipados de tu compañero se pueden personalizar. {/}	{@st59b}컴패니언 정보{nl}{@st59s} - 휴면/활동 버튼으로 컴패니언 넣고 빼기 가능{nl} - 컴패니언의 특성, 아이템 장착으로 커스터마이즈 가능{/}				
UI_20150317_000478	{@st59}Cerrar{/}	{@st59}컴패니언 정보를 닫습니다{/}				
UI_20150317_000479	{@st41b}Nombre : {@sti9}%s{/}	{@st41b}이름 : {@sti9}%s{/}				
UI_20150317_000480	{@sti9}%s{@st41b}Cercanía : {@sti9}%s {@st41b}Nivel{/}	{@sti9}%s{@st41b}과의 친밀도 : {@sti9}%s {@st41b}레벨{/}				
UI_20150317_000481	{@st41b}EXP{/}	{@st41b}경험치{/}				
UI_20150317_000482	{@st41b}Resistencia{/}	{@st41b}스태미나{/}				
UI_20150317_000483	{@st41b}Affinity{/}	{@st41b}친밀도{/}				
UI_20150317_000484	{@st41b}Atributos y Información	{@st41b}특성 및 정보				
UI_20150317_000485	{@st43}Compañero{/}	{@st43}컴패니언{/}				
UI_20150317_000486	{@st59b}Compañero{nl}{@st59s} - Haz clic en un objeto de la lista para ver más información. {/}	{@st59b}컴패니언{nl}{@st59s} - 목록에서 원하는 항목을 클릭해서 상세 정보 보기{/}				
UI_20150317_000487	{@st59}Cerrar{/}	{@st59}컴패니언을 닫습니다{/}				
UI_20150317_000488	{@st59}Cerrar{/}	{@st59}도움말 창을 닫습니다{/}				
UI_20150317_000489	{@st59}Ayuda{nl} - ver detailed Información y tips. {nl} - ver otro temas del Lista de ayuda{/}	{@st59}도움말{nl} - 도움말 상세 보기{nl} - 다른 항목을 보려면 도움말 목록에서 선택{/}				
UI_20150317_000490	{@st43}Ayuda{/}	{@st43}도움말{/}				
UI_20150317_000491	Temas de ayuda	도움말 제목				
UI_20150317_000492	{ol}{#AAAA00}{s16}Tiempo transcurrido : %s	{ol}{#AAAA00}{s16}진행시간 : %s				
UI_20150317_000493	{@st43}Poison Pot{/}	{@st43}포이즌 팟{/}				
UI_20150317_000494	{@st59}Cerrar{/}	{@st59}포이즌 팟 UI를 닫습니다{/}				
UI_20150317_000495	{@st59}Necesito escribir{/}	{@st59}작성 필요{/}				
UI_20150317_000496	Cantidad de veneno: %s	독의 양 : %s				
UI_20150317_000497	Objetos que pueden usarse para fabricar veneno	독 제조에 쓰일 수 있는 아이템				
UI_20150317_000498	Selecciona Todos	전체 선택				
UI_20150317_000499	Haz clic de nuevo para deseleccionar todo	한번 더 클릭시 전체 해제				
UI_20150317_000500	Fabricación	제조				
UI_20150317_000501	shuffle shuffle mix y shuffle	섞고 섞고 돌리고 섞고				
UI_20150317_000502	{@st43}Category{/}	{@st43}항목{/}				
UI_20150317_000503	{@st43}Me{/}	{@st43}나{/}				
UI_20150317_000504	{@st43}Objetivo{/}	{@st43}대상{/}				
UI_20150317_000505	{@st43}Nivel{/}	{@st43}레벨{/}				
UI_20150317_000506	{@st43}Fondos{/}	{@st43}소지금{/}				
UI_20150317_000507	{@st43}Tasa{/}	{@st43}등급{/}				
UI_20150317_000508	{@st43}PvP Win/Loss Ratio{/}	{@st43}PvP승률{/}				
UI_20150317_000509	{@st59}Cerrar{/}	{@st59}창을 닫습니다{/}				
UI_20150317_000510	{@sti5}Total Comprar Cantidad : %s{/}	{@sti5}총 구매 금액 : %s{/}				
UI_20150317_000511	{@sti5}Cantidad Total : %s{/}	{@sti5}총 금액 : %s{/}				
UI_20150317_000512	{@st41b} Comprar	{@st41b}구매				
UI_20150317_000513	{@st43}Gained materiales para un Fabricarable objeto!	{@st43}제작 아이템 재료 획득!				
UI_20150317_000514	{@st43}Magnum Opus{/}	{@st43}마그눔 오푸스{/}				
UI_20150317_000515	{@st41}Eliminar Todos	{@st41}전체 삭제				
UI_20150317_000516	{@st42}Pension objetivo {@stx1}(%s necesario){/}	{@st42}연금 대상 {@stx1}(%s 소요){/}				
UI_20150317_000517	{@st41}Combine	{@st41}조합				
UI_20150317_000518	{@st43}Misiones{/}	{@st43}퀘스트{/}				
UI_20150317_000519	{@st59b}Misiones{nl}{@st59s} - Al aceptar una nueva misión, se añadirá al registro de misiones. {nl} - Las misiones principales se muestran en amarillo, mientras que las submisiones se muestran en azul. {nl} - La flecha que aparece a los pies del personaje indica la ubicación de la misión. {nl} - Al completar una misión, se muestra un icono de «Volver» en el registro de misiones. {nl}    (Teletransporta al PNJ de la misión usando la tecla Retroceso o haciendo clic con el botón central del ratón) {nl} - Añade o elimina misiones del registro marcando o desmarcando la casilla situada delante del nombre de la misión. {/}	{@st59b}퀘스트{nl}{@st59s} - 퀘스트 획득시 퀘스트 알리미에 등록{nl} - 메인퀘스트는 노란색, 서브퀘스트는 파란색 표시{nl} - 캐릭터 발 밑의 화살표로 퀘스트 위치를 표시{nl} - 퀘스트 완료시 퀘스트 알리미에 돌아가기 아이콘 표시{nl}  (백스페이스나 마우스 클릭으로 완료 NPC로 순간이동){nl} - 퀘스트 알리미에 등록/해제시 퀘스트 이름 앞 체크 선택{/}				
UI_20150317_000520	{@st41b}En progreso{/}	{@st41b}  진행  {/}				
UI_20150317_000521	{@st41b}Abandoned{/}	{@st41b}  포기  {/}				
UI_20150317_000522	{@st43}{s22}Información de misión{/}	{@st43}{s22}퀘스트 정보{/}				
UI_20150317_000523	Mission Completo	임무 완료				
UI_20150317_000524	{@st41}Completo{/}	{@st41}완료{/}				
UI_20150317_000525	Información del progreso de la misión	임무 진행 정보				
UI_20150317_000526	{s18}{ol}Información de misión	{s18}{ol}퀘스트 정보				
UI_20150317_000527	{s16}Tiempo restante	{s16}남은 시간				
UI_20150317_000528	Usar misión objeto	퀘스트 아이템 사용				
UI_20150317_000529	Pista de misión	퀘스트 힌트				
UI_20150317_000530	{@st41}Confirmar{/}	{@st41}확인{/}				
UI_20150317_000531	{@st43}{s22}Misión completada{/}	{@st43}{s22}퀘스트 완료{/}				
UI_20150317_000532	{@st41b}Completo{/}	{@st41b}완료{/}				
UI_20150317_000533	{@st41}Aceptar{/}	{@st41}수락{/}				
UI_20150317_000534	{@st41}Decline{/}	{@st41}거절{/}				
UI_20150317_000535	{@st44}Go Back{/}	{@st44}돌아가기{/}				
UI_20150317_000536	¿A qué misión quieres volver?	어떤 퀘스트로 돌아가시겠습니까?				
UI_20150317_000537	{@st41b}Misión clase nombre{/}	{@st41b}퀘스트 클래스 네임{/}				
UI_20150317_000538	{@st59}Expand Slots{/}	{@st59}슬롯을 확장합니다{/}				
UI_20150317_000539	{@st59}Reduce Slots{/}	{@st59}슬롯을 축소합니다{/}				
UI_20150317_000540	{@st59}Invocar compañero.{/}	{@st59}컴패니언을 소환합니다.{/}				
UI_20150317_000541	{@st44}Menu{/}	{@st44}메뉴{/}				
UI_20150317_000542	{@st60}Personaje Selección{/}	{@st60}캐릭터선택{/}				
UI_20150317_000543	{@st60}Cerrar sesión{/}	{@st60}로그아웃{/}				
UI_20150317_000544	{@st60}Salir partida{/}	{@st60}게임종료{/}				
UI_20150317_000545	{@st60}Configuración del juego{/}	{@st60}게임설정{/}				
UI_20150317_000546	{@st60}Go Back{/}	{@st60}돌아가기{/}				
UI_20150317_000547	{@st41}Skip Tutorial{/}	{@st41}튜토리얼 건너뛰기{/}				
UI_20150317_000548	{@st41}Personaje Selección{/}	{@st41}캐릭터 선택{/}				
UI_20150317_000549	{@st41}Cerrar sesión{/}	{@st41}로그아웃{/}				
UI_20150317_000550	{@st41}Salir partida{/}	{@st41}게임 종료{/}				
UI_20150317_000551	{@st41}Go Back{/}	{@st41}돌아가기{/}				
UI_20150317_000552	{@st43}{s22}Gather para el raid!	{@st43}{s22}레이드 소집!				
UI_20150317_000553	{@st41b}Monstruos son approaching el outskirts del ciudad castle. solo puedes detener them.	{@st41b}도시 외곽 성곽에 몬스터들이 몰려들고 있습니다. 당신만이 문제를 해결할 수 있습니다.				
UI_20150317_000554	{@st43}{s22}Configuración del juego{/}	{@st43}{s22}게임설정{/}				
UI_20150317_000555	{@sti7}Buscando un grupo de incursión...{/}	{@sti7}레이드파티 검색중..{/}				
UI_20150317_000556	{@st41b}Cancelar participación	{@st41b}참가 취소				
UI_20150317_000557	{@st41b}Haré algo al respecto.{/}	{@st41b}제가 해결해보겠습니다!				
UI_20150317_000558	{@st41b}No creo que pueda ayudarte esta vez...{/}	{@st41b}저는 힘들 것 같아요...				
UI_20150317_000559	{@sti7}{s24}Selecciona Raid Recompensas{/}	{@sti7}{s24}레이드 보상 선택{/}				
UI_20150317_000560	{@st42b}Restante tiempo {@st43}%s{@st42b} segundos{/}	{@st42b}남은 시간 {@st43}%s{@st42b} 초{/}				
UI_20150317_000561	{@st41b}Increase el número de Seleccións	{@st41b}선택 횟수 늘리기				
UI_20150317_000562	{@43b}{s22} No. de veces Seleccionarable : {@st43}%s{/}	{@43b}{s22}선택 가능 횟수 : {@st43}%s{/}				
UI_20150317_000563	shadow_cuadro tentativeremoval	shadow_box 잠정제거				
UI_20150317_000564	{@st43}Clasificación{/}	{@st43}랭킹{/}				
UI_20150317_000565	{@st59}Cerrar{/}	{@st59}랭킹창을 닫습니다{/}				
UI_20150317_000566	{@st41}Los 100 mejores cazadores de monstruos{/}	{@st41}몬스터 킬 Top 100{/}				
UI_20150317_000567	{@st41}Daño superior 100{/}	{@st41}데미지 Top 100{/}				
UI_20150317_000568	{@st41}Money Money superior 100{/}	{@st41}머니머니 Top 100{/}				
UI_20150317_000569	{@st41}Nivel Up superior 100{/}	{@st41}레벨업 Top 100{/}				
UI_20150317_000570	{@st41b}Menu{/}	{@st41b}메뉴{/}				
UI_20150317_000571	{@st43}{s22}mejorar Objeto{/}	{@st43}{s22}아이템 강화{/}				
UI_20150317_000572	{@st41b}Seleccionared Objeto	{@st41b}대상 아이템				
UI_20150317_000573	{@st41b}Anvil	{@st41b}모루				
UI_20150317_000574	{@st41}{s20}Anvil Hit cantidad :{@st43} %s	{@st41}{s20}모루 타격 횟수 :{@st43} %s				
UI_20150317_000575	{@st41} {s20}Precio : %s	{@st41}{s20}강화 가격 : %s				
UI_20150317_000576	{@st41b}Mejorar{/}	{@st41b}강화 시작{/}				
UI_20150317_000577	{@st59}Iniciar Objeto Enhancement{/}	{@st59}아이템 강화를 시작합니다.{/}				
UI_20150317_000578	{@st59}Cerrar{/}	{@st59}강화를 닫습니다{/}				
UI_20150317_000579	{@st41b}              mejorar con el {@sti9}×%s{/} seleccionado objetos?{/}	{@st41b}선택한 {@sti9}%s개{/} 아이템으로 강화하시겠습니까?{/}				
UI_20150317_000580	{@st43}Enhancement	{@st43}강화				
UI_20150317_000581	{@st44}Mejorar Objeto{/}	{@st44}아이템 강화{/}				
UI_20150317_000582	{s24}{b}{#000000}Enhancement Completo!	{s24}{b}{#000000}강화 완료!				
UI_20150317_000583	{@st41}Mejorar Again{/}	{@st41}재강화{/}				
UI_20150317_000584	{@st41}Cerrar{/}	{@st41}닫기{/}				
UI_20150317_000585	{s18}{ol}{gr gradation1}Reparar Equipo{/}	{s18}{ol}{gr gradation1}장비 수리{/}				
UI_20150317_000586	equipado Equipo	  착용장비  				
UI_20150317_000587	Equipo en el Inventario	  소지장비  				
UI_20150317_000588	{Gr gradation1}Selecciona Todos{/}	{gr gradation1}전체선택{/}				
UI_20150317_000589	Selecciona Todos	전체선택				
UI_20150317_000590	{Gr gradation1}Reparar{/}	{gr gradation1}수리{/}				
UI_20150317_000591	{@st43}Reparar{/}	{@st43}수리{/}				
UI_20150317_000592	Lista de Repararable objetos	수리 필요 아이템 목록				
UI_20150317_000593	{@st41b}Costo de reparación{/}	{@st41b}수리 비용{/}				
UI_20150317_000594	{@st41b}Restante Cantidad{/}	{@st41b}예상 잔액{/}				
UI_20150317_000595	{@st41b}Reparar{/}	{@st41b}장비 수리{/}				
UI_20150317_000596	Reparar el seleccionado equipo.	선택한 장비를 수리합니다.				
UI_20150317_000597	{@st59}Cerrar Objeto Reparar{/}	{@st59}아이템 정비를 닫습니다{/}				
UI_20150317_000598	{@st43}Objeto ReInformaciónrcing{/}	{@st43}아이템 정비{/}				
UI_20150317_000599	{@st41}Lista de reInformaciónrceable objetos{/}	{@st41}정비 필요 아이템 목록{/}				
UI_20150317_000600	{@st44}ReInformaciónrce el Objeto{/}	{@st44}아이템 정비{/}				
UI_20150317_000601	{@st42}ReInformaciónrce{/}	{@st42}정비{/}				
UI_20150317_000602	{@st59}ReInformaciónrce con el actual configuración{/}	{@st59}현재 내용으로 정비합니다.{/}				
UI_20150317_000603	{@st59}Do no ReInformaciónrce{/}	{@st59}정비하지 않습니다.{/}				
UI_20150317_000604	{@st44}Resume{/}	{@st44}재시작{/}				
UI_20150317_000605	{@st41b}Tienes convertirse {/}{s20}{#cc6600}{ol} incapacitated{/}{@st41b}{/}	{@st41b}당신은 {/}{s20}{#cc6600}{ol}전투 불능 {/}{@st41b}상태가 되었습니다!{/}				
UI_20150317_000606	{@st41b}Respawn en el nearest Revival punto{/}	{@st41b}가까운 부활지점에서 다시하기{/}				
UI_20150317_000607	{@st41b}Respawn aquí (requiere %s TPs) {/}	{@st41b}제자리에서 다시하기(NXP %s개 필요){/}				
UI_20150317_000608	{@st41b}Volver al campo{/}	{@st41b}필드로 복귀하기{/}				
UI_20150317_000609	{@st41b}Abandonar misión y reiniciar{/}	{@st41b}퀘스트 포기 후 재시작하기{/}				
UI_20150317_000610	{@st41b}Try de nuevo{/}	{@st41b}재도전{/}				
UI_20150317_000611	Sanctuary de Resurrection (70031)	부활의 성소(70031)				
UI_20150317_000612	Falta el objeto necesario.	아이템이 필요합니다.				
UI_20150317_000613	Descanso de acceso rápido	휴식 퀵슬롯				
UI_20150317_000614	{@st43}Dialog caja{/}	{@st43}말풍선{/}				
UI_20150317_000615	Temporary Nombre	임시이름				
UI_20150317_000616	{@st41b} {s18} Insufficient Inventario Space 	{@st41b}{s18}인벤토리 공간 부족				
UI_20150317_000617	No puedes obtener el objeto porque tu inventario está lleno.{nl}Libera espacio en tu inventario antes de continuar.	인벤토리가 가득 차서 아이템을 획득할 수 없습니다.{nl}인벤토리를 정리해 주세요.				
UI_20150317_000618	{@st44}Configurar Objeto adquirido!{/}	{@st44}세트 아이템 획득!{/}				
UI_20150317_000619	Por favor seleccionar un objeto	아이템을 선택해주세요				
UI_20150317_000620	{@st59b}Tienda{nl} {@st59s} - Haz clic derecho e introduce la cantidad para comprar varios objetos. {nl} - Haz doble clic derecho para vender toda la pila de objetos. {/}	{@st59b}상점{nl}{@st59s} - 아이템을 대량 구입하려면 마우스 우클릭 후 갯수 입력{nl} - 아이템을 전량 판매하려면 마우스 더블 우클릭으로 이용{/}				
UI_20150317_000621	{@st59}Cerrar{/}	{@st59}상점을 닫습니다{/}				
UI_20150317_000622	{@st59}First página{/}	{@st59}처음 페이지{/}				
UI_20150317_000623	{@st59}Página siguiente{/}	{@st59}다음 페이지{/}				
UI_20150317_000624	{@st59}Último página{/}	{@st59}마지막 페이지{/}				
UI_20150317_000625	{@st41b}Restablecer{/}	{@st41b}비우기{/}				
UI_20150317_000626	{@st59}Restablecer carrito de compras{/}	{@st59}장바구니를 비웁니다{/}				
UI_20150317_000627	{@st41b}Confirmar{/}	{@st41b}정산{/}				
UI_20150317_000628	{@st59}Confirmar Transaction{/}	{@st59}거래를 결정합니다{/}				
UI_20150317_000629	{@st43}Tienda{/}	{@st43}상점{/}				
UI_20150317_000630	{@st41b}Objetos Bought{/}	{@st41b}구입 아이템{/}				
UI_20150317_000631	{@st41b}Objetos vendidos{/}	{@st41b}판매 아이템{/}				
UI_20150317_000632	{@st41b}Precio{/}	{@st41b}거래 정산 ▶{/}				
UI_20150317_000633	{@st41b}Balance{/}	{@st41b}예상 잔액 ▶{/}				
UI_20150317_000634	{@st41b}My Sold objetos{/}	{@st41b}내가 판매한 아이템{/}				
UI_20150317_000635	{@st41}Empty espacios{/}	{@st41}슬롯 비우기{/}				
UI_20150317_000636	{@st43}Total{/}	{@st43}정산{/}				
UI_20150317_000637	{@st41}Settle Transaction{/}	{@st41}거래 정산{/}				
UI_20150317_000638	{@st41}Después de la transacción{/}	{@st41}예상 잔액{/}				
UI_20150317_000639	{@st41}Objetos comprado{/}	{@st41}구입 아이템{/}				
UI_20150317_000640	{@sti1c}Simony	{@sti1c}시모니				
UI_20150317_000641	{@st41}Fabricación Habilidades	{@st41}제작 스킬				
UI_20150317_000642	{@st42}Nivel %s{/}	{@st42}레벨 %s{/}				
UI_20150317_000643	Fabricación Coste	제작 비용				
UI_20150317_000644	Fabricación Qty	제작 갯수				
UI_20150317_000645	Approximately %s segundos necesario	약 %s초 소요				
UI_20150317_000646	{@st41}Fabricar	{@st41}만들기				
UI_20150317_000647	{@st43}Habilidades & atributos{/}	{@st43}클래스 스킬과 특성{/}				
UI_20150317_000648	{@st59}Cerrar Clases & Habilidades{/}	{@st59}클래스와 스킬을 닫습니다{/}				
UI_20150317_000649	{@st59b}Clases{nl}{@st59s}- Puedes aprender nuevas habilidades al aumentar el círculo de tu clase. {nl} - Puedes elegir entre 3 clases disponibles para avanzar de tu primer a tu segundo avance. {nl} - Puedes avanzar a la misma clase hasta 3 veces. {nl} - Una vez que avances a otra clase, no podrás volver a tu clase anterior. {nl} - Debes gastar todos tus puntos de habilidad para poder avanzar. {nl} - Puedes elegir la misma clase.{nl}{@st59b}Habilidades{nl}{@st59s} - Puedes aumentar el nivel de cada habilidad hasta el nivel 5. {nl} - Los atributos aprendidos de tus maestros pueden verse debajo de tus habilidades. {/}	{@st59b}클래스{nl}{@st59s} - 클래스의 서클을 성장시켜 해당 클래스의 스킬을 습득{nl} - 1차 직업에서 2차 직업로 전직할 경우 3개 클래스 선택 가능{nl} -  동일한 직업으로 총 3회까지 전직 가능{nl} -  다른 직업으로 전직 시 이전 직업은 전직 불가{nl} -  스킬포인트 모두 소비 시 전직 가능{nl} - 동일한 클래스도 선택 가능{nl}{@st59b}스킬{nl}{@st59s} - 각  랭크별 스킬은 최대 5레벨 증가 가능{nl} - 마스터에게 배운 특성은 스킬 하단에서 확인 가능{/}				
UI_20150317_000650	{@st41b}Aplicar{/}	{@st41b}적용{/}				
UI_20150317_000651	{@st59}Aplicar{/}	{@st59}스킬 포인트를 적용합니다{/}				
UI_20150317_000652	Clérigo	큘레릭				
UI_20150317_000653	{@st59}Cancelar{/}	{@st59}포인트 배분을 취소합니다{/}				
UI_20150317_000654	Aprendering {#ff4400}%s (Nv. %s){/}...	{#ff4400}%s (%s레벨){/} 학습 중..				
UI_20150317_000655	Psychohassle	싸이코해승				
UI_20150317_000656	%s minuto(s) izquierda	%s분 남음				
UI_20150317_000657	{@st43}Pose{/}	{@st43}포즈{/}				
UI_20150317_000658	{@st59}Cerrar{/}	{@st59}포즈를 닫습니다{/}				
UI_20150317_000659	{@st41}Board{/}	{@st41}게시판{/}				
UI_20150317_000660	{@st41}Trade{/}	{@st41}거래{/}				
UI_20150317_000661	{@st41}Social Functions{/}	{@st41}사회기능{/}				
UI_20150317_000662	{@st41b}Write{/}	{@st41b}글쓰기{/}				
UI_20150317_000663	{@st41}Registrar{/}	{@st41}등록{/}				
UI_20150317_000664	{@st59}Registrar Post{/}	{@st59}글을 등록합니다{/}				
UI_20150317_000665	{@st41}Iniciar MyPage{/}	{@st41}마이페이지 시작{/}				
UI_20150317_000666	{@st59}Publish MyPage{/}	{@st59}마이페이지를 외부에 게시합니다{/}				
UI_20150317_000667	{@st59}Registrar Greetings{/}	{@st59}안부를 등록합니다{/}				
UI_20150317_000668	{@st41b}1. Menu{/}	{@st41b}1. 메뉴{/}				
UI_20150317_000669	{@st41}Visitar{/}	{@st41}방문{/}				
UI_20150317_000670	{@st59}Visitar mi página{/}	{@st59}마이페이지를 방문합니다{/}				
UI_20150317_000671	{@st41}Vender{/}	{@st41}판매{/}				
UI_20150317_000672	{@st59}Vender Objeto{/}	{@st59}아이템을 판매 합니다{/}				
UI_20150317_000673	{@st43}Living{/}	{@st43}생 활{/}				
UI_20150317_000674	{@st59}Cerrar{/}	{@st59}생활을 닫습니다{/}				
UI_20150317_000675	{@st41}Ver Todos{/}	{@st41}모두 보기{/}				
UI_20150317_000676	{@st41}Crear Mapa{/}	{@st41}맵 만들기{/}				
UI_20150317_000677	{@st41}%s/mín. (%s en mano){/}	{@st41}%s/분 (%s 보유){/}				
UI_20150317_000678	Guerrero del teclado	키보드워리어				
UI_20150317_000679	{@st42}%s{/}{@st42_yellow}Nivel{/}	{@st42}%s{/}{@st42_yellow}레벨{/}				
UI_20150317_000680	{@st41_yellow}Tiempo de empleo	{@st41_yellow}고용시간				
UI_20150317_000681	{@st43}Graffiti{/}	{@st43}그래피티{/}				
UI_20150317_000682	{@st59}Cerrar{/}	{@st59}스프레이를 닫습니다{/}				
UI_20150317_000683	{@st41b}Consejo: Dibuja una imagen en el marco de abajo{/}	{@st41b}Tip : 아래 액자내에 그림을 그립니다.{/}				
UI_20150317_000684	{@st41b}Colors{/}	{@st41b}색상{/}				
UI_20150317_000685	{@st41b}Cantidad{/}	{@st41b}수량{/}				
UI_20150317_000686	{@st41b}Pincel{/}	{@st41b}브러쉬{/}				
UI_20150317_000687	{@st43}Dibujar{/}	{@st43}그리기{/}				
UI_20150317_000688	{@st59}Dibujar el Completada imagen en el ground.{/}	{@st59}완성한 그림을 바닥에 그립니다.{/}				
UI_20150317_000689	{@st41b}{a SAVE_EDIT_SPRAY}Guardar{/}{/}	{@st41b}{a SAVE_EDIT_SPRAY}저장{/}{/}				
UI_20150317_000690	{@st59}Guardar drawings{/}	{@st59}그리고 있는 그림을 저장합니다.{/}				
UI_20150317_000691	{@st41b}{a LOAD_EDIT_SPRAY}Cargar{/}{/}	{@st41b}{a LOAD_EDIT_SPRAY}불러오기{/}{/}				
UI_20150317_000692	{@st59}Carga las imágenes dibujadas anteriormente.{/}	{@st59}그렸던 그림을 불러옵니다.{/}				
UI_20150317_000693	{@st59}Seleccionared color 1{/}	{@st59}선택한 색상1{/}				
UI_20150317_000694	{@st59}Seleccionared color 2{/}	{@st59}선택한 색상2{/}				
UI_20150317_000695	{@st59}Color Lista{/}	{@st59}색상 목록{/}				
UI_20150317_000696	{@st59}Seleccionared pincel{/}	{@st59}선택한 브러시{/}				
UI_20150317_000697	{@st59}Pincel 1{/}	{@st59}브러시 1{/}				
UI_20150317_000698	{@st59}Pincel 2{/}	{@st59}브러시 2{/}				
UI_20150317_000699	{@st59}Pincel 3{/}	{@st59}브러시 3{/}				
UI_20150317_000700	{@st59}Pincel 4{/}	{@st59}브러시 4{/}				
UI_20150317_000701	{@st59}Pincel 5{/}	{@st59}브러시 5{/}				
UI_20150317_000702	{@st59}Pincel 6{/}	{@st59}브러시 6{/}				
UI_20150317_000703	{@st49}People who como este{/}	{@st49}좋아하는 사람들{/}				
UI_20150317_000704	{s20}{#050505}Describe whatever	{s20}{#050505}뭐가되었든 설명				
UI_20150317_000705	{@st41} Todos {/}	{@st41} 전체 {/}				
UI_20150317_000706	{@st41} Grupo {/}	{@st41} 파티 {/}				
UI_20150317_000707	{@st41} Monstruo {/}	{@st41} 몬스터 {/}				
UI_20150317_000708	{@st41b}{#f0dcaa}Restante estado Puntos ▶ {@st46}%s	{@st41b}{#f0dcaa}남은 스테이터스 포인트 ▶ {@st46}%s				
UI_20150317_000709	{@st59b}Mi información{nl}{@st59s}- Estado: usa los puntos obtenidos al subir de nivel para mejorar los 5 atributos de estado. {nl}- Información: datos de tu personaje basados en su estado y equipo actuales. {nl}- Título: puedes obtener títulos al completar logros. {nl} {/}	{@st59b}내 정보{nl}{@st59s} - 스테이터스 : 레벨업으로 얻은 포인트를 사용해서 5가지 능력 강화{nl} - 정보 : 아이템 및 스테이터스 능력치에 따른 캐릭터 능력치 정보{nl} - 칭호 : 업적을 완료했을때 습득가능한 칭호{nl}{/}				
UI_20150317_000710	{@st41b}Información{/}	{@st41b}정보{/}				
UI_20150317_000711	{@st41b}Título{/}	{@st41b}칭호{/}				
UI_20150317_000712	Mostrar Clase	직업 출력				
UI_20150317_000713	Mostrar Nombre del personaje	캐릭터 이름 출력				
UI_20150317_000714	{@st59}Cambiar Nombre del personaje{/}	{@st59}캐릭터 이름을 수정합니다{/}				
UI_20150317_000715	{@st41b}Aplicar	{@st41b}적용				
UI_20150317_000716	{@st59}Aplicar{/}	{@st59}스테이터스 분배를 적용합니다{/}				
UI_20150317_000717	{@st41b}Cancelar	{@st41b}취소				
UI_20150317_000718	{@st59}Cancelar{/}	{@st59}스테이터스 분배를 취소합니다{/}				
UI_20150317_000719	PC Nombre	PC이름				
UI_20150317_000720	{@st41_yellow}Nivel: {@st41}%s{/}	{@st41_yellow}레벨: {@st41}%s{/}				
UI_20150317_000721	{@st41_yellow}Mercenary Habilidades	{@st41_yellow}용병 스킬				
UI_20150317_000722	{@st43}Ataque efectos{/}	{@st43}공격 효과{/}				
UI_20150317_000723	{@st43}Defensa efectos{/}	{@st43}방어 효과{/}				
UI_20150317_000724	{@st43}Atributo{/}	{@st43}스탯{/}				
UI_20150317_000725	systemmenu_vertical tentative removal	systemmenu_vertical 잠정제거				
UI_20150317_000726	{@st59}Personaje Información (F1){/}	{@st59}캐릭터 정보 (F1){/}				
UI_20150317_000727	{@st59}Inventario (F2){/}	{@st59}인벤토리 (F2){/}				
UI_20150317_000728	{@st59}Clases & Habilidades (F3){/}	{@st59}클래스와 스킬 (F3){/}				
UI_20150317_000729	{@st59}Diario de aventuras (F4){/}	{@st59}모험일지 (F4){/}				
UI_20150317_000730	{@st59}Misiones (F5){/}	{@st59}퀘스트 (F5){/}				
UI_20150317_000731	{@st59}Grupo (F6){/}	{@st59}파티 (F6){/}				
UI_20150317_000732	{@st59}Amigos (F7){/}	{@st59}친구 (F7){/}				
UI_20150317_000733	{@st59}Macro (F8) {/}	{@st59}매크로 (F8){/}				
UI_20150317_000734	{@st59}Compañero (F9) {/}	{@st59}컴패니언 (F9){/}				
UI_20150317_000735	{@st59}Ayuda (F10) {/}	{@st59}도움말 (F10){/}				
UI_20150317_000736	{@st59}Sistema Menu (Esc){/}	{@st59}시스템 메뉴 (Esc){/}				
UI_20150317_000737	{@st59}Necronomicon{/}	{@st59}네크로노미콘{/}				
UI_20150317_000738	ayuda (F1)	도움말(F1)				
UI_20150317_000739	Contenido	내용				
UI_20150317_000740	ver detalles	상세보기				
UI_20150317_000741	{@st43}Configuración del juego{/}	{@st43}게임 설정{/}				
UI_20150317_000742	{@st43}Partida{/}	{@st43}게임{/}				
UI_20150317_000743	{@st41b}Mostrar Gained EXP{/}	{@st41b}경험치 획득량 표기{/}				
UI_20150317_000744	{@st41b}Mostrar Nombre del personaje{/}	{@st41b}캐릭터 이름 보기{/}				
UI_20150317_000745	{@st41b}Mostrar Nombre del equipo solo{/}	{@st41b}팀 이름만 표시{/}				
UI_20150317_000746	{@st41b}Mostrar Misión Guide{/}	{@st41b}퀘스트 가이드 표시{/}				
UI_20150317_000747	{@st43}Resolución{/}	{@st43}화면{/}				
UI_20150317_000748	{@st43}Gráficos{/}	{@st43}그래픽{/}				
UI_20150317_000749	{@st41b}Pantalla completa{/}	{@st41b}전체 화면{/}				
UI_20150317_000750	{@st41b}Modo ventana{/}	{@st41b}창모드{/}				
UI_20150317_000751	{@st43}Sonido{/}	{@st43}사운드{/}				
UI_20150317_000752	{@st41b}Sonido efectos volumen (%s){/}	{@st41b}효과음 크기 (%s){/}				
UI_20150317_000753	{@st41b}BGM volumen (%s){/}	{@st41b}음악 크기 (%s){/}				
UI_20150317_000754	{@st41b}Volumen (%s){/}	{@st41b}사운드 전체 크기 (%s){/}				
UI_20150317_000755	{@st43}{b}Selecciona idioma{/}	{@st43}언어 선택{/}				
UI_20150317_000756	{@st59}Cerrar{/}	{@st59}게임 설정창을 닫습니다{/}				
UI_20150317_000757	{@st41b}Modo de requisitos mínimos {/}	{@st41b}최저 사양 모드{/}				
UI_20150317_000758	{@st41b}Ver{/}	{@st41b}보기{/}				
UI_20150317_000759	{@st59}Créditos{/}	{@st59}만든 사람들{/}				
UI_20150317_000760	Objetivo objeto ventana	타겟버프창				
UI_20150317_000761	{@st46}IMC's imagen	{@st46}IMC님의 그림				
UI_20150317_000762	{@st46}%s's imagen	{@st46}%s님의 그림				
UI_20150317_000763	{@st46}Me gusta	{@st46}좋아요				
UI_20150317_000764	{@st46}Informe	{@st46}신고				
UI_20150317_000765	{@st46}Usar conservantes	{@st46}보존제 사용				
UI_20150317_000766	{@st46}Eliminar imagen	{@st46}그림 제거				
UI_20150317_000767	Alucinación nevada	스노우할레이션				
UI_20150317_000768	Ramo	꽃다발				
UI_20150317_000769	{@st41} Regalos	{@st41}선물				
UI_20150317_000770	Introduce una cantidad	개수를 입력하세요.				
UI_20150317_000771	{@st53b}%s victorias %s derrotas	{@st53b}%s 승 %s 패				
UI_20150317_000772	{@st42}Calendario de hoy	{@st42}오늘의 스케쥴				
UI_20150317_000773	{@st53}Hasta iniciar :	{@st53}시작까지 :				
UI_20150317_000774	{@st53b}Regalos recibidos: ×%s	{@st53b}받은선물 : %s개				
UI_20150317_000775	{@st43b}Enviar regalo a %s{/}	{@st43b}%s님에게 선물{/}				
UI_20150317_000776	{@st55_a}Siguiente partida	{@st55_a}다음 경기				
UI_20150317_000777	{@st53}- Haz clic en el nombre para observarlo{nl}- Haz clic derecho para enviar un regalo	{@st53}- 이름을 클릭하여 관전 가능{nl}- 우 클릭으로 선물가능				
UI_20150317_000778	Centrar la cámara en mi personaje	카메라를 나의 캐릭터로				
UI_20150317_000779	{@st55_a}¡Felicidades!	{@st55_a}우승을 축하드립니다!				
UI_20150317_000780	{@st42}Cambiar cámara	{@st42}카메라 전환				
UI_20150317_000781	{@st44}Diario de aventuras{/}	{@st44}모험일지{/}				
UI_20150317_000782	{@st59}Cambiar ver Configuración{/}	{@st59}표시 방식을 변경합니다{/}				
UI_20150317_000783	{@st41}Estadísticas {/}	{@st41} 통계 {/}				
UI_20150317_000784	{@st41}Fabricación {/}	{@st41} 제조 {/}				
UI_20150317_000785	{@st41}Caza {/}	{@st41} 사냥 {/}				
UI_20150317_000786	{@st41}Ayuda {/}	{@st41} 도움말 {/}				
UI_20150317_000787	{@st44}Wiki página{/}	{@st44}위키페이지{/}				
UI_20150317_000788	{@st42}Información{/}	{@st42}정보{/}				
UI_20150317_000789	{@st42}Detalles{/}	{@st42}상세{/}				
UI_20150317_000790	{@st42}Combate{/}	{@st42}전투{/}				
UI_20150317_000791	{@st42}Obtener{/}	{@st42}획득{/}				
UI_20150317_000792	{@st59}Cerrar página{/}	{@st59}페이지를 닫습니다{/}				
UI_20150317_000793	{@st43}Campo de batalla	{@st43}배틀 필드				
UI_20150317_000794	{@st59}Cerrar campo de batalla.	{@st59}배틀 필드를 닫습니다.				
UI_20150317_000795	(Bronze 3)	(브론즈 3)				
UI_20150317_000796	{@sti8}Puntos acquirable hoy : {nl}%s{/}	{@sti8}오늘의 획득가능 점수 : {nl}%s{/}				
UI_20150317_000797	{@st41}Tienda de puntos	{@st41}포인트샵				
UI_20150317_000798	{@st41}Clasificación	{@st41}랭킹				
UI_20150317_000799	{@st42}Calendario del campo de batalla	{@st42}배틀 필드 일정				
UI_20150317_000800	{@st42}Registros recientes	{@st42}최근 전적				
UI_20150317_000801	{@st41}Recibir EXP	{@st41}경험치 받기				
UI_20150317_000802	{@st41}PvP página	{@st41}PVP페이지				
UI_20150317_000803	{@st41}Buscar	{@st41}검색				
UI_20150317_000804	{@st43}Clasificación del campo de batalla	{@st43}배틀 필드 랭킹				
UI_20150317_000805	{@st59}Cerrar clasificación del campo de batalla	{@st59}배틀 필드랭킹을 닫습니다.				
UI_20150317_000806	{@st56}Habilidad Nombre{/}	{@st56}스킬이름{/}				
UI_20150317_000807	{@st41}Comprobar coordinates{/}	{@st41}좌표 확인{/}				
UI_20150317_000808	{@st41}Buscar{/}	{@st41}찾아가기{/}				
UI_20150317_000809	{@st42b}Administrar monstruo regen{/}	{@st42b}몬젠 관리{/}				
UI_20150317_000810	{@st42b}Lista de monstruosa{/}	{@st42b}몬스터 리스트{/}				
UI_20150317_000811	{@st42b}Crear UI{/}	{@st42b}UI 제작{/}				
UI_20150317_000812	{@st42b}Niebla del Mapa{/}	{@st42b}맵 포그{/}				
UI_20150317_000813	{@st42b}Crear Mapa{/}	{@st42b}맵 제작{/}				
UI_20150317_000814	{@st42b}Crear MiniMapa{/}	{@st42b}미니맵 제작{/}				
UI_20150317_000815	{@st42b}Dialog {/}	{@st42b}다이얼로그 {/}				
UI_20150317_000816	{@st42b}Cambiar Misión Recompensas{/}	{@st42b}퀘스트 보상 수정{/}				
UI_20150317_000817	{@st42b}Grupo regen{/}	{@st42b}그룹젠{/}				
UI_20150317_000818	{@st42b}Configurar Mapa ubicación{/}	{@st42b}맵 위치지정{/}				
UI_20150317_000819	{@st42b}Habilidades Mapa{/}	{@st42b}스킬맵{/}				
UI_20150317_000820	{@st42b}Lista de Eventos{/}	{@st42b}이벤트 목록{/}				
UI_20150317_000821	{@st42b}Comprobar coordinates{/}	{@st42b}좌표 확인{/}				
UI_20150317_000822	{@st42b} comprobar XAC, texture path{/}	{@st42b}XAC,텍스쳐경로확인{/}				
UI_20150317_000823	{@st42b}Rendimiento ACTIVADO/DESACTIVADO{/}	{@st42b}퍼포먼스ONOFF{/}				
UI_20150317_000824	Dialog lista	대사 리스트				
UI_20150317_000825	Buscar	검색.				
UI_20150317_000826	{@st41}Vista previa{/}	{@st41}미리보기{/}				
UI_20150317_000827	{@st41}Desactivado{/}	{@st41}끄기{/}				
UI_20150317_000828	{@st41}Eliminar{/}	{@st41}제거{/}				
UI_20150317_000829	{@st41}Guardar todos{/}	{@st41}모두저장{/}				
UI_20150317_000830	{@st41}Aplicar imagen{/}	{@st41}그림적용{/}				
UI_20150317_000831	{#FFFFFF}{ds}Selecciona Evento	 {#FFFFFF}{ds}이벤트선택				
UI_20150317_000832	{#FFFFFF}{ds}Editar evento	 {#FFFFFF}{ds}이벤트편집				
UI_20150317_000833	{ol}Lista	{ol}리스트				
UI_20150317_000834	El nombre del grupo que se guardará	저장할 그룹의 이름				
UI_20150317_000835	{@st42}Crear nuevo{/}	{@st42}새로만들기{/}				
UI_20150317_000836	{@st41}Grupo regen{/}	{@st41}그룹젠{/}				
UI_20150317_000837	{@st59}Introduce el nombre del monstruo que quieres buscar{/}	{@st59}검색할 몬스터의 이름을 입력합니다{/}				
UI_20150317_000838	{@st59}Introduce el nombre del grupo que quieres guardar{/}	{@st59}저장할 그룹의 이름을 입력합니다{/}				
UI_20150317_000839	{@st41}Nuevo grupo{/}	{@st41}새 그룹{/}				
UI_20150317_000840	Filtrado	필터링				
UI_20150317_000841	{@st59}Introduce filter{/}	{@st59}필터를 입력합니다{/}				
UI_20150317_000842	{ol}propiedad valor	{ol}속성 값				
UI_20150317_000843	Clase Lista	클래스리스트				
UI_20150317_000844	Aplicar a XML	XML에 적용				
UI_20150317_000845	{#FFFFFF}{ds}Log	 {#FFFFFF}{ds}로그				
UI_20150317_000846	{#FFFFFF}{ds}ver todos properties	 {#FFFFFF}{ds}모든속성보기 				
UI_20150317_000847	Introduce una palabra clave para buscar	검색어를 입력합니다.				
UI_20150317_000848	Todos atributo values	모든 속성 값				
UI_20150317_000849	{ol}Nombre	{ol}이름				
UI_20150317_000850	{ol}valor	{ol}값				
UI_20150317_000851	Rogue	로그				
UI_20150317_000852	{ol}Revision	{ol}리비전				
UI_20150317_000853	{ol}Rogue	{ol}로그				
UI_20150317_000854	Clase lista	클래스 리스트				
UI_20150317_000855	XML Conversion	XML변환				
UI_20150317_000856	{ol}Clase nombre	{ol}클래스네임				
UI_20150317_000857	{ol}propiedad Nombre	{ol}속성이름				
UI_20150317_000858	{ol}Changed valor	{ol}변경값				
UI_20150317_000859	{ol}Aplicar	{ol}반영				
UI_20150317_000860	Abrir carpeta	폴더열기				
UI_20150317_000861	comprobar Todos	전체체크				
UI_20150317_000862	Historial	히스토리				
UI_20150317_000863	Revertir valor	값롤백				
UI_20150317_000864	{ol}Selecciona objeto	{ol}아이템 선택				
UI_20150317_000865	Introduce el nombre que quieres buscar	검색할 이름을 입력합니다.				
UI_20150317_000866	{@st42}Confirmar{/}	{@st42}확인{/}				
UI_20150317_000867	{@st41}Crear UI{/}	{@st41}UI 제작{/}				
UI_20150317_000868	{ol}Marco	{ol}프레임				
UI_20150317_000869	{@st41}Marco{/}	{@st41}프레임{/}				
UI_20150317_000870	{@st41}Botón{/}	{@st41}버튼{/}				
UI_20150317_000871	{@st41}Texto{/}	{@st41}텍스트{/}				
UI_20150317_000872	{@st42b}Normal{img btn_close}	{@st42b}일반{img btn_close}				
UI_20150317_000873	{@st42b}Subasta{img btn_close}	{@st42b}경매{img btn_close}				
UI_20150317_000874	{@st41}Configurar Mapa ubicación{/}	{@st41}맵 위치지정{/}				
UI_20150317_000875	{@st41}Renombrar{/}	{@st41}이름변경{/}				
UI_20150317_000876	{@st59}Introduce las palabras que quieres filtrar{/}	{@st59}필터링할 내용을 입력합니다{/}				
UI_20150317_000877	{@st41}Crear{/}	{@st41}만들기{/}				
UI_20150317_000878	{@st56}XML guardar{/}	{@st56}XML저장{/}				
UI_20150317_000879	{@st56}Restablecer{/}	{@st56}초기화{/}				
UI_20150317_000880	{@st56}Atributo{/}	{@st56}속성{/}				
UI_20150317_000881	{@st56}Valor{/}	{@st56}값{/}				
UI_20150317_000882	{@st42}Contenido{/}	{@st42}내용{/}				
UI_20150317_000883	{@st41}Deshacer{/}	{@st41}되돌리기{/}				
UI_20150317_000884	{@st41}Guardar todos{/}	{@st41}모두 저장{/}				
UI_20150317_000885	{@st41}Abrir XML{/}	{@st41}XML열기{/}				
UI_20150317_000886	{@st42b}Habilidad fija : 0{/}	{@st42b}고정스킬 : 0{/}				
UI_20150317_000887	{@st42b}Habilidad fija: %s{/}	{@st42b}고정스킬 : %s{/}				
UI_20150317_000888	{@st42b}MoUsar homing{/}	{@st42b}마우스호밍{/}				
UI_20150317_000889	{@st42b}Habilidad nombre{/}	{@st42b}스킬이름{/}				
UI_20150317_000890	{@st41}Lista de monstruosa{/}	{@st41}몬스터 리스트{/}				
UI_20150317_000891	{@st41}Performance Manager{/}	{@st41}퍼포먼스매니저{/}				
UI_20150317_000892	{ol}Selecciona Misión	{ol}퀘스트 선택				
UI_20150317_000893	Introduce el nombre de la misión que quieres buscar	검색할 퀘스트 이름을 입력합니다.				
UI_20150317_000894	{ol}Selecciona Mapa	{ol}맵 선택				
UI_20150317_000895	Introduce el nombre del mapa que quieres buscar	검색할 맵의 이름을 입력합니다.				
UI_20150317_000896	{@st42}Mapa actual{/}	{@st42}현재맵{/}				
UI_20150317_000897	{ol}Mapa nombre	{ol}맵이름				
UI_20150317_000898	{ol}Coordinates	{ol}좌표				
UI_20150317_000899	{@st41}Cambiar misión recompensas{/}	{@st41}퀘스트 보상 수정{/}				
UI_20150317_000900	{@st59}Introduce la misión que quieres buscar{/}	{@st59}검색할 퀘스트를 입력합니다{/}				
UI_20150317_000901	{@st59}Introduce el objeto que quieres buscar{/}	{@st59}검색할 아이템을 입력합니다{/}				
UI_20150317_000902	{@st42}EXP	{@st42}경험치				
UI_20150317_000903	{ol}básico recompensas	{ol}기본 보상				
UI_20150317_000904	{ol}Cantidad	{ol}갯수				
UI_20150317_000905	{ol}Añadiritional recompensas	{ol}추가 보상				
UI_20150317_000906	{@st45}Frequently usado cheats	{@st45}자주 사용한 치트				
UI_20150317_000907	{@st41}Habilidades Mapa{/}	{@st41}스킬맵{/}				
UI_20150317_000908	{@st42}Habilidad{/}	{@st42}어빌리티{/}				
UI_20150317_000909	{@st42}Guerrero{/}	{@st42}전사{/}				
UI_20150317_000910	{@st42}Mago{/}	{@st42}위저드{/}				
UI_20150317_000911	{@st42}Arquero{/}	{@st42}궁수{/}				
UI_20150317_000912	{@st42}Monje{/}	{@st42}몽크{/}				
UI_20150317_000913	{@st42}Hechicero{/}	{@st42}소서러{/}				
UI_20150317_000914	{@st41}Habilidad{/}	{@st41}스킬반{/}				
UI_20150317_000915	{@st59}Cargar XML{/}	{@st59}xml 로드{/}				
UI_20150317_000916	{@st41}Cargar{/}	{@st41}불러오기{/}				
UI_20150317_000917	{@st59}Guardar como XML{/}	{@st59}xml로 저장{/}				
UI_20150317_000918	{@st59}Restablecer Abrir Habilidad Mapa{/}	{@st59}열려있는 스킬맵 리셋{/}				
UI_20150317_000919	{@st41}Restablecer{/}	{@st41}리셋{/}				
UI_20150317_000920	{@st59}Restablecer todos Habilidad  Mapas{/}	{@st59}모든 스킬맵 리셋{/}				
UI_20150317_000921	{@st41}Restablecer Todos{/}	{@st41}모두리셋{/}				
UI_20150317_000922	{S18}Eliminar script	{s18}해제스크립트				
UI_20150317_000923	{S18}String argument	{s18}문자열 인자				
UI_20150317_000924	{s18}string 1 argument	{s18}숫자1 인자				
UI_20150317_000925	{s18}string 2 argument	{s18}숫자2 인자				
UI_20150317_000926	{s18}máx. habilidad nivel	{s18}스킬 최대 레벨				
UI_20150317_000927	{@st59}Eliminar script tipo caja{/}	{@st59}해제 스크립트 입력창{/}				
UI_20150317_000928	{@st59}Eliminar argumento del script{/}	{@st59}해제 스크립트 인자{/}				
UI_20150317_000929	{@st59}Máx. habilidad nivel{/}	{@st59}스킬 최대 레벨{/}				
UI_20150317_000930	{@st59}Guardar propiedad{/}	{@st59}속성 저장{/}				
UI_20150317_000931	{@st41}Guardar propiedad{/}	{@st41}속성 저장{/}				
UI_20150317_000932	{@st44}UI Lista{/}	{@st44}UI 목록{/}				
UI_20150317_000933	{ds}Añadiron Lista	{ds}에드온 목록				
UI_20150317_000934	{ds}Lista de marcos fijos	{ds}고정프레임 목록				
UI_20150317_000935	{@st42}UI lista{/}	{@st42}UI 목록{/}				
UI_20150317_000936	{@st59}Mostrar UI Lista{/}	{@st59}UI 목록을 보여준다{/}				
UI_20150317_000937	{@st42}Adjust ubicación{/}	{@st42}위치 조절{/}				
UI_20150317_000938	{@st59}Adjust ubicación{/}	{@st59}위치조절{/}				
UI_20150317_000939	{@st42}Edit propiedad{/}	{@st42}속성 편집{/}				
UI_20150317_000940	{@st59}Edit propiedad{/}	{@st59}속성편집{/}				
UI_20150317_000941	{@st42}Guardar{/}	{@st42}저장{/}				
UI_20150317_000942	{@st59}Guardar{/}	{@st59}저장{/}				
UI_20150317_000943	{@st44}Edit UI properties{/}	{@st44}UI 속성 편집{/}				
UI_20150317_000944	{@St59}Personaje Selección{/}	{@st59}캐릭터선택{/}				
UI_20150317_000945	{@st59}Cerrar sesión{/}	{@st59}로그아웃{/}				
UI_20150317_000946	{@St59}Configuración{/}	{@st59}게임설정{/}				
UI_20150317_000947	{@St59}Salir{/}	{@st59}게임종료{/}				
UI_20150317_000948	{@st43}Residencia Configuración{/}	{@st43}숙소 설정{/}				
UI_20150317_000949	{@st59}Cerrar{/}	{@st59}숙소 설정을 닫습니다{/}				
UI_20150317_000950	{@St42_b}{s18}{#f5c384}Nombre del equipo{/}	{@st42_b}{s18}{#f5c384}팀 이름{/}				
UI_20150317_000951	{@st59}Introduce Equipo nombre {/}	{@st59}원하는 팀 이름을 입력하세요{/}				
UI_20150317_000952	{@st59}Guardar Nombre del equipo{/}	{@st59}팀 이름을 저장합니다{/}				
UI_20150317_000953	Provisional Eliminar	systemmenu_vertical 잠정삭제				
UI_20150317_000954	{@St59}Cerrar{/}	{@st59}배럭 꾸미기를 닫습니다{/}				
UI_20150317_000955	{@St43}Decoración de residencia{/}	{@st43}배럭 꾸미기{/}				
UI_20150317_000956	{@st41b}Tema{/}	{@st41b}   테마   {/}				
UI_20150317_000957	{@St41b}Objeto ArranGemaent{/}	{@st41b}   물품배치   {/}				
UI_20150317_000958	{@St41b}Nombre	{@st41b}이름				
UI_20150317_000959	{@St41b}Precio	{@st41b}가격				
UI_20150317_000960	{@st41b}Estado	{@st41b}상태				
UI_20150317_000961	{@St44}Nuevo Personaje{/}	{@st44}새 캐릭터{/}				
UI_20150317_000962	{@St41b}{s22}Selecciona Personaje Clase{/}	{@st41b}{s22}생성을 원하는 클래스를 선택하세요{/}				
UI_20150317_000963	{@St41b}Volver{/}	{@st41b}생성 취소{/}				
UI_20150317_000964	{@St59}Volver a tu residencia sin crear un personaje	{@st59}캐릭터 생성을 취소합니다{/}				
UI_20150317_000965	Cambiar Personaje	캐릭터선택				
UI_20150317_000966	{@St41}Personaje{/}	{@st41}캐릭터{/}				
UI_20150317_000967	{@st59}Girar en sentido horario{/}	{@st59}오른쪽으로 회전{/}				
UI_20150317_000968	{@st59}Girar en sentido antihorario{/}	{@st59}왼쪽으로 회전{/}				
UI_20150317_000969	{@St43b}Personaje Rotation{/}	{@st43b}캐릭터 회전{/}				
UI_20150317_000970	{@st43}Nombre del personaje{/}	{@st43}캐릭터 이름{/}				
UI_20150317_000971	Introduce un nombre{@st59} {/}	{@st59}이름을 입력합니다{/}				
UI_20150317_000972	{@St43b}Elegir Gender{/}	{@st43b}성별 선택{/}				
UI_20150317_000973	{@st59}Mujer{/}	{@st59}여성{/}				
UI_20150317_000974	{@st59}Hombre{/}	{@st59}남성{/}				
UI_20150317_000975	{@st43b}Elegir peinado{/}	{@st43b}헤어 선택{/}				
UI_20150317_000976	{@st59}Peinado 1{/}	{@st59}헤어1{/}				
UI_20150317_000977	{@st59}Peinado 2{/}	{@st59}헤어2{/}				
UI_20150317_000978	{@St59}Peinado 3{/}	{@st59}헤어3{/}				
UI_20150317_000979	{@st59}Peinado 4{/}	{@st59}헤어4{/}				
UI_20150317_000980	{@st59}Peinado 5{/}	{@st59}헤어5{/}				
UI_20150317_000981	{@st59}Peinado 6{/}	{@st59}헤어6{/}				
UI_20150317_000982	{@st59}Peinado 7{/}	{@st59}헤어7{/}				
UI_20150317_000983	{@st59}Peinado 8{/}	{@st59}헤어8{/}				
UI_20150317_000984	{@st59}Peinado 9{/}	{@st59}헤어9{/}				
UI_20150317_000985	{@st59}Peinado 10{/}	{@st59}헤어10{/}				
UI_20150317_000986	{@St43b}Seleccionar clase{/}	{@st43b}클래스 선택{/}				
UI_20150317_000987	{@st59}Spalabrasman{/}	{@st59}소드맨{/}				
UI_20150317_000988	{@st59}Mago{/}	{@st59}위저드{/}				
UI_20150317_000989	{@st59}Arquero{/}	{@st59}아처{/}				
UI_20150317_000990	{@st59}Clérigo{/}	{@st59}클레릭{/}				
UI_20150317_000991	{@st41b}Visitar cuartel {/}	{@st41b}배럭방문{/}				
UI_20150317_000992	{@st59}Visitar el cuartel de otro jugador.{/}	{@st59}다른 사람의 배럭을 방문합니다.{/}				
UI_20150317_000993	{@st41b}Cerrar sesión{/}	{@st41b}로그아웃{/}				
UI_20150317_000994	{@St59}Volver a la pantalla de inicio de sesión{/}	{@st59}로그인 화면으로 이동합니다{/}				
UI_20150317_000995	{@St41b}Salir del juego{/}	{@st41b}게임종료{/}				
UI_20150317_000996	{@St59}Salir Tree de Savior{/}	{@st59}게임을 종료합니다{/}				
UI_20150317_000997	{@st41b}Selecciona Channel{/}	{@st41b}게임을 시작할 채널을 선택하세요{/}				
UI_20150317_000998	{@st43}Introduce{/}	{@st43}게임 시작{/}				
UI_20150317_000999	{@St59}Iniciar la partida con el seleccionado personaje{/}	{@st59}선택한 캐릭터로 게임을 시작합니다{/}				
UI_20150317_001000	{@St43}{s26}Nombre del equipo{/}	{@st43}{s26}팀 이름{/}				
UI_20150317_001001	{@st59}Nombre del equipo{/}	{@st59}팀 이름{/}				
UI_20150317_001002	{@st41b}Cambiar Nombre del equipo{/}	{@st41b}팀 이름 변경{/}				
UI_20150317_001003	{@st59}Cambiar Nombre del equipo{/}	{@st59} 팀 이름을 변경합니다{/}				
UI_20150317_001004	{@St41}Compañero{/}	{@st41}컴패니언{/}				
UI_20150317_001005	Arrastrar chat	채팅 드래그				
UI_20150317_001006	{@St44}Nuevo Dialog Nombre{/}	{@st44}새로운 대화창 이름{/}				
UI_20150317_001007	{@St42}Cambiar{/}	{@st42}변경{/}				
UI_20150317_001008	{@St44}Nuevo ventana Nombre{/}	{@st44}새로운 창 이름{/}				
UI_20150317_001009	{@St43}{s40}{gr gradation4}Personaje Creation{/}	{@st43}{s40}{gr gradation4}캐릭터 생성{/}				
UI_20150317_001010	{@St59}Crear un personaje{/}	{@st59}캐릭터를 생성합니다{/}				
UI_20150317_001011	{@St59}Cancelar personaje creation{/}	{@st59}생성을 취소합니다{/}				
UI_20150317_001012	{@St59}Cerrar{/}	{@st59}팀 이름 입력을 닫습니다{/}				
UI_20150317_001013	{@St59}Crear un equipo con el Entrared nombre{/}	{@st59}입력한 이름으로 팀을 생성합니다{/}				
UI_20150317_001014	{@St43}{s30}{#f0dcaa}Introduce tu Nombre del equipo!	{@st43}{s30}{#f0dcaa}팀 이름 입력!				
UI_20150317_001015	{@St41b}El nombre de equipo es un nombre que representa a todos tus personajes.{nl}Este nombre se utilizará en intercambios, al unirte a gremios, en conversaciones y en otras funciones.{nl}         El nombre de equipo puede cambiarse en cualquier momento usando 150 TP.{/}	{@st41b} 팀 이름은 모든 캐릭터를 대표하는 이름입니다.{nl}자유롭게 바꿀 수 있는 팀 이름은 거래, 길드 가입, 대화 등에 사용되는 공용 이름입니다.{/}				
UI_20150317_001016	cargando fondo	로딩 배경				
UI_20150317_001017	Tip	팁				
UI_20150317_001018	partida Tips	게임팁				
UI_20150317_001019	inicio de sesión	로그인				
UI_20150317_001020	cuenta ID	계정				
UI_20150317_001021	{@st59}Introduce tu cuenta ID{/}	{@st59}계정을 입력 하십시오{/}				
UI_20150317_001022	Password	비밀번호				
UI_20150317_001023	{@St59}Introduce tu password{/}	{@st59}비밀 번호를 입력하십시오{/}				
UI_20150317_001024	{@St43}Introduce{/}	{@st43}게임 접속{/}				
UI_20150317_001025	{@St59}Conectar al servidor seleccionado{/}	{@st59}선택한 서버에 접속합니다{/}				
UI_20150317_001026	{@st41b}Replay{/}	{@st41b}리플레이{/}				
UI_20150317_001027	{@st41b}Single Modo{/}	{@st41b}싱글 모드{/}				
UI_20150317_001028	{@St41b}Salir del juego{/}	{@st41b}게임 종료{/}				
UI_20150317_001029	Guardar	저장				
UI_20150317_001030	{@St59}If checked, tu cuenta será Guardado{/}	{@st59}체크하면 계정을 저장합니다{/}				
UI_20150317_001031	servidor Lista	서버 목록				
UI_20150317_001032	{@St59}Selecciona servidor{/}	{@st59}접속을 원하는 서버를 선택하여 주세요{/}				
UI_20150317_001033	inicio de sesión título	로그인타이틀				
UI_20150317_001034	[Versión Beta Abierta]	[오픈 베타 테스트 버전]				
UI_20150317_001035	Options	옵션				
UI_20150317_001036	Visibility Range	시야거리				
UI_20150317_001037	{S20}{#BBBBBB}Visibility Range	{s20}{#BBBBBB}시야 거리				
UI_20150317_001038	Visibility Range :	시야 거리 :				
UI_20150317_001039	Personaje :	캐릭터 :				
UI_20150317_001040	Background Objects :	배경 오브젝트 :				
UI_20150317_001041	Topography - Grass (%) :	지형-풀(%) :				
UI_20150317_001042	Topography-Tree (%) :	지형-트리 (%) :				
UI_20150317_001043	Topography-objects(%) :	지형-오브젝트(%) :				
UI_20150317_001044	Shadow	섀도우				
UI_20150317_001045	{S20}{#BBBBBB}Shadow Mapaping	{s20}{#BBBBBB}섀도우맵				
UI_20150317_001046	Enable Shadow Mapaping	섀도우맵 사용				
UI_20150317_001047	Shadow Quality :	섀도우 품질 :				
UI_20150317_001048	SSAO Usar	SSAO 사용				
UI_20150317_001049	SSAO Method :	SSAO 방식 :				
UI_20150317_001050	Resolución SSAO:	SSAO 해상도 :				
UI_20150317_001051	Water Reflection	물반사				
UI_20150317_001052	{s20}{#BBBBBB}Water Reflection	{s20}{#BBBBBB}물 반사				
UI_20150317_001053	personajes Water Reflection	캐릭터 물반사				
UI_20150317_001054	Background Water Reflection	배경 물반사				
UI_20150317_001055	{s20}{#BBBBBB}Glow Setup	{s20}{#BBBBBB}Glow 설정				
UI_20150317_001056	Enable Glow	Glow 사용				
UI_20150317_001057	{@st41}Ataque{/}	{@st41}공격력{/}				
UI_20150317_001058	{@St41}Defensa{/}	{@st41}방어력{/}				
UI_20150317_001059	{@st41}Apoyo{/}	{@st41}보조{/}				
UI_20150317_001060	{@st41}Dificultad{/}	{@st41}난이도{/}				
UI_20150317_001061	{@st41}Peinado	{@st41}헤 어				
UI_20150317_001062	{@st41}Rotation	{@st41}회 전				
UI_20150317_001063	{@st43}Crear Personaje	{@st43}캐릭터 생성				
UI_20150317_001064	{@st59}Crear Actual Personaje{/}	{@st59}설정대로 캐릭터를 생성합니다{/}				
UI_20150317_001065	{@st41b}Cancelar	{@st41b}선택 취소				
UI_20150317_001066	{@st59}Cancelar Personaje Selección{/}	{@st59}캐릭터 선택을 취소합니다{/}				
UI_20150317_001067	Personaje Información	캐릭터정보				
UI_20150317_001068	{@st41}Bring Along	{@st41}함께하기				
UI_20150317_001069	{@st59}Después de pulsar aquí, selecciona un personaje para que el compañero te siga{/}	{@st59}클릭후 캐릭터를 선택하면 컴패니언이 따라다닙니다{/}				
UI_20150317_001070	UI de Objeto Creation	아이템 생성 UI				
UI_20150317_001071	{s24}Nombre :	{s24}이름 : 				
UI_20150317_001072	{s16} STR :	{s16} 힘 : 				
UI_20150317_001073	{s16} HP :	{s16} 체력 : 				
UI_20150317_001074	{s16} AGI :	{s16} 민첩 : 				
UI_20150317_001075	{s16} VIT :	{s16} 기력 : 				
UI_20150317_001076	{s16} Force :	{s16} 도력 : 				
UI_20150317_001077	{s18} Clase Selección	{s18} 직업선택				
UI_20150317_001078	{s18} derecho Way Union	{s18} 정도연맹				
UI_20150317_001079	{s18} Providence Evil Union	{s18} 천명마교				
UI_20150317_001080	Hong Moo Moon	홍무문				
UI_20150317_001081	Dae Do Cheon	대도천				
UI_20150317_001082	Fire Spalabras	화선도				
UI_20150317_001083	Para adenomas hwageuk	용화극선종				
UI_20150317_001084	Puncture sex	천자성				
UI_20150317_001085	Yeonhwagyo	연화교				
UI_20150317_001086	{S16}Gender y Appearance	{s16}성별 및 외모				
UI_20150317_001087	Hombre	남				
UI_20150317_001088	Mujer	여				
UI_20150317_001089	cabello Adjustment	머리 조절				
UI_20150317_001090	Key Adjustment	키 조절				
UI_20150317_001091	Shoulder Width	어깨 넓이				
UI_20150317_001092	Hand y Foot tamaño	손, 발 크기				
UI_20150317_001093	Chest tamaño	가슴 사이즈				
UI_20150317_001094	Waist tamaño	허리 사이즈				
UI_20150317_001095	Hip tamaño	골반 사이즈				
UI_20150317_001096	{S18} Head tamaño	{s18} 머리크기				
UI_20150317_001097	{S14} Height Adjustment	{s14} 키 조절				
UI_20150317_001098	{S14} Shoulder Width	{s14} 어깨 넓이				
UI_20150317_001099	{S14} Hand y Foot tamaño	{s14} 손, 발 크기				
UI_20150317_001100	{S14} Chest tamaño	{s14} 가슴 사이즈				
UI_20150317_001101	{S14} Waist tamaño	{s14} 허리 사이즈				
UI_20150317_001102	{S14} Pelvic tamaño	{s14} 골반 사이즈				
UI_20150317_001103	Usar Pre-configurar	미리설정값				
UI_20150317_001104	Randomize	임의설정값				
UI_20150317_001105	Crear nuevo Personaje	신규 인물 생성				
UI_20150317_001106	Cancelar Personaje Creation	인물 생성 취소				
UI_20150317_001107	{@St43}{s40}{gr gradation4}partida iniciar{/}	{@st43}{s40}{gr gradation4}게임 시작{/}				
UI_20150317_001108	{@St43}{s40}{gr gradation4}End Vista previa{/}	{@st43}{s40}{gr gradation4}미리보기 종료{/}				
UI_20150317_001109	{@st43}{s40}{gr gradation4}Volver a la zona{/}	{@st43}{s40}{gr gradation4}존으로돌아가기{/}				
UI_20150317_001110	{@st59}Volver a la zona.{/}	{@st59}다시 존으로 들어갑니다.{/}				
UI_20150317_001111	{@St41b}Volver{/}	{@st41b}돌아가기{/}				
UI_20150317_001112	{@st59}Volver a mi residencia.{/}	{@st59}나의 배럭으로 돌아갑니다.{/}				
UI_20150317_001113	{@St43}{s24}LodgeName{/}	{@st43}{s24}배럭 이름{/}				
UI_20150317_001114	{@St59}Residencia Nombre{/}	{@st59}배럭 이름{/}				
UI_20150317_001115	{@st41b}DecoTasa{/}	{@st41b}꾸미기{/}				
UI_20150317_001116	{@St59}DecoTasa residencia{/}	{@st59}배럭 꾸미기{/}				
UI_20150317_001117	{@St41b}Setup{/}	{@st41b}설  정{/}				
UI_20150317_001118	{@St59}Barrack Configuración{/}	{@st59}배럭 설정{/}				
UI_20150317_001119	Marco de objeto personalizado	커스터마이즈 아이템 프레임				
UI_20150317_001120	verdes	녹색				
UI_20150317_001121	Density	밀도				
UI_20150317_001122	Me gusta HP	체력이라던가				
UI_20150317_001123	{@st59}Cabello Accesorios{/}	{@st59}헤어악세서리{/}				
UI_20150317_001124	{@st59}Subsidiary Accesorios{/}	{@st59}보조악세서리{/}				
UI_20150317_001125	{@st42}Texto{/}	{@st42}텍스트{/}				
UI_20150317_001126	básico contenido nombre	기본 콘텐츠 이름				
UI_20150317_001127	básico grupo nombre	기본 그룹 이름				
UI_20150317_001128	básico objeto nombre	기본 아이템 이름				
UI_20150317_001129	Mr Kim	김평직				
UI_20150317_001130	Peso : %s	무게 : %s				
UI_20150317_001131	N/D	별별벼려별				
UI_20150317_001132	%s race	%s 종족				
UI_20150317_001133	N/D	표례스텨(싱뮬형)				
UI_20150317_001134	Intransferible	거래 불가				
UI_20150317_001135	No se puede mejorar	강화 불가				
UI_20150317_001136	N/D	별별별별				
UI_20150317_001137	Objeto Nombre	템이름				
UI_20150317_001138	N/D	이 템을 착용하면 어쩌고 저쩌고				
UI_20150317_001139	Lv y arriba	레벨 몇 이상				
UI_20150317_001140	Everyone puede equipar	누구는 장착 가능				
UI_20150317_001141	Maximum Sockets : ×%s	최대 소캣 %s개				
UI_20150317_001142	Objeto Nombre	아이템 이륨				
UI_20150317_001143	Vender valor : %s plata	상점 판매 가격 : %s 실버				
UI_20150317_001144	Cuánto	얼마				
UI_20150317_001145	{@st42b}Tasa de exploración completa de Siauliai{/}	{@st42b}샤울레이 전체 탐사율{/}				
UI_20150317_001146	{@St42b}West Forest área Explored{/}	{@st42b}서쪽숲 탐사율{/}				
UI_20150317_001147	{@St18}Objeto{/}	{@st18}아이템{/}				
UI_20150317_001148	{@St18}My Clasificación{/}	{@st18}내 순위{/}				
UI_20150317_001149	Diamond	다이야				
UI_20150317_001150	Resistencia +9.000	체력 플러스 구천				
UI_20150317_001151	{@St18}Promedio{/}	{@st18}평균{/}				
UI_20150317_001152	{@St42b}{s18}Workmanship{/}	{@st42b}{s18}숙련도{/}				
UI_20150317_001153	{@St55_c}Objeto Nombre	{@st55_c}아이템 이름				
UI_20150317_001154	{@St55_c}Memo registros	{@st55_c}메모 기록				
UI_20150317_001155	{@St59}Introduce un nombre. Si tú hacer no introducir un nombre, el default nombre será usado.{/}	{@st59}이름을 입력합니다. 입력하지 않을경우 기본이름으로 제작됩니다.{/}				
UI_20150317_001156	{@St59}Introduce un memo{/}	{@st59}메모를 입력합니다{/}				
UI_20150317_001157	{@St43}Produce objetos	{@st43}아이템 제작				
UI_20150317_001158	{@st42b}%s Puntos {/}	{@st42b}%s 점{/}				
UI_20150317_001159	{@st42b}%s{/}	{@st42b}%s 개{/}				
UI_20150317_001160	{@st42b}%s Puntos {/}	{@st42b}%s점{/}				
UI_20150317_001161	{@st42b}%s{/}	{@st42b}%s개{/}				
UI_20150317_001162	{S16}{ol}por precio	{s16}{ol}개당 가격				
UI_20150317_001163	Total Precio : 1	총 가격 :   1				
UI_20150317_001164	{@St41}Ayuda	{@st41}도움말				
UI_20150317_001165	{@St41}Photo Descripción	{@st41}사진에 대한 설명				
UI_20150317_001166	{@St41}Registration	{@st41}등록				
UI_20150317_001167	{@St41}Nombre	{@st41}이  름				
UI_20150317_001168	{@St41}Mensaje	{@st41}메세지				
UI_20150317_001169	{@St43}Nombre{/}	{@st43}이  름{/}				
UI_20150317_001170	{@St41b}Mensaje{/}	{@st41b}메세지{/}				
UI_20150317_001171	{@St42b}Inicio de sesión{/}	{@st42b}로그인{/}				
UI_20150317_001172	{@St41}Crear un nuevo conversación	{@st41}새 대화 만들기				
UI_20150317_001173	{@st41}Conversación completa	{@st41}전체 대화				
UI_20150317_001174	Region Nombre	지역이름				
UI_20150317_001175	{@St41}Habilidad Names	{@st41}스킬이름				
UI_20150317_001176	{@St41}Atributo Puntos	{@st41}특성포인트				
UI_20150317_001177	{@St41}Clase Nombre	{@st41}클래스이름				
UI_20150317_001178	Nombre del personaje	케릭터 이름				
UI_20150317_001179	{@Sti7}Eliminar{/}	{@sti7}삭제{/}				
UI_20150317_001180	Personaje Nivel	케릭터 레벨				
UI_20150317_001181	{@St42}Compartir misión{/}	{@st42}퀘스트공유{/}				
UI_20150317_001182	{@St42}EXP Sharing{/}	{@st42}경험치공유{/}				
UI_20150317_001183	Personaje Memo	케릭터 메모				
UI_20150317_001184	promedio Grupo Nivel : {#FFFF00}%s{/}	파티 평균레벨 : {#FFFF00}%s{/}				
UI_20150317_001185	Buscando: {#FFFF00}%s{/}	찾는 파티원 : {#FFFF00}%s{/}				
UI_20150317_001186	Clérigo / Arquero	성직자 / 궁수				
UI_20150317_001187	Compartir misión : {#FFFF00}%s{/}	퀘스트 공유 : {#FFFF00}%s{/}				
UI_20150317_001188	N/D	사아용				
UI_20150317_001189	EXP distribución : {#FFFF00}%s{/}	경험치 분배규칙 : {#FFFF00}%s{/}				
UI_20150317_001190	Equally	규운등 분배				
UI_20150317_001191	Objeto distribución : {#FFFF00}%s{/}	아이템 분배규칙 : {#FFFF00}%s{/}				
UI_20150317_001192	Randomly	래앤덤하게 분배				
UI_20150317_001193	Cómo hacerlo	어떻게하면내가				
UI_20150317_001194	No puedes ver quién es	누군지모를까				
UI_20150317_001195	{@st41b}Diario de aventuras Updated	{@st41b}모험일지에 등록되었습니다.				
UI_20150317_001196	Menu Objects para Misión	퀘스트용 메뉴오브젝트				
UI_20150317_001197	Misión Categories	퀘스트의 카테고리				
UI_20150317_001198	Misión Object Lista	퀘스트의 리스트 오브젝트				
UI_20150317_001199	N/D	퀘스트의 리스트 오브젝트-여기까지는 옛날꺼임				
UI_20150317_001200	Line usado en el roadMapa	로드맵에서 사용하는 라인				
UI_20150317_001201	Slot Object_Standard	슬롯 오브젝트_일반용				
UI_20150317_001202	Slot Object_Cash Slot	슬롯 오브젝트_캐시슬롯				
UI_20150317_001203	Personaje detalles Tipo 1	캐릭터 상세 정보 타입1				
UI_20150317_001204	Personaje detalles Tipo 2	캐릭터 상세 정보 타입2				
UI_20150317_001205	Inventario Lista Tipo 1	인벤토리 리스트 타입1				
UI_20150317_001206	Inventario Lista Tipo 2	인벤토리 리스트 타입2				
UI_20150317_001207	Inventario Slot Tipo	인벤토리 슬롯 타입				
UI_20150317_001208	ver objeto detalles en el mercado	마켓에서 아이템 보기_디테일				
UI_20150317_001209	Output de Objeto Nombre	아이템 이름 출력				
UI_20150317_001210	Output del número de restante	남아 있는 개수를 출력				
UI_20150317_001211	Output de valor	값을 출력				
UI_20150317_001212	Al añadirlo al carrito	카트에 담았을 때				
UI_20150317_001213	Output de Total valor	총합을 출력				
UI_20150317_001214	Para obtener el objeto	아이템 출력용				
UI_20150317_001215	Output de unit precio	단가출력				
UI_20150317_001216	Objeto categoría	아이템 카테고리				
UI_20150317_001217	Noticias	새 소식				
UI_20150317_001218	{@St42b}Restart{/}	{@st42b}재시작{/}				
UI_20150317_001219	Peltang Stang	펠탕스탕				
UI_20150317_001220	99 Círculo	99 서클				
UI_20150317_001221	Defeat 8 Mad Vubbe	부베 망나니 8마리 처치				
UI_20150317_001222	Tooltip	툴팁				
UI_20150317_001223	EXP: sad{br}+1 Enchantment Crystal (Ataque)	EXP : sad{br}+1 인챈트 크리스탈 (공격)				
UI_20150317_001224	Apprentice Sword	어프렌티스 소드				
UI_20150317_001225	Reparar Durability :	수리 내구도 :				
UI_20150317_001226	Costo de reparación : 120 plata	수리비용 : 120 실버				
UI_20150317_001227	Costo de reparación : %s plata	수리비용 : %s 실버				
UI_20150317_001228	{@st42b}Pujas cantidad {@sti7}%s{/}	{@st42b}입찰수 {@sti7}%s{/}				
UI_20150317_001229	{@st42b}Precio actual {img icon_item_silver 20 20}{@st57}%s{/}	{@st42b}현재가 {img icon_item_silver 20 20}{@st57}%s{/}				
UI_20150317_001230	{@St41}¡Comprar inmediatamente! {Img icon_item_silver 20 20}{@st57}%s{/}	{@st41}바로 구매! {img icon_item_silver 20 20}{@st57}%s{/}				
UI_20150317_001231	{@St41b}Recibir objetos{/}	{@st41b}아이템 수령{/}				
UI_20150317_001232	{@st42b} Precio de puja {img icon_item_silver 20 20}{@st57}%s{/}	{@st42b}입찰금 {img icon_item_silver 20 20}{@st57} %s{/}				
UI_20150317_001233	{@Sti7}Volver	{@sti7}반환				
UI_20150317_001234	{@St59}Head{/}	{@st59}머리{/}				
UI_20150317_001235	{@St59}Izquierdo Brazalete{/}	{@st59}왼팔찌{/}				
UI_20150317_001236	{@St59}Derecho Brazalete{/}	{@st59}오른팔찌{/}				
UI_20150317_001237	{@St59}Costoumes{/}	{@st59}의상{/}				
UI_20150317_001238	{@st59}Anillo2{/}	{@st59}링2{/}				
UI_20150317_001239	Pet Nombre	펫이름				
UI_20150317_001240	Chandler bundle	잡화상 묶음				
UI_20150317_001241	West forest etc...	서쪽숲등				
UI_20150317_001242	Consumir TPs	NXP 소모				
UI_20150317_001243	Category Nombre	카테고리이름				
UI_20150317_001244	Esto es una ayuda	도움말 입니당				
UI_20150317_001245	{@Sti7}%s Puntos{/}	{@sti7}%s 점{/}				
UI_20150317_001246	{@st41b}%s Puntuación	{@st41b}%s 점수				
UI_20150317_001247	Clear Misión 25	퀘스트 클리어 25개				
UI_20150317_001248	[Sub]Thron Forest	- [서브] 가시숲				
UI_20150317_001249	{@St42}Equipado Objeto	{@st42}장착 아이템				
UI_20150317_001250	{@St44}Rango %s Clase Información{/}	{@st44}%s랭크 클래스 정보{/}				
UI_20150317_001251	Alarma de avance	몇차 전직 정보				
UI_20150317_001252	Corazón de Me gusta	하트라던가				
UI_20150317_001253	N/D	쇼드뮨				
UI_20150317_001254	Nivel %s	%s 레벨				
UI_20150317_001255	Memo : {#666666}%s	메모 : {#666666}%s				
UI_20150317_001256	Ayase	아야세				
UI_20150317_001257	Relationship con %s	%s 님과의 관계 배지				
UI_20150317_001258	{#FFFF33}%s{/} quiere convertirse en tu amigo	{#FFFF33}%s{/} 님이 친구로 초대하였습니다{/}				
UI_20150317_001259	{@St41b}Aceptar	{@st41b}수락				
UI_20150317_001260	{@St41b}Decline	{@st41b}거절				
UI_20150317_001261	{@St53b}Cargando tu amigos lista.	{@st53b}친구 목록을 로딩중입니다.				
UI_20150317_001262	Nivel %s{/}	레벨 %s{/}				
UI_20150317_001263	{@st41} Cancelar	{@st41}취소				
UI_20150317_001264	Por favor añadir el objeto a vender.	판매할 버프를 등록해주세요.				
UI_20150317_001265	Precio : %s{/}	가격 : %s{/}				
UI_20150317_001266	Cantidad izquierdo	남은갯수				
UI_20150317_001267	{@St41}Comprar	{@st41}구매				
UI_20150317_001268	Cantidad izquierdo : %s {/}	남은갯수 : %s{/}				
UI_20150317_001269	{@St41}Objeto{/}	{@st41}아이템{/}				
UI_20150317_001270	{@St41b} Memo	{@st41b}메모				
UI_20150317_001271	{@St41b}Fabricar	{@st41b}제작				
UI_20150317_001272	{@St41b}Precio : %s{/}	{@st41b}가격 : %s{/}				
UI_20150317_001273	{@Sti5}Precio : %s{/}	{@sti5}가격 : %s{/}				
UI_20150317_001274	{@Sti9} Grupo Misión (%s){/}	{@sti9}파티원 퀘스트 (%s){/}				
UI_20150317_001275	{@st41_yellow} exploración Tasa: %s% {/}	{@st41_yellow}탐색율 %s%{/}				
UI_20150317_001276	{@st41_yellow} Puntuación: %s {/}	{@st41_yellow}획득점수 %s{/}				
UI_20150317_001277	{@st42b}{b}Achievement Tasa{/}	{@st42b}{b}달성율{/}				
UI_20150317_001278	{@st59}Ingresar Grupo Misión{/}	{@st59}파티 퀘스트 진행을 수락합니다{/}				
UI_20150317_001279	Windows	윈도우				
UI_20150317_001280	estado	스테이더스				
UI_20150317_001281	pestaña	탭				
UI_20150317_001282	Imagen del objeto	이미지아이템				
UI_20150317_001283	efecto	이펙트				
UI_20150317_001284	Control configurar	컨트롤셋				
UI_20150317_001285	{@St41}Dificultad : %s	{@st41}난이도 : %s				
UI_20150317_001286	{@St42}Tiempo restante : %s	{@st42}남은 시간 : %s				
UI_20150317_001287	{@St53}Fabricación de objetos	{@st53}제조 중인 아이템				
UI_20150323_001288	{@st59}Place tu objeto aquí{/}	{@st59}아이템을 올려주세요{/}				
UI_20150323_001289	{@st42}Cancelar	{@st42}취 소				
UI_20150323_001290	{@st42}Confirmar	{@st42}확 인				
UI_20150323_001291	{@st43}Briquetting{/}	{@st43}브리케팅{/}				
UI_20150323_001292	Potencial actual	현재 포텐셜				
UI_20150323_001293	Consumable material	소비 재료				
UI_20150323_001294	Consumir Cantidad	소비 갯수				
UI_20150323_001295	Cantidad Disponible	보유 갯수				
UI_20150323_001296	{@sti6}Transaction Registro	{@sti6}거래 기록				
UI_20150323_001297	{@st43}Base campamento	{@st43}거점				
UI_20150323_001298	Signboard título	간판 제목				
UI_20150323_001299	{@st43}Build	{@st43}건설				
UI_20150323_001300	{@stc1}Base campamento Lasting Tiempo	{@stc1}거점 유지 시간				
UI_20150323_001301	{@stc1}Efecto	{@stc1}효과				
UI_20150323_001302	{@stc1}Materiales y Precio	{@stc1}소비재료 및 비용				
UI_20150323_001303	{@st41b}Base campamento	{@st41b}거점				
UI_20150323_001304	{@st41b}Log	{@st41b}로그				
UI_20150323_001305	{@st41b}Renew	{@st41b}시간 갱신				
UI_20150323_001306	{@st59}Renews el lasting tiempo.{/}	{@st59}유지 시간을 갱신합니다{/}				
UI_20150323_001307	{@st41b}Base campamento Lasting Tiempo	{@st41b}거점 유지 시간				
UI_20150323_001308	{@st41b}Efecto	{@st41b}효과				
UI_20150323_001309	{@st42b}Un campamento base dura 24 horas adicionales cuando se renueva. Consume %s de plata.	{@st42b}갱신시 24시간 추가 거점이 유지되며 %s실버가 소모됩니다.				
UI_20150323_001310	{@st41b}Personal Almacén	{@st41b}개인 창고				
UI_20150323_001311	{@stc1}Almacenar y retirar objetos en y de almacén Coste %s plata.{/}	{@stc1}창고에 물품을 보관하고 찾을시에 %s실버가 소모됩니다.{/}				
UI_20150323_001312	{@st41}{#ffff00}Lock Objetivo{/}	{@st41}{#ffff00}타겟 고정{/}				
UI_20150323_001313	{@st43}Refreshment Table	{@st43}배식 테이블				
UI_20150323_001314	{@st41b}Food tipo	{@st41b}음식종류				
UI_20150323_001315	{@st41b}Table	{@st41b}테이블				
UI_20150323_001316	{@st59}Cerrar{/}	{@st59}배식테이블을 닫습니다{/}				
UI_20150323_001317	{@st43}Grimorio{/}	{@st43}그리모어{/}				
UI_20150323_001318	{@st59}Cerrar{/}	{@st59}그리모어 UI를 닫습니다{/}				
UI_20150323_001319	My invocar Habilidad	내 소환 스킬				
UI_20150323_001320	principal Card	메인 카드				
UI_20150323_001321	Secondary Card	보조카드				
UI_20150323_001322	atributo	스텟				
UI_20150323_001323	CON	콘				
UI_20150323_001324	INT	인트				
UI_20150323_001325	DEX	덱스				
UI_20150323_001326	CRT	크리				
UI_20150323_001327	{@st43}Configurar arriba Tienda{/}	{@st43}상점 개설{/}				
UI_20150323_001328	{@st41b}Configuración	{@st41b}설정				
UI_20150323_001329	Unit Precio	개당 가격				
UI_20150323_001330	{@st41b}Material Lista	{@st41b}재료 목록				
UI_20150323_001331	{@st43}Gema Roasting{/}	{@st43}젬로스팅{/}				
UI_20150323_001332	{@st59}Cerrar{/}	{@st59}UI를 닫습니다{/}				
UI_20150323_001333	{@st41b}Reparar{/}	{@st41b}손질{/}				
UI_20150323_001334	{@st41b}Log{/}	{@st41b}로그{/}				
UI_20150323_001335	Precio a recibir	받는 가격				
UI_20150323_001336	{@st59}Place un Gema{/}	{@st59}젬을 올려주세요{/}				
UI_20150323_001337	Consumable material	소비재료				
UI_20150323_001338	Cantidad izquierdo	남은 갯수				
UI_20150323_001339	{@st42}Cerrar	{@st42}폐점				
UI_20150323_001340	{@st43}Arma Maintenance{/}	{@st43}무기 손질{/}				
UI_20150323_001341	{@st43}Equipo Maintenance{/}	{@st43}장비 손질{/}				
UI_20150323_001342	{@st41b}Precio a recibir	{@st41b}받는 가격				
UI_20150323_001343	{@st41b}Materiales	{@st41b}소비재료				
UI_20150323_001344	{@st43}Reparar{/}	{@st43}수 리{/}				
UI_20150323_001345	{@st41b}Reparar{/}	{@st41b}수리{/}				
UI_20150323_001346	Habilidad Nivel	스킬레벨				
UI_20150323_001347	{@st41}Máximo de jugadores	{@st41}입장가능 인원				
UI_20150323_001348	{@st43}Objeto Dungeon	{@st43}아이템 각성 던전				
UI_20150323_001349	{@st41}Materiales necesarios	{@st41}필요 재료				
UI_20150323_001350	{@st59}Materiales necesarios{/}	{@st59}필요재료{/}				
UI_20150323_001351	Recommended Nivel : %s	권장 레벨 : %s				
UI_20150323_001352	{@st43}UI Selección Modo{/}	{@st43}UI 선택 모드{/}				
UI_20150323_001353	{@st43}Compra en tienda	{@st43}매입의뢰상점				
UI_20150323_001354	Tienda Nombre	상점 이름				
UI_20150323_001355	{@st41b}Abrir tienda	{@st41b}상점열기				
UI_20150323_001356	{@st59}Comenzar compra en tienda{/}	{@st59}매입의뢰상점을 시작합니다{/}				
UI_20150323_001357	{@st59}Cancelar{/}	{@st59}취소합니다{/}				
UI_20150323_001358	{@st59}Cerrar{/}	{@st59}매입의뢰상점을 닫습니다{/}				
UI_20150323_001359	Solicitud de compra	매입의뢰				
UI_20150323_001360	{@st59}Cerrar compra en tienda	{@st59}매입의뢰상점을 닫습니다.				
UI_20150323_001361	{@st59}Compra en tienda{nl} - Intercambia tus objetos por plata	{@st59}매입의뢰상점{nl} - 내가 가진 물건을 실버로 교환할 수 있습니다.				
UI_20150323_001362	{@st43}Objetos el buyer wants{/}	{@st43}의뢰자가 원하는 물건{/}				
UI_20150323_001363	{@st43}Objetos para venta	{@st43}판매하고자 하는 물건				
UI_20150323_001364	{@st43}Total Profit	{@st43}총 수입				
UI_20150323_001365	{@st41}Vender	{@st41}판매				
UI_20150323_001366	{@st41}Alchemy materiales	{@st41}연금 재료				
UI_20150323_001367	{@st41}Alchemy Result {@stx1}(%s necesario){/}	{@st41}연금 대상 {@stx1}(%s 소요){/}				
UI_20150323_001368	{@st59}Invocar Pet{/}	{@st59}펫을 소환합니다.{/}				
UI_20150323_001369	{@st41b}Personaje Configuración{/}	{@st41b}캐릭터 설정{/}				
UI_20150323_001370	{@st59}Grimorio{/}	{@st59}그리모어{/}				
UI_20150323_001371	{@st41b}Aplicar Bloom{/}	{@st41b}블룸 적용{/}				
UI_20150323_001372	{@st41b}Aplicar Vignette{/}	{@st41b}비넷팅 적용{/}				
UI_20150323_001373	{@st41b}Aplicar FXAA{/}	{@st41b}FXAA 적용{/}				
UI_20150323_001374	{@st41b}Aplicar GLOW{/}	{@st41b}GLOW 적용{/}				
UI_20150323_001375	{@st41b}Aplicar Depth {/}	{@st41b}Depth 적용{/}				
UI_20150323_001376	{@st41b}Aplicar SoftParticle{/}	{@st41b}SoftParticle 적용{/}				
UI_20150323_001377	{@st43}Personal Almacén{/}	{@st43}개인 창고{/}				
UI_20150323_001378	{@st59}Cerrar personal Almacén{/}	{@st59}개인 창고를 닫습니다.{/}				
UI_20150323_001379	{@sti6}Almacenar y retirar objetos de almacén Coste %s plata...{/}	{@sti6}창고에 물품을 보관하고 찾을시에 %s실버가 소모됩니다.{/}				
UI_20150323_001380	{@st59}Alt+Z a cambiar armas{/}	{@st59}Alt+Z로 무기 전환{/}				
UI_20150323_001381	{@st59}Guardar residencia Configuración{/}	{@st59}숙소 설정을 저장합니다{/}				
UI_20150323_001382	Cambiar residencia	숙소 변경				
UI_20150323_001383	{@st59}Cerrar	{@st59}숙소 변경창을 닫습니다.				
UI_20150323_001384	{@st59}Cambiar residencia{nl} - Cambiar el Mapa y expand el número de disponible personajes por changing tu residencia. 	{@st59}속소 변경{nl} - 숙소를 변경하여 맵을 변경하고 인원수를 확장합니다.				
UI_20150323_001385	{@st41}Cancelar Vista previa	{@st41}미리보기 취소				
UI_20150323_001386	{@st46}My TPs : %s{/}	{@st46}나의 NXP : %s{/}				
UI_20150323_001387	{@st41b}Cambiar residencia{/}	{@st41b}숙소 변경{/}				
UI_20150323_001388	{@st59}DecoTasa tu residencia{/}	{@st59}숙소 꾸미기{/}				
UI_20150323_001389	{@st41b}Residencia Configuración{/}	{@st41b}숙소 설정{/}				
UI_20150323_001390	{@st59}Cambiar residencia Configuración{/}	{@st59}숙소 설정을 변경합니다{/}				
UI_20150323_001391	{@st45ty}Personaje Greeting{/}	{@st45ty}캐릭터 인사말{/}				
UI_20150323_001392	{@st45ty}Compra en tienda	{@st45ty}매입의뢰상점				
UI_20150323_001393	{@st41b}Cambiar	{@st41b}변경				
UI_20150323_001394	{@st59}Cambiar Personaje Greeting{/}	{@st59}캐릭터 인사말을 변경합니다{/}				
UI_20150323_001395	{@st59}Configurar compra en tienda{/}	{@st59}매입의뢰상점을 설정합니다{/}				
UI_20150323_001396	Cantidad : %s{/}	구매수량 : %s{/}				
UI_20150323_001397	Buscar objetos para comprar	구입할 아이템 검색				
UI_20150323_001398	Cantidad	구매수량				
UI_20150323_001399	Unit Precio	개당가격				
UI_20150323_001400	{@sti5}×%s{/}	{@sti5}%s 개{/}				
UI_20150323_001401	{@st41}Eat	{@st41}먹기				
UI_20150323_001402	{@st41}Fabricar	{@st41}제작				
UI_20150323_001403	{@st41}Cantidad	{@st41}제작 갯수				
UI_20150323_001404	{@st41}Consumable material	{@st41}소비 재료	UI_20150323_001293	Consumable Material	소비 재료	
UI_20150401_001405	{@st59}Cerrar{/}	{@st59}브리케팅을 닫습니다{/}				
UI_20150401_001406	{@st41}Eliminar base campamento	{@st41}거점 해체				
UI_20150401_001407	{@st43}[Círculo %s]{/}	{@st43}[%s서클]{/}				
UI_20150401_001408	{@st43}Habilidad{/}	{@st43}스킬{/}				
UI_20150401_001409	{@st43}Clase Tip{/}	{@st43}클래스Tip{/}				
UI_20150401_001410	Clase Tip	클래스Tip				
UI_20150401_001411	{@st42}{#ffff00}Lock Objetivo {/}	{@st42}{#ffff00}타겟 고정{/}				
UI_20150401_001412	{@st41}Eliminar Table	{@st41}테이블 해체				
UI_20150401_001413	{@st43}Tincturing{/}	{@st43}팅크쳐링{/}				
UI_20150401_001414	controlador Quick Slot	조이스틱 퀵슬롯				
UI_20150401_001415	{@st42}{#ffff00}teclado Modo{/}	{@st42}{#ffff00}키보드 모드{/}				
UI_20150401_001416	{@st43}Abrir ofrenda cuadro	{@st43}봉헌함 열기				
UI_20150401_001417	{@st41b}Abrir	{@st41b}열기				
UI_20150401_001418	{@st41b}Ofrenda cuadro	{@st41b}봉헌함				
UI_20150401_001419	{@st41}Ofrenda cuadro Nombre	{@st41}봉헌함 이름				
UI_20150401_001420	Payment	지급 금액				
UI_20150401_001421	Estimated Profit	예상 수익				
UI_20150401_001422	fondos	소지금				
UI_20150401_001423	{@st45tw}Ofrenda cuadro Objeto detalles	{@st45tw}봉헌함 물품 상세내용				
UI_20150401_001424	{@st41}Vender Todos	{@st41}일괄 판매				
UI_20150401_001425	{@st43}Ofrenda cuadro	{@st43}봉헌함				
UI_20150401_001426	Offer	봉헌하기				
UI_20150401_001427	Settle Transaction	거래 정산				
UI_20150401_001428	Estimated Balance	예상 잔액				
UI_20150401_001429	{@st45tw}Ofrenda cuadro	{@st45tw}봉헌함				
UI_20150401_001430	{@st41}Empty	{@st41}비우기				
UI_20150401_001431	{@st43}Lista de usuarios de la zona actual{/}	{@st43}현재 존 유저 목록{/}				
UI_20150401_001432	{@st59}Cerrar{/}	{@st59}운영자 UI리스트를 닫습니다{/}				
UI_20150401_001433	{@st41}Grupo Descripción :	{@st41}파티 설명 :				
UI_20150401_001434	{s20}Cantidad de veneno {s28}{b}{#ff6600}%s	{s20}독의 양  {s28}{b}{#ff6600}%s				
UI_20150401_001435	materiales para Poison	독 제조용 재료 아이템				
UI_20150401_001436	{@st41b}Selecciona Todos{/}	{@st41b}전체 선택{/}				
UI_20150401_001437	{@st59}Deseleccionar todos por clicking de nuevo{/}	{@st59}한번 더 클릭시 전체 해제{/}				
UI_20150401_001438	{@st41b}Fabricar{/}	{@st41b}제조{/}				
UI_20150401_001439	{@st59}Mix mix turn y mix{/}	{@st59}섞고 섞고 돌리고 섞고{/}				
UI_20150401_001440	{@st41b}Logros{/}	{@st41b}업적{/}				
UI_20150401_001441	Peinado Color	헤어컬러				
UI_20150401_001442	Disponible títulos	장착 가능 칭호				
UI_20150401_001443	{@st41b}Controlador UI modo{/}	{@st41b}조이스틱 UI 모드{/}				
UI_20150401_001444	{@st41}{#ffffcc}Nombre	{@st41}{#ffffcc}이름				
UI_20150401_001445	{@st41}{#ffffcc}Precio	{@st41}{#ffffcc}가격				
UI_20150401_001446	{@st41}{#ffffcc}estado	{@st41}{#ffffcc}상태				
UI_20150401_001447	{@st41b}Cancelar Vista previa	{@st41b}미리보기 취소				
UI_20150401_001448	{@st41}{#ffff00}My TPs : %s{/}	{@st41}{#ffff00}나의 NXP : %s{/}				
UI_20150401_001449	equipado	착용중				
UI_20150401_001450	Descripción : {#FFFF00}%s{/}	설명 : {#FFFF00}%s{/}				
UI_20150401_001451	promedio Nivel : {#FFFF00}%s{/}	평균 레벨 : {#FFFF00}%s{/}				
UI_20150401_001452	Condiciones	조건				
UI_20150401_001453	título: %s	칭호   %s				
UI_20150401_001454	Recompensa: %s	보상   %s				
UI_20150401_001455	{@st42}Cantidad	{@st42}갯수				
UI_20150406_001456	{@st43}Base campamento	{@st43}베이스 캠프				
UI_20150406_001457	{@st42}Construct	{@st42}건설				
UI_20150406_001458	{@st42}Cancelar	{@st42}취소				
UI_20150406_001459	{@stc1}Campamento Duration	{@stc1}캠프 유지 시간				
UI_20150406_001460	{@st41b}Base campamento	{@st41b}베이스캠프				
UI_20150406_001461	{@st41b}Campamento Duration	{@st41b}캠프 유지 시간				
UI_20150406_001462	{@st42b}Un campamento base dura 24 horas adicionales cuando se renueva. {nl}%s de plata se consumen.	{@st42b}갱신시 24시간 추가 캠프 유지되며{nl} %s실버가 소모됩니다.				
UI_20150406_001463	{@st41}Eliminar campamento	{@st41}캠프 해체				
UI_20150406_001464	{@st42}Eliminar Table	{@st42}테이블 해체				
UI_20150406_001465	{@st59b}Grimorio{nl}{@st59s} - Coloca una carta en el mazo para iniciar la invocación{/}	{@st59b}그리모어{nl}{@st59s} - 카드를 덱에 올리고 소환술을 실행합니다{/}				
UI_20150406_001466	{@st41}My invocar Habilidad	{@st41}내 소환 스킬				
UI_20150406_001467	{@st41}Atributo	{@st41}스텟				
UI_20150406_001468	{@st41b}Ofrenda cuadro Nombre	{@st41b}봉헌함 이름				
UI_20150406_001469	{@st41b}Ofrenda cuadro detalles	{@st41b}봉헌함 물품 상세내용				
UI_20150406_001470	{@st59}Cerrar	{@st59}매입의뢰상점을 닫습니다				
UI_20150406_001471	{@st59b}Compra en tienda{nl}{@st59s} - Intercambia objetos por plata	{@st59b}매입의뢰상점{nl}{@st59s} - 내가 가진 물건을 실버로 교환할 수 있습니다				
UI_20150406_001472	{@st41b}Otro jugador's ReMisióned Objeto{/}	{@st41b}의뢰자 요청 아이템{/}				
UI_20150406_001473	{@st41b}Disponible objetos{/}	{@st41b}판매 등록 아이템{/}				
UI_20150406_001474	{@st41b}Total Sales	{@st41b}총 수입				
UI_20150406_001475	{@st41b}Vender	{@st41b}판매				
UI_20150406_001476	{@st59}Vender tu objeto(s).{/}	{@st59}등록한 아이템을 판매합니다{/}				
UI_20150406_001477	{@st59}Cerrar{/}	{@st59}개인 창고를 닫습니다{/}				
UI_20150406_001478	{@st41b}%s plata es se cobra al storing y taking objetos de almacén.{/}	{@st41b}창고에 물품을 보관하고 찾을시에 %s실버가 소모됩니다.{/}				
UI_20150406_001479	{@st41b}Cantidad	{@st41b}갯수				
UI_20150414_001480	{@st42b}El duración de tu campamento puede ser aumentado.{nl} Costo: %s plata.	{@st42b}갱신시 캠프 유지시간이 증가되며{nl} %s실버가 소모됩니다.				
UI_20150414_001481	{@st41b}Tipo {@sti7}%s{/}	{@st41b}타입           {@sti7}%s{/}				
UI_20150414_001482	{@st41b}Dificultad {@sti7}%s{/}	{@st41b}조작난이도 {@sti7}%s{/}				
UI_20150414_001483	{@st59b} Objeto {/}	{@st59b}  아이템  {/}				
UI_20150414_001484	{@st59b} Monstruo {/}	{@st59b}  몬스터  {/}				
UI_20150414_001485	{@st59b} mover Mapa {/}	{@st59b}  맵이동  {/}				
UI_20150414_001486	{@st59b} Battle Command {/}	{@st59b}  전투명령  {/}				
UI_20150414_001487	{s26}{b}	{s26}{b}개				
UI_20150414_001488	{s26}{b}Nivel	{s26}{b}레벨				
UI_20150414_001489	{@st44}{s26}Nivel	{@st44}{s26}레벨				
UI_20150414_001490	{@st59b}{s26}c/u	{@st59b}{s26}마리				
UI_20150414_001491	{@st41b}Cooking	{@st41b}조리				
UI_20150414_001492	{@st41b}Food	{@st41b}음식				
UI_20150414_001493	{@st42}Eliminar Refreshment Table	{@st42}배식대 해체				
UI_20150414_001494	{@st41b}Registros{/}	{@st41b}기록{/}				
UI_20150414_001495	{@st41}Grupo Descripción	{@st41}파티 설명				
UI_20150414_001496	{@st41b}Introduce{/}	{@st41b}입력{/}				
UI_20150414_001497	Roasting Nivel %s	로스팅 레벨 %s				
UI_20150428_001498	{@st43}Compra en tienda{/}	{@st43}매입상점{/}				
UI_20150428_001499	{@st41b}Cerrar	{@st41b}마감하기				
UI_20150428_001500	{@st41b}Bug informe	{@st41b}버그 제보				
UI_20150428_001501	{@st59}Notify us about bugs y issues{/}	{@st59}문제가 있는 사항을 알립니다{/}				
UI_20150428_001502	Cuando informes de un error, tu partida hasta ese momento se enviará a nuestro servidor.{nl}El archivo de repetición será de gran ayuda para solucionar el error. ¿Quieres enviarlo?	버그를 제보하시면 현재까지 게임플레이 화면이 서버로 전송됩니다. 전송된 리플레이 파일은 버그 수정에 큰 도움이 됩니다. 전송하시겠습니까?				
UI_20150428_001503	{@st41b}Bug descripción :{/}	{@st41b}버그 내용 :{/}				
UI_20150428_001504	{@st41b}Entrar un descripción es no mandatory, but lo será ayuda us un lot en analyzing el bug.	{@st41b}버그 내용은 필수 입력 사항이 아니지만 분석에 도움이 됩니다.				
UI_20150428_001505	{@st41b}Enviar	{@st41b}전송				
UI_20150428_001506	{@st42}{s14}{#ffff00}Objetivo Lock{/}	{@st42}{s14}{#ffff00}타겟 고정{/}				
UI_20150428_001507	{@st59}Bloquea tu objetivo sin importar la distancia ni la dirección	{@st59}거리나 방향 전환에 관계없이 타겟을 고정합니다				
UI_20150428_001508	¡Grupo encontrado!	파티 조건 일치!				
UI_20150428_001509	controlador de acceso rápido de Descanso	조이스틱 휴식 퀵슬롯				
UI_20150428_001510	{@st41b}Modo Descanso	{@st41b}휴식모드				
UI_20150428_001511	controlador Tutorial	조이패드 튜토리얼				
UI_20150428_001512	{@st59}Cerrar controlador Tutorial(M){/}	{@st59}조이패드 설명을 닫습니다.(M){/}				
UI_20150428_001513	teclado Tutorial	키보드 튜토리얼				
UI_20150428_001514	{@st44}Cerrar sesión{/}	{@st44}로그아웃{/}				
UI_20150428_001515	{@st41b}Salir del asistente (requiere %s TP){/}	{@st41b}헬퍼 남기기(NXP %s개 필요){/}				
UI_20150428_001516	ranura Añadirition Costo : {#ff9933}%s{/}{nl}Gema Removal Costo : {#ff9933}%s{/}	소켓 추가 비용 : {#ff9933}%s{/}{nl}젬 제거 비용 : {#ff9933}%s{/}				
UI_20150428_001517	{@st41b}Eliminar Gema	{@st41b}젬 제거				
UI_20150428_001518	{@st42}{s14}{#ffff00}UI Modo{/}	{@st42}{s14}{#ffff00}UI 모드{/}				
UI_20150428_001519	{@st59}Usar teclado o mando para controlar la interfaz{/}	{@st59}키보드나 조이패드를 사용해서 UI를 조작합니다				
UI_20150428_001520	Usar Buscar Grupo 	파티원 찾기 기능 사용				
UI_20150428_001521	Cuando se encuentre un personaje que coincida con las condiciones de tu grupo, se mostrará el aviso [¡Partida de grupo encontrada!].{nl}	찾기 기능을 사용하는 캐릭터 중 조건에 맞는 캐릭터를{nl}만난다면 [파티 조건 일치!] 문구가 표시 됩니다.				
UI_20150428_001522	{@st41}Estilo de juego{/}	{@st41}플레이 스타일{/}				
UI_20150428_001523	Misióning	퀘스트 진행				
UI_20150428_001524	cazar	사냥 중심				
UI_20150428_001525	Eventos	이벤트 진행				
UI_20150428_001526	{@st41}Nv. Difference{/}	{@st41}레벨 차이{/}				
UI_20150428_001527	Not related	관계없음  /				
UI_20150428_001528	{@st41}Tipo de clase deseada{/}	{@st41}원하는 클래스 계열{/}				
UI_20150428_001529	{@st41b}Leave Grupo	{@st41b}파티 탈퇴				
UI_20150428_001530	{@st59}Buscar por grupo descripción{/}	{@st59}파티 설명으로 검색합니다{/}				
UI_20150428_001531	{s18}{ol}{gr gradation1}Helper Rules{/}	{s18}{ol}{gr gradation1}헬퍼 규칙{/}				
UI_20150428_001532	{@st59}Fabricar{/}	{@st59}제조를 실행합니다.{/}				
UI_20150428_001533	{@st45ty}Peinado Color	{@st45ty}헤어컬러				
UI_20150428_001534	{@st45ty}Disponible título	{@st45ty}장착 가능 칭호				
UI_20150428_001535	{@st41_yellow}Helper Habilidad	{@st41_yellow}헬퍼 스킬				
UI_20150428_001536	{@st41b}Mostrar otro Personaje Names{/}	{@st41b}다른 캐릭터 이름 표시{/}				
UI_20150428_001537	{@st43}UI Modo{/}	{@st43}UI 모드{/}				
UI_20150428_001538	{@st41b}Automático{/}	{@st41b}자동{/}				
UI_20150428_001539	{@st41b}Controlador{/}	{@st41b}조이패드{/}				
UI_20150428_001540	{@st41b}Teclado{/}	{@st41b}키보드{/}				
UI_20150428_001541	controlador	조이패드				
UI_20150428_001542	{@st59}Controlador Información{/}	{@st59}조이패드 안내{/}				
UI_20150428_001543	teclado	키보드				
UI_20150428_001544	{@st59}Teclado Información{/}	{@st59}키보드 안내{/}				
UI_20150428_001545	{@st43}Graphic Configuración{/}	{@st43}그래픽 설정{/}				
UI_20150428_001546	{@st43}Performance{/}	{@st43}성능 조정{/}				
UI_20150428_001547	{@st41b}Low-spec Modo{/}	{@st41b}저사양모드{/}				
UI_20150428_001548	{@st41b}Automático Adjustment{/}	{@st41b}자동조정{/}				
UI_20150428_001549	{@st41b}Don't usar{/}	{@st41b}사용안함{/}				
UI_20150428_001550	partida FAQ	게임faq				
UI_20150428_001551	Players : (%s/%s)	인원 : (%s/%s)				
UI_20150428_001552	At least Nv. 100 : (%s/%s)	100레벨 이상 : (%s/%s)				
UI_20150511_001553	{@st41}Link Grupo Invitar	{@st41}파티초대 링크걸기				
UI_20150714_001554	{@st66b}Objetos vendidos: ×%s / Objetos no vendidos: ×%s{/}	{@st66b}낙찰물품 : %s개 / 유찰물품 : %s개{/}				
UI_20150714_001555	{@st41b}Trade Log	{@st41b}거래 기록				
UI_20150714_001556	{@st41b}Eliminar base campamento	{@st41b}캠프 해체				
UI_20150714_001557	Card Batallas	카드대전				
UI_20150714_001558	{@st64}%s Win(s) {/}	{@st64}%s승{/}				
UI_20150714_001559	Selecciona Card	카드 결정				
UI_20150714_001560	Índice de aventura:{#ffff00} %s{/} ({#ffff00}Rango: %s{/})	모험지수 {#ffff00}%s{/} ({#ffff00}%s{/}위)				
UI_20150714_001561	{@st66b}¡Me gusta!	{@st66b}좋아요!				
UI_20150714_001562	{@st41}Me gusta este personaje {#ffff00}%s{/}	이 캐릭터가 좋아요 {#ffff00}%s{/}				
UI_20150714_001563	{@st41b}Eliminar Refreshment Table	{@st41b}배식대 해체				
UI_20150714_001564	{@st42}My invocar Habilidad	{@st42}내 소환 스킬				
UI_20150714_001565	{@st42}Atributo	{@st42}스텟				
UI_20150714_001566	{@st42}Ubicación actual : %s{/}	{@st42}현재 위치 : %s{/}				
UI_20150714_001567	{@st59b}Equipo {nl}{@st59s} - Cabello/disfraz: equipo para cambiar la apariencia de un personaje. {nl} - Arma: armas de una o dos manos {nl} (se puede equipar una subarma/escudo con un arma de una mano) {nl} - Armadura: parte superior, parte inferior, guantes, zapatos. {nl} - Accesorios: 1 collar y 2 brazaletes. {nl} {/}	{@st59b}착용장비{nl}{@st59s} - 헤어/코스튬 : 외형 변경 가능 아이템 착용{nl} - 무기 : 한손 장비 및 양손 장비 착용 가능{nl}   (한손 장비 착용시 서브웨폰/방패 착용 가능 ){nl} - 방어구 : 상의, 하의, 장갑, 신발 착용{nl} - 악세서리 : 목걸이 1개, 팔찌 2개 착용{nl}   (팔찌2는 Alt키로 비교해 보기/장착 가능){/}				
UI_20150714_001568	{@st43}Abrir %s Tienda {/}	{@st43}%s 상점 개설{/}				
UI_20150714_001569	{@st41b}Roasting{/}	{@st41b}로스팅{/}				
UI_20150714_001570	{@st66}Selecciona Todos	{@st66}전체 선택				
UI_20150714_001571	{@st43}Fabricar flecha{/}	{@st43}화살제작{/}				
UI_20150714_001572	{@st59}Cerrar{/}	{@st59} UI를 닫습니다{/}				
UI_20150714_001573	{@st66b}Comprobar{/}	{@st66b}확인{/}				
UI_20150714_001574	{@st66b}Salir del asistente (requiere %s TP){/}	{@st66b}헬퍼 남기기(NXP %s개 필요){/}				
UI_20150714_001575	Costo de ranura adicional : {#000000}%s{/} {nl}Costo de extracción de Gema : {#000000}%s{/}	소켓 추가 비용 : {#000000}%s{/} {nl}젬 추출 비용 : {#000000}%s{/}				
UI_20150714_001576	{ds}Recommended Nivel : %s	{ds}권장 레벨 : %s				
UI_20150714_001577	Explored : 50.0%	탐사율 : 50.0%				
UI_20150714_001578	{@st45tw}[%s% explorado]{/}	{@st45tw}[탐사율 %s%]{/}				
UI_20150714_001579	>>Mostrar Más Información...	>>더 보기..				
UI_20150714_001580	%s (Rango %s)	%s (%s 랭크)				
UI_20150714_001581	Job Nombre	직업이름				
UI_20150714_001582	{@st41b}Invitar	{@st41b}초대				
UI_20150714_001583	{@st41}Puedes cambiar entre teclado, mando o controles táctiles desde el menú del sistema.{nl}	{@st41}조이패드나 마우스 조작을 원할 경우, 시스템 메뉴의 게임 설정에서 선택할 수 있습니다.{/}				
UI_20150714_001584	Cuando encuentres un personaje que coincida con las condiciones de tu grupo, se mostrará el aviso [¡Partida de grupo encontrada!].{nl}También se te recomendarán otros grupos.{nl}	조건이 일치하는 캐릭터를 만난다면 [파티 조건 일치!] 문구가 표시 됩니다.{nl}또한 파티원을 구하는 다른 파티에 자주 추천됩니다.				
UI_20150714_001585	{@st42}Estilo de juego{/}	{@st42}플레이 스타일{/}				
UI_20150714_001586	{@st42}Nv. Difference{/}	{@st42}레벨 차이{/}				
UI_20150714_001587	Any	관계없음				
UI_20150714_001588	{@st42}Clase Tipo{/}	{@st42}원하는 클래스 계열{/}				
UI_20150714_001589	{@st42}Grupo Nombre : %s{/}	{@st42}파티명 : %s{/}				
UI_20150714_001590	{@st42}Descripción{/}	{@st42}파티 설명{/}				
UI_20150714_001591	{@st42}Introduce{/}	{@st42}입력{/}				
UI_20150714_001592	{@st42}Objeto distribución	{@st42}아이템 분배 규칙				
UI_20150714_001593	{@st42}EXP distribución	{@st42}경험치 분배 규칙				
UI_20150714_001594	Individual EXP	각자얻기				
UI_20150714_001595	Equal EXP	균등분배				
UI_20150714_001596	Por nivel	레벨차등				
UI_20150714_001597	{@st42}Compartir misión	{@st42}퀘스트 공유				
UI_20150714_001598	Disabled	사용안함				
UI_20150714_001599	{@st42}Public Grupo{/}	{@st42}공개 파티 목록에 등록{/}				
UI_20150714_001600	Nivel	희망 레벨				
UI_20150714_001601	{@st42}Usar 'Recommend Grupo'{/}	{@st42}파티원 추천 기능 사용{/}				
UI_20150714_001602	Por distancia	거리에 의해				
UI_20150714_001603	Por clase	직업에 의해				
UI_20150714_001604	Por nivel	레벨에 의해				
UI_20150714_001605	Por misión	진행 퀘스트에 의해				
UI_20150714_001606	Por cercanía	친분에 의해				
UI_20150714_001607	{@st42}Share Grupo Invitar Link	{@st42}파티초대 링크걸기				
UI_20150714_001608	>>Grupo Vista previa...	>>파티 보기..				
UI_20150714_001609	Grupo Nombre : %s	파티이름 : %s				
UI_20150714_001610	Grupo Descripción : %s	파티소개 : %s				
UI_20150714_001611	Creard : %s ago	결성시간 : %s 전				
UI_20150714_001612	Grupo miembros : %s/5	인원구성 : %s/5				
UI_20150714_001613	ingresar	가입				
UI_20150714_001614	{@st59}Buscar por grupo nombre o descripción{/}	{@st59}파티 이름 및 설명으로 검색합니다{/}				
UI_20150714_001615	Simple ayuda detalles	심플 도움말내용				
UI_20150714_001616	{@st43}Mensaje cuadro	{@st43}메세지함				
UI_20150714_001617	{@st41b}Todos	{@st41b}전체				
UI_20150714_001618	{@st41b}Unread Mensajes	{@st41b}안읽은 메세지함				
UI_20150714_001619	{@st43}{s22}elegir un personaje a recibir el objetos.{/}	{@st43}{s22}아이템을 수령할 캐릭터를 선택해주세요.{/}				
UI_20150714_001620	{@st41b}Mejorar	{@st41b}강화				
UI_20150714_001621	{@st66}Objetos requiring un reparar	{@st66}수리 필요 아이템 목록				
UI_20150714_001622	{@st43}Simoni	{@st43}시모니				
UI_20150714_001623	{@st59}Increase habilidades{/}	{@st59}스킬을 올려주세요{/}				
UI_20150714_001624	{@st59}Cerrar{/}	{@st59}스킬과 특성을 닫습니다{/}				
UI_20150714_001625	{@st43}Habilidades & atributos{/}	{@st43}스킬과 특성{/}				
UI_20150714_001626	Restante estado Puntos {nl}{@st46}%s	남은 스테이터스 포인트 {nl}{@st46}%s				
UI_20150714_001627	Likes recibido : %s	내가 받은 좋아요! : %s개				
UI_20150714_001628	{@st66b}Mostrar Gained EXP{/}	{@st66b}경험치 획득량 표기{/}				
UI_20150714_001629	{@st66b}Mostrar Nombre del personaje{/}	{@st66b}캐릭터 이름 보기{/}				
UI_20150714_001630	{@st66b}Mostrar solo Nombre del equipo{/}	{@st66b}팀 이름만 표시{/}				
UI_20150714_001631	{@st66b}Mostrar nombres de otros jugadores{/}	{@st66b}다른 캐릭터 이름 표시{/}				
UI_20150714_001632	{@st66b}Automático{/}	{@st66b}자동{/}				
UI_20150714_001633	{@st66b}Controlador{/}	{@st66b}조이패드{/}				
UI_20150714_001634	{@st66b}Teclado{/}	{@st66b}키보드{/}				
UI_20150714_001635	{@st66b}MoUsar	{@st66b}마우스				
UI_20150714_001636	{@st66b}Pantalla completa{/}	{@st66b}전체 화면{/}				
UI_20150714_001637	{@st66b}Modo ventana{/}	{@st66b}창모드{/}				
UI_20150714_001638	{@st66b}Sonido efectos volumen (%s){/}	{@st66b}효과음 크기 (%s){/}				
UI_20150714_001639	{@st66b}BGM volumen (%s){/}	{@st66b}음악 크기 (%s){/}				
UI_20150714_001640	{@st66b}Volumen (%s){/}	{@st66b}사운드 전체 크기 (%s){/}				
UI_20150714_001641	{@st66b}Low Modo{/}	{@st66b}저사양모드{/}				
UI_20150714_001642	{@st66b}Automático Setup{/}	{@st66b}자동조정{/}				
UI_20150714_001643	{@st66b}Disable{/}	{@st66b}사용안함{/}				
UI_20150714_001644	{@st66b}Aplicar Bloom{/}	{@st66b}블룸 적용{/}				
UI_20150714_001645	{@st66b}Aplicar Vignette{/}	{@st66b}비넷팅 적용{/}				
UI_20150714_001646	{@st66b}Aplicar FXAA{/}	{@st66b}FXAA 적용{/}				
UI_20150714_001647	{@st66b}Aplicar Glow{/}	{@st66b}GLOW 적용{/}				
UI_20150714_001648	{@st66b}Aplicar Depth{/}	{@st66b}Depth 적용{/}				
UI_20150714_001649	{@st66b}Aplicar Soft Particle{/}	{@st66b}SoftParticle 적용{/}				
UI_20150714_001650	{@st66b}Aplicar High Textoure {/}	{@st66b}고사양 텍스쳐 적용{/}				
UI_20150714_001651	{@st66b}Sincronización vertical activada{/}	{@st66b}수직 동기화 켜기{/}				
UI_20150714_001652	{@st66b}Sincronización vertical desactivada{/}	{@st66b}수직 동기화 끄기{/}				
UI_20150714_001653	{@st66b} %s plata es se cobra al storing y taking objetos de almacén.{/}	{@st66b}창고에 물품을 보관하고 찾을시에 %s실버가 소모됩니다.{/}				
UI_20150714_001654	%s como me	%s가 나를 좋아합니다				
UI_20150714_001655	{@st41}Spectate	{@st41}관전하기				
UI_20150714_001656	{@st66b}Salir Spectator Modo	{@st66b}관전 종료				
UI_20150714_001657	Partida encontrada. ¿Quieres unirte?	게임을 찾았습니다. 참가하시겠습니까?				
UI_20150714_001658	{@st41}Ingresar	{@st41}참가				
UI_20150714_001659	{@st41}Decline	{@st41}거절				
UI_20150714_001660	End partida	경기 종료				
UI_20150714_001661	Deaths	데스				
UI_20150714_001662	daño	피해량				
UI_20150714_001663	{@st41}Volver a la zona	{@st41}존으로 돌아가기				
UI_20150714_001664	{@st41b}Volviendo a la zona en %s segundos...{/}	{@st41b}%s초 후 존으로 이동합니다...{/}				
UI_20150714_001665	{@st59}Abrirs el Mensaje cuadro{/}	{@st59}메세지함을 엽니다{/}				
UI_20150714_001666	{@st42}Cambiar residencia{/}	{@st42}숙소 변경{/}				
UI_20150714_001667	{@st42}Residencia Configuración{/}	{@st42}숙소 설정{/}				
UI_20150714_001668	{@st65}%s Puntuación{/}	{@st65}%s 점{/}				
UI_20150714_001669	{@st65}×%s{/}	{@st65}%s 개{/}				
UI_20150714_001670	{@st65}% Puntuación{/}	{@st65}%s점{/}				
UI_20150714_001671	{@st65}×%s{/}	{@st65}%s개{/}				
UI_20150714_001672	Descripción de imagen	사진에 대한 설명				
UI_20150714_001673	{#000000}%s segundos	{#000000}%s 초				
UI_20150714_001674	{#000000}%s equipado	{#000000}%s 장착				
UI_20150714_001675	Grupo Nombre : {#2c140c}%s{/}	파티명 : {#2c140c}%s{/}				
UI_20150714_001676	Descripción : {#2c140c}%s{/}	설명 : {#2c140c}%s{/}				
UI_20150714_001677	promedio Grupo Nivel : {#2c140c}%s{/}	평균 레벨 :  {#2c140c}%s{/}				
UI_20150714_001678	Buscando: {#2c140c}%s{/}	찾는 파티원 :  {#2c140c}%s{/}				
UI_20150714_001679	Compartir misión : {#2c140c}%s{/}	퀘스트 공유 :  {#2c140c}%s{/}				
UI_20150714_001680	EXP distribución : {#2c140c}%s{/}	경험치 분배규칙 :  {#2c140c}%s{/}				
UI_20150714_001681	Objeto distribución : {#2c140c}%s{/}	아이템 분배규칙 :  {#2c140c}%s{/}				
UI_20150714_001682	Did tú tener un good tiempo con este grupo?	파티는 즐거우셨나요?				
UI_20150714_001683	{@st42} obtenido %s por %s	{@st42}%s님이 %s(을)를 드셨습니다				
UI_20150714_001684	{@st42} %s enhanced %s	{@st42}%s님이 %s(을)를 강화하셨습니다.				
UI_20150714_001685	Memo :%s	메모 :%s				
UI_20150714_001686	{@st59}Añade el material a este espacio.{/}	{@st59}재료 아이템을 슬롯에 추가합니다.{/}				
UI_20150714_001687	{@st66b}Precio : %s{/}	{@st66b}가격 : %s{/}				
UI_20150714_001688	Personaje Greeting	캐릭터 인사말				
UI_20150714_001689	Compra en tienda	매입의뢰상점				
UI_20150714_001690	×%s	%s 개				
UI_20150714_001691	{@41b}Criteria	{@41b}조건				
UI_20150714_001692	{@st41}Eliminar	{@st41}삭제				
UI_20150714_001693	{@st41}Actualizar	{@st41}새로 고침				
UI_20150717_001694	{#ffff00}%s{/} jugadores como este personaje	이 플레이어가 좋아요 {#ffff00}%s{/}				
UI_20150717_001695	{@st41b}{s56}Esta partida es {#0066FF}	{@st41b}{s56}이 게임은 {#0066FF}				
UI_20150717_001696	Tasad T.	12세 이용가				
UI_20150717_001697	{s40} {nl}Playing la partida para long periods de tiempo puede negatively impact tu health.{/}	{#FFFFFF}입니다.{nl}{s40} {nl}장시간의 게임 이용은 건강을 해칠 수 있습니다.{/}				
UI_20150717_001698	{@st66b}Introduce	{@st66b}입력				
UI_20150717_001699	{@st42}My invocar Información	{@st42}내 소환수 정보				
UI_20150717_001700	Tu movement slows abajo cuando tú hacer no tener enough{@st59}STA{/}	{@st59}STA{nl}{@st59s}스태미나가 부족하면 이동이 느려집니다{/}				
UI_20150717_001701	{@st59}Sort tu inventario{/}	{@st59}인벤토리를 정렬합니다{/}				
UI_20150717_001702	Sort	정리				
UI_20150717_001703	{@st59}Cerrar{/}	{@st59}조이패드 설명을 닫습니다.{/}				
UI_20150717_001704	{@st59}Cerrar{/}	{@st59}키보드 설명을 닫습니다.{/}				
UI_20150717_001705	MoUsar Tutorial	마우스 튜토리얼				
UI_20150717_001706	{@st59}Cerrar{/}	{@st59}마우스 설명을 닫습니다.{/}				
UI_20150717_001707	Ataque : %s	공격력 : %s				
UI_20150717_001708	defensa : %s	방어력 : %s				
UI_20150717_001709	STR : %s	힘 : %s				
UI_20150717_001710	CON : %s	체력 : %s				
UI_20150717_001711	INT : %s	지능 : %s				
UI_20150717_001712	DEX : %s	민첩 : %s				
UI_20150717_001713	SPR : %s	정신 : %s				
UI_20150717_001714	{@st42b}Spalabrasman Tipos puede dash por pressing la flecha tecla twice.{/}	{@st42b}소드맨 계열은 방향을 빠르게 두번 입력하여 질주할 수 있습니다{/}				
UI_20150717_001715	{@st42}Grupo Nombre & Descripción{/}	{@st42}파티명과 설명{/}				
UI_20150717_001716	{@st42}Etiqueta de invitación al grupo	{@st42}파티 초대 태그 삽입				
UI_20150717_001717	{@st41b}Lista de grupos públicosa{/}	{@st41b}공개 파티 목록{/}				
UI_20150717_001718	{@st41b}Recommended Personaje Lista{/}	{@st41b}추천 캐릭터 목록{/}				
UI_20150717_001719	{@st41b}Recibir recomendación	{@st41b}추천 받기				
UI_20150717_001720	Esto solo puede ser utilizado por grupo leaders.	파티 리더만 사용 가능한 기능입니다.				
UI_20150717_001721	Debes usar la función de recomendación de miembros del grupo.	파티원 추천 기능을 사용해야 합니다.				
UI_20150717_001722	{@st66b}Misión Clase Nombre{/}	{@st66b}퀘스트 클래스 네임{/}				
UI_20150717_001723	{@st59b}Tienda{nl}{@st59s} - Usa Shift + clic derecho e introduce una cantidad para comprar/vender varios objetos. {nl} - Haz doble clic derecho para vender todos los objetos.{/}	{@st59b}상점{nl}{@st59s} - 아이템을 여러 개 판매/구매하려면 Shift + 우클릭 후 갯수 입력{nl} - 아이템을 전량 판매하려면 마우스 더블 우클릭으로 이용{/}				
UI_20150717_001724	{@st59}MoUsar Información{/}	{@st59}마우스 안내{/}				
UI_20150717_001725	{@st66b}Sort	{@st66b}정렬				
UI_20150717_001726	{@st59}Sort objetos en tu almacén{/}	{@st59}아이템을 정렬합니다.{/}				
UI_20150717_001727	{@st59b}Equipar armas en este espacio{nl}Pulsa Alt+Z para cambiar de arma{/}	{@st59}슬롯에 무기 장착{nl}Alt+Z로 무기 전환{/}				
UI_20150717_001728	Spectate otro personaje	다른사람 시점으로 관전하기				
UI_20150717_001729	{@st41}Campo de batalla	{@st41}배틀 필드				
UI_20150717_001730	Results	결과				
UI_20150717_001731	{@st41}Mover Now	{@st41}바로 이동				
UI_20150717_001732	{@st41b}             El nombre de equipo representa a todos tus personajes.{nl}                Es un nombre común utilizado dentro de la partida.{nl}                  (¡Cambiar el nombre de equipo costará TP!){/}	{@st66b} 팀 이름은 모든 캐릭터를 대표하는 이름입니다.{nl}자유롭게 바꿀 수 있는 팀 이름은 거래, 길드 가입, 대화 등에 사용되는 공용 이름입니다.{/}				
UI_20150729_001733	{@st42}Mostrar solo atributos ese puede ser learned{/}	{@st42}학습 가능한 특성만 표시{/}				
UI_20150729_001734	Leg cantidad	다리갯수				
UI_20150729_001735	Key	키				
UI_20150729_001736	Peso	몸무게				
UI_20150729_001737	{@st43}Gema Roasting{/}	{@st43}젬 로스팅{/}	UI_20150323_001331	{@st43}Gem Roasting{/}	{@st43}젬로스팅{/}	
UI_20150729_001738	{@st59b}Fabricación de objetos{nl}{@st59s} - Un objeto puede fabricarse usando una receta.{nl} - Coloca la receta y los materiales necesarios en el espacio para comenzar a fabricar un objeto. {nl} - Puedes asignar al objeto un nombre y una nota únicos.{/}	{@st59b}아이템 제작{nl}{@st59s} - 레시피 아이템을 입수하면 해당하는 아이템 제작 가능{nl} - 레시피와 재료를 슬롯에 넣은 후 아이템 제작 실행{nl} - 제작하는 아이템에 이름과 메모 기입 가능{/}				
UI_20150729_001739	{@st59}Cerrar flecha Fabricación{/}	{@st59}화살제작을 닫습니다.{/}				
UI_20150729_001740	fragmentos needed : Mutant %s / Beast %s / Plant %s	필요 파편 : 변이 %s개 / 야수 %s개 / 식물 %s개	UI_20150317_000417	Fragments Required : %s	필요 파편 : %s	
UI_20150729_001741	{@st42b}         Algunas clases pueden correr haciendo doble toque en una tecla de dirección{/}	{@st42b}전사 계열은 방향을 빠르게 두번 입력하여 질주할 수 있습니다{/}	UI_20150717_001714	{@st42b}Swordsman types can dash by pressing the arrow key twice.{/}	{@st42b}소드맨 계열은 방향을 빠르게 두번 입력하여 질주할 수 있습니다{/}	
UI_20150729_001742	{@st41}Grupo Configuración	{@st41}파티 설정				
UI_20150729_001743	{@st41}Grupo Recruit Configuración	{@st41}파티 모집 설정				
UI_20150729_001744	{@st42}Buscar para Grupo miembros{/}	{@st42}파티원 찾기 기능 사용{/}	UI_20150428_001520	Use Search Party 	파티원 찾기 기능 사용	
UI_20150729_001745	When un jugador meets el criteria tú conjunto arriba, un [Grupo Match!] mensaje será Mostrado en tu pantalla.	조건이 일치하는 플레이어를 만난다면 [파티 조건 일치!] 문구가 표시 됩니다.				
UI_20150729_001746	{@st41b}Recommended jugador Lista{/}	{@st41b}추천 플레이어 목록{/}	UI_20150717_001718	{@st41b}Recommended Character List{/}	{@st41b}추천 캐릭터 목록{/}	
UI_20150729_001747	{@st41}Atributo Información	{@st41}특성 및 정보				
UI_20150729_001748	{@st59}Cancelar Enhancement{/}	{@st59}강화를 취소합니다{/}				
UI_20150729_001749	{@st59b}Mejora de gemas/cartas{nl}{@st59s} - Selecciona una gema o carta de tu inventario para mejorarla.{nl} - Todos los objetos, excepto los objetos de misión, pueden utilizarse como materiales para mejorar gemas.{nl} (Es más eficaz usar una gema como material){nl} - Las cartas solo pueden mejorarse usando otras cartas.{/}	{@st59b}젬/카드 강화{nl}{@st59s} - 강화할 젬 또는 카드를 인벤토리에서 선택하여 등록{nl} - 퀘스트 아이템을 제외한 모든 아이템을 젬 강화 재료로 사용 가능{nl}   (젬을 재료로 사용했을 때 효율이 가장 높음){nl} - 카드 강화는 다른 카드들로만 재료로 사용 가능{/}				
UI_20150729_001750	{#000000}{s22}servidor Queue	{#000000}{s22}서버 입장 대기중				
UI_20150729_001751	{#000000}{s22}El servidor es Actualmente completo. Queueing para entrada.	{#000000}{s22}서버 인원이 가득 차 입장 대기 중 입니다.				
UI_20150729_001752	{#000000}{s22}Actual Position : %s	{#000000}{s22}현재 순위 : %s				
UI_20150729_001753	{@st43}Batalla de equipo League	{@st43}팀 배틀 리그				
UI_20150729_001754	{@st59}Cerrar	{@st59}팀 배틀 리그를 닫습니다.				
UI_20150729_001755	{@st42}Calendario de la liga de batalla	{@st42}팀 배틀 리그 일정				
UI_20150729_001756	{@st43}Batalla de equipo League Clasificacións	{@st43}팀 배틀 리그 랭킹	UI_20150317_000804	{@st43}Battlefield Rankings	{@st43}배틀 필드 랭킹	
UI_20150729_001757	{@st59}Cerrar Equipo	{@st59}팀 배틀 리그 랭킹을 닫습니다.	UI_20150317_000805	{@st59}Close Battlefield rankings	{@st59}배틀 필드랭킹을 닫습니다.	
UI_20150729_001758	Nombre del equipo	팀 이름				
UI_20150729_001759	{@st41b}Habilidad Nombre	{@st41b}스킬이름				
UI_20150729_001760	{@st59}Aceptar Grupo Mission{/}	{@st59}파티 미션 진행을 수락합니다{/}	UI_20150317_001278	{@st59}Join Party Quest{/}	{@st59}파티 퀘스트 진행을 수락합니다{/}	
UI_20150729_001761	{@st59}Eliminar este Ticket{/}	{@st59}해당 티켓을 삭제합니다.{/}				
UI_20150729_001762	Puntuación	점수				
UI_20150729_001763	ingresar Batalla de equipo League	팀 배틀 리그 참여				
UI_20150730_001764	{@st56}My Rango	{@st56}내 랭킹				
UI_20150730_001765	{@st56}Eliminar Rango	{@st56}킬 랭킹				
UI_20150730_001766	{@st56}Daño Rango	{@st56}데미지 랭킹				
UI_20150803_001767	General: /s chat{nl}Grito: /y chat {nl}Grupo: /p chat{nl}Susurro: /w Nombre del equipo chat	일반 : /s 할말{nl}외침 : /y 할말{nl}파티 : /p 할말{nl}귓속말 : /w 팀이름 할말	UI_20150317_000093	General: /s chat {nl} Shout: /y chat {nl} Party: /p chat{nl} Whisper: /w character's username chat	일반 : /s 내용{nl}외침 : /y 내용{nl}파티 : /p 내용{nl}귓속말 : /w 캐릭명 내용	
UI_20150803_001768	{@st66b}Controlador Vibration{/}	{@st66b}조이패드 진동{/}				
UI_20150803_001769	Se ha encontrado una partida. Espera hasta que puedas unirte a ella.	게임을 찾았습니다. 잠시 후 게임에 입장합니다.	UI_20150714_001657	Found a game. Do you want to join?	게임을 찾았습니다. 참가하시겠습니까?	
UI_20150804_001770	{@st43}{s18}Elige el personaje que recibirá el objeto.{/}	{@st43}{s18}아이템을 수령할 캐릭터를 선택해주세요.{/}				
UI_20150804_001771	Maximum Sockets : %s	최대 소켓 %s개	UI_20150317_001141	Maximum Sockets : ×%s	최대 소캣 %s개	
UI_20150807_001772	{@st41b}Detalles {img red_down_arrow 16 16}	{@st41b}상세 보기 {img red_down_arrow 16 16}				
UI_20150807_001773	{@st41b}Precio :{/}	{@st41b}거래 정산 :{/}	UI_20150317_000632	{@st41b}Price{/}	{@st41b}거래 정산 ▶{/}	
UI_20150807_001774	{@st41b}Después de reparar:{/}	{@st41b}예상 잔액 :{/}	UI_20150317_000633	{@st41b}Balance{/}	{@st41b}예상 잔액 ▶{/}	
UI_20150918_001775	campamento Duration	캠프 유지 시간				
UI_20150918_001776	efecto	효과				
UI_20150918_001777	La duración del campamento aumenta al renovarlo.{nl}Requiere %s de plata.	갱신시 캠프 유지시간이 증가되며{nl} %s실버가 소모됩니다.				
UI_20150918_001778	personal Almacén	개인 창고				
UI_20150918_001779	{@st41b}Tipo : {@sti7}%s{/}	{@st41b}타입 : {@sti7}%s{/}				
UI_20150918_001780	{@st41b}Dificultad : {@sti7}%s{/}	{@st41b}조작난이도 : {@sti7}%s{/}				
UI_20150918_001781	{#ffff00}{ol}%s{/}{/} jugadores como este personaje	이 플레이어가 좋아요 {#ffff00}{ol}%s{/}				
UI_20150918_001782	{@st43}Instanced Dungeons	{@st43}인스턴스 던전				
UI_20150918_001783	{@st41}Comprobar ubicación	{@st41}위치 확인				
UI_20150918_001784	{#000000}Dungeon Nombre{/}	{#000000}이름{/}				
UI_20150918_001785	{#000000}entrada Nivel{/}	{#000000}입장레벨{/}				
UI_20150918_001786	{#000000}entrada cantidad{/}	{#000000}입장 회수{/}				
UI_20150918_001787	{#000000}El número de entries será restablecer en %s.{/}	{#000000}입장 횟수는 %s시에 초기화 됩니다.{/}				
UI_20150918_001788	{img silver 20 20} Precio	{img silver 20 20} 받는 가격				
UI_20150918_001789	Nearby Grupo Información	주변 파티 정보				
UI_20150918_001790	Fragmentos necesarios: %s 	필요 파편 : %s개	UI_20150729_001740	Fragments needed : Mutant %s / Beast %s / Plant %s	필요 파편 : 변이 %s개 / 야수 %s개 / 식물 %s개	
UI_20150918_001791	{@st66b}Empty	{@st66b}비우기				
UI_20150918_001792	{@st42}Mostrar grupos cercanos{/}	{@st42}주변 파티 정보 표시{/}				
UI_20150918_001793	Friendship con {@sti9}%s{@st66b} : {@st66b}Nivel{/} {@sti9}%s {@st66b}	{@sti9}%s{@st66b}과의 친밀도 : {@sti9}%s {@st66b}레벨{/}	UI_20150317_000480	{@sti9}%s{@st41b}Closeness : {@sti9}%s {@st41b}Level{/}	{@sti9}%s{@st41b}과의 친밀도 : {@sti9}%s {@st41b}레벨{/}	
UI_20150918_001794	Friendship	친밀도	UI_20150317_000483	{@st41b}Affinity{/}	{@st41b}친밀도{/}	
UI_20150918_001795	{@st41b}Obtenido material para objeto fabricación!	{@st41b}제작 아이템 재료 획득!				
UI_20150918_001796	{@st66b}{s20}Tienes convertirse {/}{s20}{#cc6600}{ol}Incapable de Combate {/}{@st66b}{s20}!{/}	{@st66b}{s20}당신은 {/}{s20}{#cc6600}{ol}전투 불능 {/}{@st66b}{s20}상태가 되었습니다!{/}	UI_20150317_000605	{@st41b}You have become {/}{s20}{#cc6600}{ol} incapacitated{/}{@st41b}{/}	{@st41b}당신은 {/}{s20}{#cc6600}{ol}전투 불능 {/}{@st41b}상태가 되었습니다!{/}	
UI_20150918_001797	{@st66b}Restart del nearest Revival punto{/}	{@st66b}가까운 부활지점에서 다시하기{/}	UI_20150317_000606	{@st41b}Respawn at the nearest Revival Point{/}	{@st41b}가까운 부활지점에서 다시하기{/}	
UI_20150918_001798	{@st66b}Restart aquí (requiere %s TPs){/}	{@st66b}제자리에서 다시하기(NXP %s개 필요){/}	UI_20150317_000607	{@st41b}Respawn here (requires %s TPs) {/}	{@st41b}제자리에서 다시하기(NXP %s개 필요){/}	
UI_20150918_001799	{@st66b}Volver al campo{/}	{@st66b}필드로 복귀하기{/}	UI_20150317_000608	{@st41b}Return to field{/}	{@st41b}필드로 복귀하기{/}	
UI_20150918_001800	{@st66b}Abandon el misión y intentar de nuevo{/}	{@st66b}퀘스트 포기 후 재시작하기{/}	UI_20150317_000609	{@st41b}Abandon quest and restart{/}	{@st41b}퀘스트 포기 후 재시작하기{/}	
UI_20150918_001801	{@st66b}Try Again{/}	{@st66b}재도전{/}	UI_20150317_000610	{@st41b}Try again{/}	{@st41b}재도전{/}	
UI_20150918_001802	{@st66b}Objetos vendidos{/}	{@st66b}내가 판매한 아이템{/}				
UI_20150918_001803	{@st53}Clasificación Puntos : %s	{@st53}랭킹포인트 : %s				
UI_20150918_001804	Total Intransferible: %s	총 거래 불가: %s개				
UI_20150918_001805	{@st42b}Comprobar Dialog{/}	{@st42b}대사 확인{/}				
UI_20150918_001806	{@st66b}Dar comida a alguien fuera del grupo{/}	{@st66b}파티원 외 음식 제공{/}				
UI_20150918_001807	{@st41b}Cambiar Signboard título	{@st41b}간판이름변경				
UI_20150918_001808	{@sti9}My Rango	{@sti9}내 랭킹				
UI_20150918_001809	{@sti9}Eliminar Rango	{@sti9}킬 랭킹				
UI_20150918_001810	{@sti9}Daño Rango	{@sti9}데미지 랭킹				
UI_20151001_001811	{@st43}Key Configuración{/}	{@st43}키 설정{/}				
UI_20151001_001812	{@st45tw2}Category	{@st45tw2}카테고리				
UI_20151001_001813	Action	액션				
UI_20151001_001814	Restore defaults	기본값 복원				
UI_20151016_001815	{@st59}El seleccionado objeto será locked{/}	{@st59}선택한 아이템이 잠금 상태가 됩니다.{/}				
UI_20151016_001816	{@st59}Puedes cambiar el tema de tu sede y vista previa lo.	{@st59}미리보기로 살펴보고 숙소의 테마를 변경할 수 있습니다. 	UI_20150323_001384	{@st59}Change Lodge{nl} - Change the map and expand the number of available characters by changing your Lodge. 	{@st59}속소 변경{nl} - 숙소를 변경하여 맵을 변경하고 인원수를 확장합니다.	
UI_20151016_001817	%s personajes{/}	정원%s명{/}				
UI_20151016_001818	{@st42b}Vista previa	{@st42b}미리보기				
UI_20151016_001819	{@st42b}Volver	{@st42b}돌아가기				
UI_20151016_001820	{@st42b}Comprar	{@st42b}구매				
UI_20151016_001821	{@st42b}Usar	{@st42b}적용				
UI_20151016_001822	Gremio Nombre & Descripción	길드명과 소개글				
UI_20151016_001823	Nombre del equipo	팀이름				
UI_20151016_001824	título	직책				
UI_20151016_001825	Notice	공지사항				
UI_20151022_001826	{@st41}Servidor Queue	{@st41}서버 입장 대기중				
UI_20151022_001827	{#000000}{s18}El servidor es Actualmente completo. Queuing para entrada.	{#000000}{s18}서버 인원이 가득 차 입장 대기 중 입니다.				
UI_20151022_001828	{#000000}{s18}Actual Position : %s	{@st66b18}현재 순위 : %s				
UI_20151022_001829	{@st66b}Mostrar otro Personaje's efectos	{@st66b}다른 캐릭터 이펙트 보기				
UI_20151102_001830	TP	NXP				
UI_20151224_001831	{@st41b}Cambiar{s18}(Requiere 100 TP){/}	{@st41b}변경{s18}(TP 100 필요){/}	UI_20150317_000045	{@st41b} Change {s18} (100 TPs required) {/}	{@st41b}변경{s18}(NXP 100 필요){/}	
UI_20151224_001832	Consumir Cantidad	소비 개수				
UI_20151224_001833	Cantidad Disponible	보유 개수				
UI_20151224_001834	{@st43}Hechizo Vender Tienda{/}	{@st43}주문 판매상점{/}	UI_20150428_001498	{@st43}Buy-in Shop{/}	{@st43}매입상점{/}	
UI_20151224_001835	{@st59}Cerrar{/}	{@st59}주문 판매상점을 닫습니다{/}				
UI_20151224_001836	{@st43}Hechizo Vender Tienda	{@st43}주문 판매상점	UI_20150317_000065	{@st43}Buff Vending Machine	{@st43}버프 자판기	
UI_20151224_001837	hechizo Vender Tienda	주문 판매상점	UI_20150317_000069	Buff Vending Machine	버프 자판기	
UI_20151224_001838	{@st59}Cerrar	{@st59}주문 판매상점을 닫습니다.	UI_20150317_000070	{@st59}Close	{@st59}버프 자판기를 닫습니다.	
UI_20151224_001839	{@st59}Hechizo Vender Tienda{nl} - Puedes recibir un objeto habilidad del jugador por paying en plata.	{@st59}주문 판매상점{nl} - 실버를 지불해 해당 플레이어에게 버프 스킬을 받을 수 있습니다.	UI_20150317_000071	{@st59}Buff Vending Machine{nl} - You can pay silver to receive buffs from another player.	{@st59}버프 자판기{nl} - 실버를 지불해 해당 플레이어에게 버프 기술을 시전받을 수 있습니다.	
UI_20151224_001840	{@st41b}Build	{@st41b}건설				
UI_20151224_001841	{@st41b}Materiales y Precio	{@st41b}소비재료 및 비용				
UI_20151224_001842	{@st66b}Base campamento	{@st66b}베이스캠프	UI_20150406_001460	{@st41b}Base Camp	{@st41b}베이스캠프	
UI_20151224_001843	{@st66b}Registros	{@st66b}기록				
UI_20151224_001844	Legs Cantidad	다리개수	UI_20150729_001734	Leg Count	다리갯수	
UI_20151224_001845	{@st41}Confirmar	{@st41}확인				
UI_20151224_001846	{@st42}Usar{/}	{@st42}사용{/}				
UI_20151224_001847	{@st66b18}※ Las compras realizadas con TP no son reembolsables.{/}	{@st66b18}※구매에 사용된 TP는 환불되지 않습니다.{/}				
UI_20151224_001848	{@st59}Gremio  (/g chat){/}	{@st59}길드  (/g 할말){/}				
UI_20151224_001849	{@st59}Gremio   (/g chat){/}	{@st59}길드   (/g 할말){/}				
UI_20151224_001850	{@st42}Tamaño del texto	{@st42}글자 크기				
UI_20151224_001851	{@st66b}Información	{@st66b}정보	UI_20150317_000153	{@st41b}Information	{@st41b}정보	
UI_20151224_001852	Goddess Statue HP	여신상HP				
UI_20151224_001853	Round	라운드				
UI_20151224_001854	jugador	플레이어				
UI_20151224_001855	Ally	아군				
UI_20151224_001856	Enemy	적군				
UI_20151224_001857	{@st66b}Cooking	{@st66b}조리	UI_20150414_001491	{@st41b}Cooking	{@st41b}조리	
UI_20151224_001858	{@st66b}Food	{@st66b}음식	UI_20150414_001492	{@st41b}Food	{@st41b}음식	
UI_20151224_001859	{@st66b}Lista	{@st66b}목록	UI_20150317_000214	{@st41b}List	{@st41b}목록	
UI_20151224_001860	{@st66b}Administrar	{@st66b}관리	UI_20150317_000215	{@st41b}Manage	{@st41b}관리	
UI_20151224_001861	{@st59}Cerrar{/}	{@st59}길드 정보를 닫습니다{/}				
UI_20151224_001862	{@st43}Gremio{/}	{@st43}길드{/}				
UI_20151224_001863	{@st41b}Básico Información	{@st41b}기본정보				
UI_20151224_001864	{@st41b}Propiedad	{@st41b}속성				
UI_20151224_001865	Looking para gremio evento participantes.	길드이벤트 참가자를 모집하고 있습니다.				
UI_20151224_001866	{@st41b}Upgrade & Rango	{@st41b}성장 및 랭크				
UI_20151224_001867	{@st41b}Gremio atributos	{@st41b}길드 특성				
UI_20151224_001868	{@st43}Upgrade Gremio{/}	{@st43}길드 성장{/}				
UI_20151224_001869	Ch / ubicación	채널 / 위치				
UI_20151224_001870	invocar	소환				
UI_20151224_001871	Al miembro del gremio	길드원에게 가기				
UI_20151224_001872	Go	가기				
UI_20151224_001873	{@st43}Historial{/}	{@st43}히스토리{/}				
UI_20151224_001874	{@st59}Cerrar{/}	{@st59}히스토리 정보를 닫습니다.{/}				
UI_20151224_001875	{@st45tw2}Category{/}	{@st45tw2}항목{/}				
UI_20151224_001876	{@st45tw2}Variation valor{/}	{@st45tw2}변동값{/}				
UI_20151224_001877	{@st45tw2}Tiempo{/}	{@st45tw2}시간{/}				
UI_20151224_001878	{@st45tw2}Recover{/}	{@st45tw2}복구{/}				
UI_20151224_001879	{@st66b}Dungeons{/}	{@st66b}던전{/}				
UI_20151224_001880	{@st66b}ReMisión Office Mission{/}	{@st66b}의뢰소 미션{/}				
UI_20151224_001881	{@st66b18}Entrada Limit{/}	{@st66b18}입장 횟수{/}				
UI_20151224_001882	{@st45tw2}Nombre{/}	{@st45tw2}이름{/}				
UI_20151224_001883	{@st45tw2}Entrada Nv.{/}	{@st45tw2}입장레벨{/}				
UI_20151224_001884	Tiempo Elapsed : 	검색 시간 : 				
UI_20151224_001885	{@st59}Acercar{/}	{@st59}지도를 확대합니다{/}				
UI_20151224_001886	{@st59}Zoom Out{/}	{@st59}지도를 축소합니다{/}				
UI_20151224_001887	{@st59}Mostrar último Teletransporte punto{/}	{@st59}마지막 워프 지역을 봅니다{/}				
UI_20151224_001888	{@st59}Mostrar Ubicación actual{/}	{@st59}현재 위치를 봅니다{/}				
UI_20151224_001889	{@st59}Disfraz de cabello 3{/}	{@st59}헤어 코스튬3{/}				
UI_20151224_001890	{@st59}Peinado{/}	{@st59}헤어{/}				
UI_20151224_001891	{@st41b}Cancelar	{@st41b}취 소				
UI_20151224_001892	{@st41b}Confirmar	{@st41b}확 인				
UI_20151224_001893	{@st66b}Roasting{/}	{@st66b}로스팅{/}	UI_20150714_001569	{@st41b}Roasting{/}	{@st41b}로스팅{/}	
UI_20151224_001894	{@st66b}Registros{/}	{@st66b}기록{/}				
UI_20151224_001895	Restante número	남은 개수				
UI_20151224_001896	{@st66b}Maintenance{/}	{@st66b}손질{/}	UI_20150323_001333	{@st41b}Repair{/}	{@st41b}손질{/}	
UI_20151224_001897	{@st66b}Reparar{/}	{@st66b}수리{/}	UI_20150323_001345	{@st41b}Repair{/}	{@st41b}수리{/}	
UI_20151224_001898	{@st41}Habilidad Nivel	{@st41}스킬레벨				
UI_20151224_001899	{@st41}Riches material	{@st41}재물 재료				
UI_20151224_001900	{@st66b}Descartar asistente (requiere %s TP){/}	{@st66b}헬퍼 남기기(TP %s개 필요){/}	UI_20150714_001574	{@st66b}Leave Helper(Requires %s TP){/}	{@st66b}헬퍼 남기기(NXP %s개 필요){/}	
UI_20151224_001901	{@st66b}Mapa completo{/}	{@st66b}전체 지도{/}				
UI_20151224_001902	{@st59}Mostrar mapa completo{/}	{@st59}전체 지도를 엽니다{/}				
UI_20151224_001903	{ol}Mensaje	{ol}메시지	UI_20150317_000352	{ol}Message	{ol}메세지	
UI_20151224_001904	{@st66b18}Retirar	{@st66b18}아이템 수령함				
UI_20151224_001905	{@st66b18}Vender	{@st66b18}판매 등록				
UI_20151224_001906	{@st66b18}Comprar	{@st66b18}판매중인 아이템				
UI_20151224_001907	{@st45tw2}Nv.{/}	{@st45tw2}레벨{/}				
UI_20151224_001908	{@st45tw2}Unit Precio{/}	{@st45tw2}단가{/}				
UI_20151224_001909	{@st45tw2}Cantidad{/}	{@st45tw2}구매개수{/}				
UI_20151224_001910	{@st45tw2}Total Precio{/}	{@st45tw2}총 금액{/}				
UI_20151224_001911	{@st42}Advanced Options{/}	{@st42}상세옵션{/}				
UI_20151224_001912	{@st65}Nivel{/}	{@st65}레벨{/}				
UI_20151224_001913	{@st65}Mejorar Nivel{/}	{@st65}강화 수치{/}				
UI_20151224_001914	{@st59}Buscar por objeto nombre y opciones{/}	{@st59}입력한 이름과 작성된 옵션으로 검색합니다{/}				
UI_20151224_001915	{@st65}Más bajo First{/}	{@st65}낮은 가격순{/}				
UI_20151224_001916	{@st65}Más alta First{/}	{@st65}높은 가격순{/}				
UI_20151224_001917	{@st45tw2}Cantidad{/}	{@st45tw2}개수{/}				
UI_20151224_001918	{@st45tw2}Tiempo hasta recuperar{/}	{@st45tw2}수령 가능 시간{/}				
UI_20151224_001919	{@st66b}Sales Period & Commission Fee{/}	{@st66b}판매 등록 시간 및 수수료{/}				
UI_20151224_001920	{@st66}Después de 48 horas, podrás retirar tu{nl}plata del mercado, excepto los Tokens.	{@st66}토큰 아이템을 제외한 판매 아이템의{nl}정산된 실버는 48시간 후 수령할 수 있습니다.{/}				
UI_20151224_001921	{@st45tw2}Deadline{/}	{@st45tw2}마감 시간{/}				
UI_20151224_001922	{@st45tw2}Commission Fee{/}	{@st45tw2}판매 완료시 수수료{/}				
UI_20151224_001923	{@st45tw2}Total Precio{/}	{@st45tw2}총금액{/}				
UI_20151224_001924	más alta Limit Precio{/}	상한가{/}				
UI_20151224_001925	más bajo Limit Precio{/}	하한가{/}				
UI_20151224_001926	{@st66}Más bajo mercado Precio{/}	{@st66}하위시세{/}				
UI_20151224_001927	{@st66}Más alta mercado Precio{/}	{@st66}상위시세{/}				
UI_20151224_001928	%s (Ch %s)	%s (%s 채널)				
UI_20151224_001929	número de fragmentos	파편의 개수				
UI_20151224_001930	{@st66b}Abrir	{@st66b}열기	UI_20150401_001417	{@st41b}Open	{@st41b}열기	
UI_20151224_001931	{@st66b}Ofrenda cuadro	{@st66b}봉헌함	UI_20150401_001418	{@st41b}Offering Box	{@st41b}봉헌함	
UI_20151224_001932	{@st66b}Miembros{/}	{@st66b}구성{/}	UI_20150317_000439	{@st41b}Members{/}	{@st41b}구성{/}	
UI_20151224_001933	{@st66b}Evento de grupo{/}	{@st66b}파티 이벤트{/}	UI_20150317_000440	{@st41b}Party Event {/}	{@st41b}파티 이벤트{/}	
UI_20151224_001934	{@st66b}Configuración{/}	{@st66b}설정{/}				
UI_20151224_001935	{@st42b}Guardar{/}	{@st42b}저장{/}				
UI_20151224_001936	{@st41}Grupo Nombre & Descripción{/}	{@st41}파티명과 설명{/}				
UI_20151224_001937	Mostrar grupos cercanos	주변 파티 정보 표시	UI_20150918_001792	{@st42}Show Nearby Parties{/}	{@st42}주변 파티 정보 표시{/}	
UI_20151224_001938	Public Grupo	공개 파티 목록에 등록				
UI_20151224_001939	Nv. Difference	레벨 차이				
UI_20151224_001940	Usar 'Recommend Grupo'	파티원 추천 기능 사용				
UI_20151224_001941	{@st66b}Etiqueta de invitación al grupo	{@st66b}파티 초대 태그 삽입				
UI_20151224_001942	Competitive Mission	경쟁 미션				
UI_20151224_001943	Unit	단위				
UI_20151224_001944	{@st41b}Introduce	{@st41b}가입	UI_20150714_001613	Join	가입	
UI_20151224_001945	{@st66b}Lista de grupos públicosa{/}	{@st66b}공개 파티 목록{/}	UI_20150717_001717	{@st41b}Public Party List{/}	{@st41b}공개 파티 목록{/}	
UI_20151224_001946	{@st66b}Recommended jugador Lista{/}	{@st66b}추천 플레이어 목록{/}	UI_20150729_001746	{@st41b}Recommended Player List{/}	{@st41b}추천 플레이어 목록{/}	
UI_20151224_001947	Life	수명				
UI_20151224_001948	{@st43}Mensaje cuadro	{@st43}메시지함	UI_20150714_001616	{@st43}Message Box	{@st43}메세지함	
UI_20151224_001949	{@st66b}Todos	{@st66b}전체				
UI_20151224_001950	{@st66b}Unread	{@st66b}안읽은 메시지함	UI_20150714_001618	{@st41b}Unread Messages	{@st41b}안읽은 메세지함	
UI_20151224_001951	{@st59b}Misiones{nl}{@st59s} - Al aceptar una nueva misión, se añadirá a la ventana de misiones.{nl} - La misión principal se muestra en amarillo, mientras que una submisión se muestra en azul.{nl} - La flecha que aparece a los pies de tu personaje indica la ubicación de la misión.{nl} - Cuando completes una misión, se mostrará un icono de «Volver» en la ventana de misiones.{nl}  (Teletransporta al PNJ de la misión usando la tecla Retroceso o haciendo clic con el botón central del ratón){nl} - Añade o elimina misiones de la ventana marcando o desmarcando la casilla situada delante del nombre de la misión{/}	{@st59b}퀘스트{nl}{@st59s} - 퀘스트 획득시 퀘스트 지령창에 등록{nl} - 메인퀘스트는 노란색, 서브퀘스트는 파란색 표시{nl} - 캐릭터 발 밑의 화살표로 퀘스트 위치를 표시{nl} - 퀘스트 완료시 퀘스트 지령창에 돌아가기 아이콘 표시{nl}  (백스페이스나 마우스 클릭으로 완료 NPC로 순간이동){nl} - 퀘스트 지령창에 등록/해제시 퀘스트 이름 앞 체크 선택{/}	UI_20150317_000519	{@st59b}Quests{nl}{@st59s} - When you are on a new quest, it will be added to the quest tracker. {nl} - A main quest is displayed in yellow color, while a subquest is displayed in blue. {nl} - The arrow on the character's foot leads to the location of your quest. {nl} - If you completed a quest, a 'Return' icon is displayed on the quest tracker. {nl}    (Teleports you to the Quest NPC using the Backspace key or a mouse-click) {nl} - Add or remove quests in the quest tracker by ticking or unticking the box in front of the quest name. {/}	{@st59b}퀘스트{nl}{@st59s} - 퀘스트 획득시 퀘스트 알리미에 등록{nl} - 메인퀘스트는 노란색, 서브퀘스트는 파란색 표시{nl} - 캐릭터 발 밑의 화살표로 퀘스트 위치를 표시{nl} - 퀘스트 완료시 퀘스트 알리미에 돌아가기 아이콘 표시{nl}  (백스페이스나 마우스 클릭으로 완료 NPC로 순간이동){nl} - 퀘스트 알리미에 등록/해제시 퀘스트 이름 앞 체크 선택{/}	
UI_20151224_001952	{@st66b}  En progreso  {/}	{@st66b}  진행  {/}	UI_20150317_000520	{@st41b}In Progress{/}	{@st41b}  진행  {/}	
UI_20151224_001953	{@st66b}  Abandoned  {/}	{@st66b}  포기  {/}	UI_20150317_000521	{@st41b}Abandoned{/}	{@st41b}  포기  {/}	
UI_20151224_001954	{@st66b}Resurrect con el Soul Crystal{/}	{@st66b}소울 크리스탈로 부활하기{/}				
UI_20151224_001955	{@st59b}Tienda{nl}{@st59s} - Usa Shift + clic derecho e introduce una cantidad para vender/comprar varios objetos. {nl} - Haz doble clic derecho para vender todos los objetos.{/}	{@st59b}상점{nl}{@st59s} - 아이템을 여러 개 판매/구매하려면 Shift + 우클릭 후 개수 입력{nl} - 아이템을 전량 판매하려면 마우스 더블 우클릭으로 이용{/}	UI_20150717_001723	{@st59b}Shop{nl}{@st59s} - Use Shift + Right-click and enter a quantity to buy/sell multiple items{nl} - Right-click twice to sell all the items{/}	{@st59b}상점{nl}{@st59s} - 아이템을 여러 개 판매/구매하려면 Shift + 우클릭 후 갯수 입력{nl} - 아이템을 전량 판매하려면 마우스 더블 우클릭으로 이용{/}	
UI_20151224_001956	Fabricación número	제작 개수				
UI_20151224_001957	{@st42}%s objetos{/}	{@st42}%s 헤택{/}				
UI_20151224_001958	¿Quieres usar este %s?{/}	%s 아이템을 사용하시겠습니까?{/}				
UI_20151224_001959	Este objeto desaparecerá de tu inventario.{nl}Restablece todos tus puntos de habilidad.	사용한 아이템은 인벤토리에서 사라지며{nl}전체 스킬 포인트가 초기화 됩니다.{/}				
UI_20151224_001960	{@st41}Usar	{@st41}사용				
UI_20151224_001961	{@st59b}Clases{nl}{@st59s}- Puedes aprender nuevas habilidades al aumentar el círculo de tu clase. {nl} - Puedes elegir entre 3 clases disponibles para avanzar de tu primer a tu segundo avance. {nl} - Puedes avanzar a la misma clase hasta 3 veces. {nl} - Una vez que avances a otra clase, no podrás volver a tu clase anterior. {nl} - Debes gastar todos tus puntos de habilidad para poder avanzar. {nl} - Puedes elegir la misma clase.{nl}{@st59b}Habilidades{nl}{@st59s} - Puedes aumentar el nivel de cada habilidad hasta el nivel 5.{nl} - Los atributos aprendidos de tus maestros pueden verse debajo de tus habilidades. {/}	{@st59b}클래스{nl}{@st59s} - 클래스의 서클을 성장시켜 해당 클래스의 스킬을 습득{nl} - 1차 직업에서 2차 직업로 전직할 경우 3개 클래스 선택 가능{nl} - 동일한 직업으로 총 3회까지 전직 가능{nl} - 동일한 클래스도 선택 가능{nl}{@st59b}스킬{nl}{@st59s} - 각 랭크별 스킬은 최대 5레벨 증가 가능{nl} - 마스터에게 배운 특성은 스킬 하단에서 확인 가능{/}	UI_20150317_000649	{@st59b}Classes{nl}{@st59s}- You can learn new skills by growing the Circle of your class. {nl} - You can choose from 3 available classes to advance to from your 1st to 2nd advancement. {nl} - You can advance to the same class up to 3 times. {nl} - You cannot change back to your previous class once you advanced to another class. {nl} - You have to consume all your Skill Points to be able to advance. {nl} - You can choose the same class.{nl}{@st59b}Skills{nl}{@st59s} - You can increase the rank of each skill up to level 5.{nl} - Attributes learned from your Masters can be seen below your skills. {/}	{@st59b}클래스{nl}{@st59s} - 클래스의 서클을 성장시켜 해당 클래스의 스킬을 습득{nl} - 1차 직업에서 2차 직업로 전직할 경우 3개 클래스 선택 가능{nl} -  동일한 직업으로 총 3회까지 전직 가능{nl} -  다른 직업으로 전직 시 이전 직업은 전직 불가{nl} -  스킬포인트 모두 소비 시 전직 가능{nl} - 동일한 클래스도 선택 가능{nl}{@st59b}스킬{nl}{@st59s} - 각  랭크별 스킬은 최대 5레벨 증가 가능{nl} - 마스터에게 배운 특성은 스킬 하단에서 확인 가능{/}	
UI_20151224_001962	{@st66b}Información{/}	{@st66b}정보{/}				
UI_20151224_001963	{@st66b}Logros{/}	{@st66b}업적{/}	UI_20150401_001440	{@st41b}Achievements{/}	{@st41b}업적{/}	
UI_20151224_001964	{@st66b}Personaje Configuración{/}	{@st66b}캐릭터 설정{/}	UI_20150323_001369	{@st41b}Character Settings{/}	{@st41b}캐릭터 설정{/}	
UI_20151224_001965	{@st59}Colección (F11){/}	{@st59}콜렉션 (F11){/}				
UI_20151224_001966	{@st66b}Key Configuración	{@st66b}키 설정				
UI_20151224_001967	{@st42}Duration: %s{/}	{@st42}사용기간 : %s{/}				
UI_20151224_001968	Eliminars el %s de{nl}tu inventario, providing objetos para %s{nl}para este %s.{/}	사용한 %s 인벤토리에서 사라지며{nl}%s동안 현재 %s에만 적용됩니다.{/}				
UI_20151224_001969	Elimina el %s{nl}de tu inventario y aplícalo a este %s.{/}	사용한 %s 인벤토리에서{nl}사라지며 현재 %s에만 적용됩니다.{/}				
UI_20151224_001970	El duración de tu Token puede ser Ver en Personaje Configuración.	캐릭터 설정창에서 잔여시간을 확인하실 수 있습니다.{/}				
UI_20151224_001971	{@st59}Cerrar{/}	{@st59}TP SHOP을 닫습니다{/}				
UI_20151224_001972	{@st43}{s18}Vista previa & Comprar	{@st43}{s18}미리보기 및 구매				
UI_20151224_001973	Vista previa	미리보기				
UI_20151224_001974	equipado objetos TP	착용 품목 TP				
UI_20151224_001975	{@st49}Comprar equipado Objeto{/}	{@st49}이대로 구매하기{/}				
UI_20151224_001976	Tiendaping Bag	장바구니				
UI_20151224_001977	Disponible TP	보유중인 TP				
UI_20151224_001978	Tiendaping Bag TP	장바구니 TP				
UI_20151224_001979	Restante TP	잔여 TP				
UI_20151224_001980	{@st49}Confirmar Comprar{/}	{@st49}구매 확정{/}				
UI_20151224_001981	{@st66b}Expand Almacén	{@st66b}창고 확장				
UI_20151224_001982	{@st59}Expand Almacén{/}	{@st59}창고를 확장합니다{/}				
UI_20151224_001983	{@st42b}Área{/}	{@st42b}지역{/}				
UI_20151224_001984	{@st59}Abrir Mapa{/}	{@st59}지도를 엽니다{/}				
UI_20151224_001985	número	{ol}개수				
UI_20151224_001986	{@st43}Cambiar Nombre del equipo{/}	{@st43}팀명 변경{/}				
UI_20151224_001987	{@st59}Cambiar Nombre del equipo{/}	{@st59}팀명을 변경합니다{/}				
UI_20151224_001988	{@st59}Cancelar{/}	{@st59}팀명 변경을 취소합니다{/}				
UI_20151224_001989	{@st66b18}Cambiar Nombre del equipo{/}	{@st66b18}팀명 변경{/}				
UI_20151224_001990	{@st66b18}Cambiar residencia{/}	{@st66b18}숙소 변경{/}				
UI_20151224_001991	{@st66}Cambiar el nombre de equipo cuesta 10,000 TP{/}	{@st66}※팀명 변경시 10,000TP가 소모됩니다.{/}				
UI_20151224_001992	{@st59}Introduce un nombre{/}	{@st59}원하시는 이름을 입력하세요{/}				
UI_20151224_001993	{@st41b}Free TP{/}	{@st41b}무료 TP{/}				
UI_20151224_001994	{@st59}Cerrar{/}	{@st59}숙소 꾸미기를 닫습니다{/}	UI_20150317_000954	{@St59}Close{/}	{@st59}배럭 꾸미기를 닫습니다{/}	
UI_20151224_001995	{@st43}Residencia Decoration{/}	{@st43}숙소 꾸미기{/}	UI_20150317_000955	{@St43}Lodge Decorating{/}	{@st43}배럭 꾸미기{/}	
UI_20151224_001996	{@st41b}Residencia Visitation{/}	{@st41b}숙소방문{/}				
UI_20151224_001997	{@st59}Visita los alojamientos de otros jugadores.{/}	{@st59}다른 사람의 숙소를 방문합니다.{/}				
UI_20151224_001998	{@st41b}Mensaje cuadro{/}	{@st41b}메시지{/}				
UI_20151224_001999	{@st59}Abrir el Mensaje cuadro{/}	{@st59}메시지함을 엽니다{/}	UI_20150714_001665	{@st59}Opens the Message Box{/}	{@st59}메세지함을 엽니다{/}	
UI_20151224_002000	{@st42}Personaje{/}	{@st42}캐릭터{/}				
UI_20151224_002001	{@st42}Free TP{/}	{@st42}무료TP{/}				
UI_20151224_002002	{@st42}Evento TP{/}	{@st42}이벤트TP{/}				
UI_20151224_002003	{@st41b}Créditos{/}	{@st41b}크레디트{/}				
UI_20151224_002004	{@st59}Créditos{/}	{@st59}크레디트{/}				
UI_20151224_002005	{@st42}Productor y director{/}{nl}{@st41b}{s22}Seyong Kim{nl} {nl}{@st42}Director de arte{nl}{@st41b}{s22}Jeongwon An (MAGGI){nl} {nl}{@st42}Diseñadora de arte{nl}{@st41b}{s22}Mina Kim{nl}Heajin Sung{nl}Minkyong Kang{nl}Junhyuck Park{nl}Jinyoung Bae{nl}Hyosun Shin{nl}Sehee Park{nl} {nl}{@st42}Programador sénior{nl}{@st41b}{s22}Sanghyup Shin{nl} {nl}{@st42}Programador de investigación{nl}{@st41b}{s22}Jaehoon Jung{nl} {nl}{@st42}Programador{nl}{@st41b}{s22}Young Choi{nl}Seongbae Han{nl}Bora Kim{nl}YongGyun Lee{nl}Minkyu Kim{/}	{@st42}프로듀서 겸 디렉터{/}{nl}{@st41b}{s22}김세용{nl} {nl}{@st42}아트 디렉터{nl}{@st41b}{s22}안정원{nl} {nl}{@st42}아트 디자이너{nl}{@st41b}{s22}김민아{nl}성혜진{nl}강민경{nl}박준혁{nl}배진영{nl}신효선{nl}박세희{nl} {nl}{@st42}책임 프로그래머{nl}{@st41b}{s22}신상협{nl} {nl}{@st42}선임 프로그래머{nl}{@st41b}{s22}정재훈{nl} {nl}{@st42}프로그래머{nl}{@st41b}{s22}최영{nl}한성배{nl}김보라{nl}이용균{nl}김민규{/}				
UI_20151224_002006	{@st42}Battle Sistema diseñador{nl}{@st41b}{s22}Girak Choi{nl}{nl}P.J. Kim{nl} {nl}{@st42}Nivel diseñador{nl}{@st41b}{s22}Hongseok Ra{nl} {nl}{@st42}Screenplay Director{nl}{@st41b}{s22}Seungjo Lee{nl} {nl}{@st42}Lead Animator{nl}{@st41b}{s22}Sujin Lee{nl} {nl}{@st42}Animator{nl}{@st41b}{s22}Seunghyeon Myeong{nl}Minwoo parque{nl}Sookyung Kim{nl}Dongjin Kim{nl}Mijin Kim{nl} {nl}{@st42}Efectos / SFX{nl}{@st41b}{s22}Hyejin Jung{nl} {nl}{@st42}Personaje diseñador{nl}{@st41b}{s22}Jiae parque{nl}Junwon Hwang{nl}Subum Lee{nl}Dami Kim{/}	{@st42}전투기획{nl}{@st41b}{s22}최기락{nl}김평직{nl}김현일{nl} {nl}{@st42}레벨 디자이너{nl}{@st41b}{s22}라홍석{nl} {nl}{@st42}연출 감독{nl}{@st41b}{s22}이승조{nl} {nl}{@st42}리드 애니메이터{nl}{@st41b}{s22}이수진{nl} {nl}{@st42}애니메이터{nl}{@st41b}{s22}명승현{nl}박민우{nl}김수경{nl}신동진{nl}김미진{nl} {nl}{@st42}이펙트 / SFX{nl}{@st41b}{s22}정혜진{nl} {nl}{@st42}캐릭터 디자이너{nl}{@st41b}{s22}박지애{nl}황준원{nl}이수범{nl}김담이{/}				
UI_20151224_002007	{@st42}Background diseñador{nl}{@st41b}{s22}Roch{nl}Rendering Studio Corp.{nl}Lisa Lee{nl}Dongho Kang{nl}JIN{nl}Yeonew{nl}Moje{nl}Hyunjung Lee{nl} {nl}{@st42}Contenido Design Manager{nl}{@st41b}{s22}Choungsu Lee{nl} {nl}{@st42}Contenido diseñador{nl}{@st41b}{s22}Ujeong Son{nl}Wonjong Lee{nl}Orange Smith{nl}Jihyun Moon{nl}Jeongsu Kim{nl}Donghun Choe{nl}Seungyoung Jin{nl}Ginyi Lee{nl}Jongwook Moon{nl} {nl}{@st42}Scenario Writer{nl}{@st41b}{s22}Seion Kim{nl} {nl}{@st42}ConMundialing Supervisor{nl}{@st41b}{s22}Martynas Siauciunas Kacinskas{nl}Kristina Kudriasova{/}	{@st42}배경 그래픽 디자이너{nl}{@st41b}{s22}장세명{nl}(주)렌더링{nl}이윤선{nl}강동호{nl}이남진{nl}연유경{nl}장용덕{nl}이현정{nl} {nl}{@st42}컨텐츠 기획 매니저{nl}{@st41b}{s22}이청수{nl} {nl}{@st42}컨텐츠 기획자{nl}{@st41b}{s22}손우정{nl}이원종{nl}정현진{nl}문지현{nl}김정수{nl}최동훈{nl}진승영{nl}이긴이{nl}문종욱{nl} {nl}{@st42}시나리오 라이터{nl}{@st41b}{s22}김세연{nl} {nl}{@st42}설정 감수{nl}{@st41b}{s22}마르티나스{nl}크리스티나{/}				
UI_20151224_002008	{@st42}Director de sonido{nl}{@st41b}{s22}sevin{nl} {nl}{@st42}Director general de sonido{nl}{@st41b}{s22}MIGHT{nl} {nl}{@st42}Diseñador de sonido{nl}{@st41b}{s22}VIKCO{nl} {nl}{@st42}Gerente de UX/UI{nl}{@st41b}{s22}Gilyong Lee{nl} {nl}{@st42}Diseñadora de UI{nl}{@st41b}{s22}Jooyeon Seo{nl} {nl}{@st42}Administrador de base de datos{nl}{@st41b}{s22}Manju Han{nl} {nl}{@st42}Gerente de control de calidad{nl}{@st41b}{s22}Yonghyun Kim{nl} {nl}{@st42}Control de calidad{nl}{@st41b}{s22}Yonghyun Ahn{nl}Eunyoung Park{nl}Mancheol No{nl}Eunyeong Lee{nl}Yebin Lheem{nl}Jaesoon Jang{nl}Jisu Park{/}	{@st42}음향감독{nl}{@st41b}{s22}곽동일{nl} {nl}{@st42}선임 사운드 디자이너{nl}{@st41b}{s22}정희록{nl} {nl}{@st42}사운드 디자이너{nl}{@st41b}{s22}박선태{nl} {nl}{@st42}UX/UI 매니저{nl}{@st41b}{s22}이길용{nl} {nl}{@st42}UI 디자이너{nl}{@st41b}{s22}서주연{nl} {nl}{@st42}데이터 베이스{nl}{@st41b}{s22}한만주{nl} {nl}{@st42}QA 매니저{nl}{@st41b}{s22}김용현{nl} {nl}{@st42}QA{nl}{@st41b}{s22}안용현{nl}박은영{nl}노만철{nl}이은영{nl}임예빈{nl}장재순{nl}박지수{/}				
UI_20151224_002009	{@st42}Global Publishing Director{nl}{@st41b}{s22}Moojin Shin{nl} {nl}{@st42}Localization{nl}{@st41b}{s22}Jay{nl}Shawn{nl}Jenny{nl}John{nl} {nl}{@st42}Technical Apoyo{nl}{@st41b}{s22}Kangwoo Kim{nl}Wanjae Lee{nl}Sunyong Lee{nl}Sungkie parque{/}	{@st42}운영본부장{nl}{@st41b}{s22}신무진{nl} {nl}{@st42}해외 현지화{nl}{@st41b}{s22}신정호{nl}변성흠{nl}성명선{nl}김준영{nl} {nl}{@st42}기술 지원{nl}{@st41b}{s22}김강우{nl}이완재{nl}이선용{nl}박성기{/}				
UI_20151224_002010	Selecciona Starting City	시작 도시 선택				
UI_20151224_002011	{@st44}Klaipeda	{@st44}클라페다				
UI_20151224_002012	{@st59s}Una ciudad minera que prosperó gracias a la Mina de Cristal.{nl}La ciudad sufrió daños menores durante Medzio Diena.{/}	{@st59s}수정광산을 중심으로 발전한 광업도시,{nl}신수의 날에 가장 경미한 피해를 입었다.{/}				
UI_20151224_002013	{@st44}Orsha	{@st44}오르샤				
UI_20151224_002014	{@st59s}Intentamos protegernos refugiándonos en el enorme castillo durante Medzio Diena.{nl}Pero el terrible desastre incluso se tragó el castillo.{/}	{@st59s}신수의 날에 거대한 성곽에 의지해 재앙을 막아보려 했지만,{nl}재앙은 그 성곽마저도 삼켜버렸다.{/}				
UI_20151224_002015	{@st59}Volver a mi residencia.{/}	{@st59}나의 숙소로 돌아갑니다.{/}	UI_20150317_001112	{@St59}Return to My Lodge.{/}	{@st59}나의 배럭으로 돌아갑니다.{/}	
UI_20151224_002016	{@st43}{s24}residencia Nombre{/}	{@st43}{s24}숙소 이름{/}	UI_20150317_001113	{@St43}{s24}LodgeName{/}	{@st43}{s24}배럭 이름{/}	
UI_20151224_002017	{@st59}Residencia Nombre{/}	{@st59}숙소 이름{/}	UI_20150317_001114	{@St59}Lodge Name{/}	{@st59}배럭 이름{/}	
UI_20151224_002018	{@st59}Residencia Configuración{/}	{@st59}숙소 설정{/}	UI_20150317_001118	{@St59}Barrack Settings{/}	{@st59}배럭 설정{/}	
UI_20151224_002019	{@st42}Restablecer cantidad	{@st42}초기화 횟수				
UI_20151224_002020	{@st41}Mensaje	{@st41}메시지				
UI_20151224_002021	{@st59}Mostrar Misión Dialogue{/}	{@st59}퀘스트 대사 보기{/}				
UI_20151224_002022	{@st59}Abandon Misión{/}	{@st59}퀘스트 포기{/}				
UI_20151224_002023	{@st49}Vista previa{/}	{@st49}미리보기{/}				
UI_20151224_002024	{@st49}Añadir{/}	{@st49}담기{/}				
UI_20151224_002025	%s ate un %s.	%s님이 %s(을)를 드셨습니다	UI_20150714_001683	{@st42} obtained %s by %s	{@st42}%s님이 %s(을)를 드셨습니다	
UI_20151224_002026	Cantidad izquierdo	남은개수				
UI_20151224_002027	Cantidad izquierdo : %s{/}	남은개수 : %s{/}	UI_20150317_001268	Amount Left : %s {/}	남은갯수 : %s{/}	
UI_20151224_002028	{@st41}Comprar{/}	{@st41}구매{/}				
UI_20151224_002029	{@st45tw2}Puntos{/}	{@st45tw2}점수{/}				
UI_20151224_002030	Ascending por Nombre	이름 올림차순{/}				
UI_20151224_002031	Descending por Nombre	이름 내림차순{/}				
UI_20151224_002032	Por fecha	최근 날짜순{/}				
UI_20151224_002033	{@st42}Token objetos{/}	{@st42}토큰 혜택{/}				
UI_20151224_002034	{@st66b}Cambiar Signboard título	{@st66b}간판이름변경				
UI_20151224_002035	{@st41b}Eat	{@st41b}먹기				
UI_20151224_002036	{@st41b}Número	{@st41b}개수	UI_20150406_001479	{@st41b}Quantity	{@st41b}갯수	
UI_20151224_002037	Cash Garden %s{/}	캐쉬정원%s명{/}				
UI_20151224_002038	Mostrar conectados	접속인원만 보기				
UI_20151224_002039	Entrada a la zona de reunión	아지트 입장				
UI_20151224_002040	Allow gremio miembros solo	길드원만 입장				
UI_20151224_002041	War registros	전쟁 전적				
UI_20151224_002042	Gremio guerras Lista	전쟁 길드 목록				
UI_20151224_002043	Tiempo restante	남은 전쟁 시간				
UI_20151224_002044	Disponible torre	타워 보유 목록				
UI_20151224_002045	Upgrade Gremio	길드 성장				
UI_20151224_002046	Contribution Rango	기여도 랭크				
UI_20151224_002047	Gremio Habilidades & Información	길드 스킬 및 정보				
UI_20151224_002048	{@st42}%s objetos{/}	{@st42}%s 혜택적용{/}				
UI_20151224_002049	objetos	혜택				
UI_20160224_002050	Equipo Almacén	팀 창고				
UI_20160224_002051	{@st59}Cerrar{/}	{@st59}팀 창고를 닫습니다{/}				
UI_20160224_002052	Puedes almacenar objetos transferibles, pero cuesta 1 punto de Potencial.{nl}Retirar objetos del almacén de equipo descontará 1 intercambio de los restantes{nl}independientemente del número de objetos que retires.	거래가 가능한 아이템만 보관할 수 있으며, 포텐셜 1이 감소합니다.{nl}팀 창고에서 아이템을 꺼낼 때는 아이템 갯수에 관계없이 거래 가능횟수가 1 차감됩니다.				
UI_20160224_002053	Retirar Objeto	아이템 수령				
UI_20160224_002054	General: /s (chat){nl}Grito: /y (chat){nl}Grupo: /p (chat){nl}Susurro: /w Nombre del equipo (chat){nl}Responder: /r (chat){nl} {nl}Puedes cambiar entre ellos con la tecla Tab	일반 : /s 할말{nl}외침 : /y 할말{nl}파티 : /p 할말{nl}귓속말 : /w 팀이름 할말{nl}답신 : /r 할말{nl} {nl}Tab키로 전환 가능	UI_20150803_001767	General: /s chat{nl}Shout: /y chat {nl}Party: /p chat{nl} Whisper: /w TeamName chat	일반 : /s 할말{nl}외침 : /y 할말{nl}파티 : /p 할말{nl}귓속말 : /w 팀이름 할말	
UI_20160224_002055	{@59}Cerrar{/}	{@59}닫기{/}				
UI_20160224_002056	Challenge	도전				
UI_20160224_002057	Por favor, elige para continuar	진행 여부를 선택하세요				
UI_20160224_002058	{@st63_yellow}Abandoned :{/}	{@st63_yellow}포기 :{/}				
UI_20160224_002059	recibir un recompensa y leave.	보상을 획득하고 퇴장합니다.				
UI_20160224_002060	{@st63_yellow}Challenge :{/}	{@st63_yellow}도전 :{/}				
UI_20160224_002061	Avanzando al siguiente piso	다음층으로 이동				
UI_20160224_002062	{@st43}Relic Collector{/}	{@st43}유물 수집상{/}				
UI_20160224_002063	{@st59}Cerrar{/}	{@st59}유물 수집상을 닫습니다{/}				
UI_20160224_002064	{@st59b}Intercambiar objetos{nl}{@st59s} - Puedes intercambiar objetos obtenidos de la Torre de la Tierra. {nl} - El intercambio comienza después de insertar los ingredientes del objeto en el espacio.{nl}{/}	{@st59b}아이템 교환{nl}{@st59s} - 대지의 탑에서 아이템을 입수하여 교환 가능{nl} - 아이템 재료를 슬롯에 넣은 후 교환 실행{nl}{/}				
UI_20160224_002065	F	층				
UI_20160224_002066	{@st59}Cerrar{/}	{@st59}큐브 획득 창을 닫습니다.{/}				
UI_20160224_002067	{@st59}Place un accessory{/}	{@st59}악세서리를 올려주세요{/}				
UI_20160224_002068	{@st66b}Abriring one más tiempo Coste plata.{/}	{@st66b}실버를 사용해서 1회 더 열 수 있습니다. {/}				
UI_20160224_002069	{@st66b}(Hasta dos veces para usuarios con objetos de Token){/}	{@st66b}토큰 혜택 적용시 2회까지 가능합니다.{/}				
UI_20160224_002070	{@st41b}Tienes exceeded el número de veces allowed.{/}	{@st41b}횟수를 모두 소진하였습니다.{/}				
UI_20160224_002071	{@st66b}Básico Información	{@st66b}기본정보	UI_20151224_001863	{@st41b}Basic Information	{@st41b}기본정보	
UI_20160224_002072	{@st66b}Propiedad	{@st66b}속성	UI_20151224_001864	{@st41b}Property	{@st41b}속성	
UI_20160224_002073	El maestro del gremio está buscando participantes para el evento del gremio.	길드 마스터가 길드 이벤트 참가자를 모집하고 있습니다.				
UI_20160224_002074	{@st63_yellow}Miembros :{/}	{@st63_yellow}인원 :{/}				
UI_20160224_002075	{@st63}%s participantes (inicio de sesión %s){/}	{@st63}%s명 참여 (로그인 %s명중){/}				
UI_20160224_002076	{@st63_yellow}Ubicación :{/}	{@st63_yellow}위치 :{/}				
UI_20160224_002077	Cobalt Forest	코발트숲				
UI_20160224_002078	{@st63_yellow}Objective :{/}	{@st63_yellow}목표 :{/}				
UI_20160224_002079	{@st43}Gremio Nv. %s{/}	{@st43}길드 Lv. %s{/}				
UI_20160224_002080	{@st66b}Upgrade & Rango	{@st66b}성장 및 랭크	UI_20151224_001866	{@st41b}Upgrade & Rank	{@st41b}성장 및 랭크	
UI_20160224_002081	{@st66b}Gremio atributos	{@st66b}길드 특성	UI_20151224_001867	{@st41b}Guild Attributes	{@st41b}길드 특성	
UI_20160224_002082	Gremio Almacén	길드 보관함				
UI_20160224_002083	{@st59}Cerrar{/}	{@st59}길드 보관함을 닫습니다{/}				
UI_20160224_002084	* El gremio maestro puede enviar objetos a gremio miembros.{nl}* objetos puede ser collected mediante el Mensaje cuadro.	* 이 아이템은 길드 마스터가 길드원에게 양도할 수 있고, 그 아이템은{nl}수령한 길드원에게 귀속됩니다.{nl}* 아이템은 메시지함에서 수령할 수 있습니다.				
UI_20160224_002085	{@st41b}Encantamiento	{@st41b}마법 부여				
UI_20160224_002086	{@st41b}Encantamiento Scroll{/}	{@st41b}마법 부여 스크롤{/}				
UI_20160224_002087	{@st59}Cerrar{/}	{@st59}마법 부여 스크롤 창을 닫습니다.{/}				
UI_20160224_002088	{@st66b}Consumes 1 encantamiento Scroll{/}	{@st66b}마법부여 스크롤 1개가 소비됩니다.{/}				
UI_20160224_002089	{@st42b}Actual Scrolls  : %s{/}	{@st42b}현재 스크롤 보유 개수 : %s개{/}				
UI_20160224_002090	{@st66b}Missions{/}	{@st66b}의뢰소{/}	UI_20151224_001880	{@st66b}Request Office Mission{/}	{@st66b}의뢰소 미션{/}	
UI_20160224_002091	{@st66b}Saalus Convent{/}	{@st66b}살러스 수녀원{/}				
UI_20160224_002092	{@st66b}Earth torre{/}	{@st66b}대지의 탑{/}				
UI_20160224_002093	{@st59b}Mazmorras instanciadas{nl}{@st59s}Contenido en el que tu grupo debe alcanzar ciertos objetivos en zonas instanciadas independientes.{nl}Puedes crear un grupo antes de entrar o buscar automáticamente un grupo para desafiar una mazmorra.{nl} - Mazmorras: entra hablando con el PNJ de la entrada de la mazmorra en cada zona del nivel correspondiente.{nl} - Misiones: entra hablando con los recepcionistas del Puesto de Mercenarios en Fedimian.{nl} - Misión del Convento de Saalus: entra hablando con la Hermana Lhasa en el Convento de Saalus.{nl}{/}	{@st59b}인스턴스 던전{nl}{@st59s}독립된 인스턴스 존에서 목표 달성을 위해 파티 단위로 진행하는 콘텐츠입니다.{nl}입장 전에 파티를 구성해 도전하거나 자동으로 파티를 찾아 도전할 수 있습니다.{nl} - 던전 : 각 레벨 대의 존에서 던전 입장  NPC를 통해 입장{nl} - 의뢰소 미션 : 페디미안 용병 의뢰소 접수원을 통해 입장{nl} - 살러스 수녀원 미션 : 살러스 수녀원에서 수녀 라사를 통해 입장{nl}{/}				
UI_20160224_002094	{@st59}Cerrar{/}	{@st59}인스턴스 던전을 닫습니다{/}				
UI_20160224_002095	{@st59}Mostrar/Do no mostrar{/}	{@st59}보이기/안보이기{/}				
UI_20160224_002096	{@st45tw2}Queuing Tiempo{/}	{@st45tw2}대기 시간{/}				
UI_20160224_002097	Puja	입찰	ETC_20150317_002986	Join	참가	
UI_20160224_002098	Restante Bidding Tiempo	남은 입찰 시간				
UI_20160224_002099	Objeto Dice	아이템 주사위				
UI_20160224_002100	{@st42}%s objetos{/}	{@st42}%s 혜택{/}				
UI_20160224_002101	Este objeto desaparecerá de tu inventario.{nl}Se restablecerán todos los %s.{/}	사용한 아이템은 인벤토리에서 사라지며{nl}전체 %s가 초기화 됩니다.{/}	UI_20151224_001959	This item will disappear from your inventory{nl}Resets your all Skill Points.	사용한 아이템은 인벤토리에서 사라지며{nl}전체 스킬 포인트가 초기화 됩니다.{/}	
UI_20160224_002102	El restante tiempo puede ser Ver en Personaje Configuración.{/}	캐릭터 정보창에서 잔여시간을 확인하실 수 있습니다.{/}				
UI_20160224_002103	Retrieving data.	데이터를 받는 중 입니다.				
UI_20160224_002104	{@st66b}Clasificación{/}	{@st66b}랭킹{/}				
UI_20160224_002105	{@st66b}Spectate	{@st66b}관전하기				
UI_20160224_002106	{@st41b}Salir Spectating	{@st41b}관전 종료				
UI_20160224_002107	azul Equipo	블루팀				
UI_20160224_002108	rojas Equipo	레드팀				
UI_20160224_002109	{@59}Mostrar en un nuevo ventana{/}	{@59}새 창으로 보기{/}				
UI_20160224_002110	Diario de aventuras Updated	모험일지에 등록되었습니다.				
UI_20160224_002111	{@st41}Intercambiar	{@st41}교환				
UI_20160224_002112	Ven al reino alegre	행복한 나라로 오세요				
UI_20160224_002113	Batalla de equipo Calendario de la liga	팀 배틀 리그 일정				
UI_20160224_002114	Registros recientes	최근 전적				
UI_20160224_002115	{@st45tw2}Category{/}	{@st45tw2}유형{/}				
UI_20160224_002116	{@st41c}%s{/}	{@st41c}%s명{/}				
UI_20160224_002117	{@st41c}%sm{/}	{@st41c}%s분{/}				
UI_20160224_002118	El Tirador del Templo está reuniendo a los Vubbes de vuelta en la Mina de Cristal, que ahora está libre del dominio de Mirtis.{nl}Derrota al Tirador del Templo y ayuda a hacer que la Mina de Cristal vuelva a ser segura.	미르티스 지배가 사라진 수정광산에 템플슈터가 부베들을 다시 불러들이고 있습니다.{nl}템플슈터를 처치하고 수정광산이 다시 안전해지도록 도와주세요.				
UI_20160224_002119	{@st41c}Chapter %s{/}	{@st41c}%s장{/}				
UI_20160224_002120	Nombre & Clase	이름 및 클래스				
UI_20160224_002121	{@st41b}Actualizar	{@st41b}새로 고침				
UI_20160224_002122	ver historial reciente	최근 열린 관람 목록				
UI_20160224_002123	Spectate	관전하기				
UI_20160224_002124	{#000000}%s W{/}	{#000000}%s 승{/}				
UI_20160224_002125	{@st66b}Tienda de puntos	{@st66b}포인트샵				
UI_20160224_002126	Diario Puntos	일일 획득 포인트				
UI_20160224_002127	Purchased Puntos	현재 구매 포인트				
UI_20160224_002128	registros	전적				
UI_20160224_002129	Almacén	보관함				
UI_20160224_002130	Rango %s	%s 위				
UI_20160224_002131	Derrotas : %s	처치횟수 : %s				
UI_20160224_002132	daño : %s	대미지 : %s				
UI_20160224_002133	Increased máximo objeto cantidad	최대 버프 적용 개수 증가				
UI_20160310_002134	{@st65}Daño: %s{/}	{@st65}피해량 %s{/}				
UI_20160310_002135	{@st65}{s12}Achievement{/}	{@st65}{s12}달성{/}				
UI_20160310_002136	{#16120e}Achievement{/}	{#16120e}달성{/}				
UI_20160310_002137	cantidad: %s	횟수 : %s	UI_20160224_002131	Defeats : %s	처치횟수 : %s	
UI_20160310_002138	daño: %s	피해량 : %s	UI_20160224_002132	Damage : %s	대미지 : %s	
UI_20160310_002139	{@sti9}Eliminar Clasificación	{@sti9}처치 랭킹	UI_20150918_001809	{@sti9}Kill Rank	{@sti9}킬 랭킹	
UI_20160310_002140	{@sti9}Daño Clasificación	{@sti9}피해 랭킹	UI_20150918_001810	{@sti9}Damage Rank	{@sti9}데미지 랭킹	
UI_20160317_002141	1 extra instance entrada para misiones y mazmorras	미션,던전 1회 추가입장				
UI_20160317_002142	2 extra instance entries para misiones y mazmorras	미션,던전 2회 추가입장	UI_20160317_002141	1 extra instance entry for missions and dungeons	미션,던전 1회 추가입장	
UI_20160323_002143	{@st41} My Summonee Información	{@st41}내 소환수 정보				
UI_20160323_002144	{@st41} Batalla de gremios Clasificación{/}	{@st43}길드배틀랭킹{/}				
UI_20160323_002145	Batalla de gremios Clasificación	길드배틀랭킹				
UI_20160323_002146	{@st59}Cerrar	{@st59}길드배틀랭킹을 닫습니다.				
UI_20160323_002147	{@st66b} Real-Tiempo clasificación	{@st66b}실시간 순위				
UI_20160323_002148	{@st66b} Semanal clasificación	{@st66b}주간 순위{/}				
UI_20160323_002149	{@st66b} Todos Tiempo clasificación{/}	{@st66b}역대 순위{/}				
UI_20160323_002150	My Gremio Clasificación	내 길드 순위				
UI_20160323_002151	{@sti1}%s's ubicación{/}	{@sti1}%s 위{/}				
UI_20160323_002152	último semana clasificación	지난 주간 순위				
UI_20160323_002153	1st	1위				
UI_20160323_002154	Gremio Recompensa Lista	길드 보상 목록				
UI_20160323_002155	{@st41}Summoned Creature : {#ffcc33}%s{/}	{@st41}소환체 : {#ffcc33}%s{/}				
UI_20160323_002156	{@st41}Fragmentos necesarios: %s	{@st41}필요 파편 : %s개				
UI_20160323_002157	ATK : {@st41b}%s	공격력 : {@st41b}%s				
UI_20160323_002158	DEF : {@st41b}%s	방어력 : {@st41b}%s				
UI_20160323_002159	STR : {@st41b}%s	힘 : {@st41b}%s				
UI_20160323_002160	CON : {@st41b}%s	체력 : {@st41b}%s				
UI_20160323_002161	INT : {@st41b}%s	지능 : {@st41b}%s				
UI_20160323_002162	DEX : {@st41b}%s	민첩 : {@st41b}%s				
UI_20160323_002163	SPR : {@st41b}%s	정신 : {@st41b}%s				
UI_20160323_002164	{@st42}Peinado Color{/}	{@st42}헤어컬러{/}				
UI_20160323_002165	{@st42}Disponible títulos{/}	{@st42}장착 가능 칭호{/}	UI_20150401_001442	Available Titles	장착 가능 칭호	
UI_20160323_002166	Equipo Información	팀 정보				
UI_20160323_002167	{@st66b}Cambiar residencia{/}	{@st66b}숙소 변경{/}	UI_20150714_001666	{@st42}Change Lodge{/}	{@st42}숙소 변경{/}	
UI_20160323_002168	{@st43}{s26}Equipo Nivel %s{/}	{@st43}{s26}팀 레벨  %s{/}				
UI_20160323_002169	{@st66b}Equipo Información	{@st66b}팀 정보				
UI_20160323_002170	{#2c140c}promedio Nivel : %s{/}	{#2c140c}평균레벨 : %s{/}				
UI_20160323_002171	{@st41b}Ingresar	{@st41b}참가				
UI_20160323_002172	{@st42} Personaje Greetings{/}	{@st42}캐릭터 인사말{/}				
UI_20160323_002173	[servidor] Gremio Nombre	[서버] 길드명				
UI_20160323_002174	Registro / Puntuación	전적 / 점수				
UI_20160323_002175	[Creard: %s ago]	[결성: %s 전]				
UI_20160411_002176	{@st66b}Usar vibración de cámara{/}	{@st66b}카메라 진동 사용{/}				
UI_20160425_002177	{@st42}Si ambos lados están usando Tokens,{nl}las propiedades de los objetos de equipo intercambiados{nl}no cambiarán.{/}	{@st42}양쪽 모두 토큰 혜택을 적용받는다면{nl}무기 아이템의 거래 속성은{nl}변경되지 않습니다.{/}				
UI_20160425_002178	{@st66b}Aplicar Background efecto	{@st66b} 환경 이펙트 적용				
UI_20160425_002179	{@st66b}Aplicar Dead partes	{@st66b} 데드 파츠 적용				
UI_20160425_002180	{@st66b}Aplicar Personaje Silhouettes	{@st66b} 캐릭터 실루엣 적용				
UI_20160426_002181	{/}¿Quieres eliminar tu {b}{s20}compañero{/}{s43}{@st43}%s{/}{/}{b}{s20}?{/}	{/}{b}{s20}컴패니언{/}{s43}{@st43}%s{/}{/}{b}{s20}을 정말 삭제하시겠습니까?{/}				
UI_20160426_002182	{/}{b}{s20}No se puede recuperar después de eliminarlo.{/}	{/}{b}{s20}삭제가 완료된 이후엔 복구되지 않습니다.{/}				
UI_20160426_002183	{/}{b}{s20}compañero{/}{s43}{@st43}%s{/}	{/}{b}{s20}컴패니언{/}{s43}{@st43}%s{/}				
UI_20160426_002184	{/}Deleting en {b}{s20}%s segundos.{/}	{/}{b}{s20}%s초후 삭제 됩니다.{/}				
UI_20160426_002185	{s18}{ol}{#ffffcc}No{/}	{s18}{ol}{#ffffcc}아니오{/}				
UI_20160426_002186	{s18}{ol}{#ffffcc}Cancelar{/}	{s18}{ol}{#ffffcc}취소{/}				
UI_20160509_002187	Solo los usuarios con Token tienen acceso al almacén de equipo. Los objetos transferibles pueden almacenarse aquí.	토큰을 구매한 유저만 이용가능하며, 거래가 가능한 아이템을 보관할 수 있습니다.				
UI_20160520_002188	Comprar TP	TP충전				
UI_20160520_002189	{@st42}TP Comprar	{@st42}TP충전				
UI_20160520_002190	{@st43}{s22}SEquipo Inventario Objeto	{@st43}{s22}스팀 인벤토리 아이템				
UI_20160520_002191	{@st45tw2}TP Comprar{/}	{@st45tw2}TP구매{/}				
UI_20160520_002192	TP otorgados	지급 TP				
UI_20160520_002193	{@st49}Usar{/}	{@st49}사용{/}				
UI_20160520_002194	{@st42}Gremio War	{@st42}길드 전쟁				
UI_20160520_002195	Declare Neutral	중립 선언				
UI_20160603_002196	{@st66b}Habilidad Control Speed (%s){/}	{@st66b}스킬조작 속도 (%s){/}				
UI_20160613_002197	{@st42}Si ambas partes están usando Tokens,{nl}los objetos de equipo transferibles no se volverán intransferibles.{nl}{#FFFF00}Los objetos consumibles y materiales se volverán intransferibles{nl}sin importar si se utilizan Tokens.{/}	{@st42}양쪽 모두 토큰 혜택을 적용받는다면 {nl}장비 아이템의 거래 속성은 변경되지 않습니다.{nl}{#FFFF00}소비나 재료 아이템은 토큰여부와 상관없이 {nl}거래불가로 옵션이 조정됩니다.{/}	UI_20160425_002177	{@st42}If both sides are using Tokens,{nl}the trade properties of the weapon{nl}will not be changed.{/}	{@st42}양쪽 모두 토큰 혜택을 적용받는다면{nl}무기 아이템의 거래 속성은{nl}변경되지 않습니다.{/}	
UI_20160617_002198	{@st59}Cerrar{/}	{@st59}제작 UI를 닫습니다.{/}	UI_20150729_001739	{@st59}Close Arrow Crafting{/}	{@st59}화살제작을 닫습니다.{/}	
UI_20160617_002199	{@st43}{s22}Equipo Nivel %s{/}	{@st43}{s22}팀 레벨  %s{/}				
UI_20160622_002200	{@st41}Informe{/}	{@st41}신고{/}				
UI_20160622_002201	informe un objeto suspected de being usado en un problematic intercambio.	증여 거래로 의심되는 아이템을 신고합니다.				
UI_20160711_002202	{@st42}Objeto{/}	{@st42}아이템{/}				
UI_20160711_002203	{@st42}{img silver 20 20} Stored Cantidad{/}	{@st42}{img silver 20 20} 보관금액{/}				
UI_20160711_002204	{@st66b}{img in_arrow 20 20}Entrada	{@st66b}{img in_arrow 20 20}입금				
UI_20160711_002205	{@st59}Make un deposit.{/}	{@st59}입금 합니다.{/}				
UI_20160711_002206	{@st66b}{img chul_arrow 20 20}Salida	{@st66b}{img chul_arrow 20 20}출금				
UI_20160711_002207	{@st59}Make un withdrawal.{/}	{@st59}출금 합니다.{/}				
UI_20160711_002208	{@st42b}{img silver 20 20} Cantidad{/}	{@st42b}{img silver 20 20} 금액{/}				
UI_20160711_002209	Cola de espera actual:	현재 대기 인원 : 				
UI_20160711_002210	Recibiendo información.	정보를 받아오고 있습니다.				
UI_20160718_002211	Minimizar chat	채팅창 간략화				
UI_20160718_002212	Chat Force Downscroll	채팅스크롤 강제 하단 이동				
UI_20160718_002213	{@st43}Evento Tienda{/}	{@st43}이벤트 상점{/}				
UI_20160718_002214	{@st59}Cerrar{/}	{@st59}이벤트 상점을 닫습니다{/}	UI_20160224_002063	{@st59}Close{/}	{@st59}유물 수집상을 닫습니다{/}	
UI_20160718_002215	{@st41}Atributo	{@st41}스탯	UI_20150406_001467	{@st41}Stat	{@st41}스텟	
UI_20160718_002216	{@st59}Regional GvG	{@st59}통합 길드배틀				
UI_20160718_002217	{@st43}Regional GvG Clasificacións	{@st43}통합 길드배틀랭킹{/}				
UI_20160718_002218	Regional GvG Clasificacións	통합 길드배틀랭킹	UI_20160323_002145	Guild Battle Ranking	길드배틀랭킹	
UI_20160718_002219	{@st59}Cerrar	{@st59}통합 길드배틀랭킹을 닫습니다.	UI_20160323_002146	{@st59}Close	{@st59}길드배틀랭킹을 닫습니다.	
UI_20160718_002220	{@st59b}GvG regional{nl}{@st59s} - Las recompensas se entregan semanalmente y la clasificación se reinicia.{nl}- Consulta la lista de recompensas para obtener más detalles.{nl}{/}	{@st59b}통합 길드배틀{nl}{@st59s} - 매주 보상이 지급되며 랭킹이 초기화 됩니다.{nl}- 보상 내역은 보상 목록을 참조하세요.{nl}{/}	UI_20160224_002064	{@st59b}Exchange Items{nl}{@st59s} - Able to exchange items obtained from the Earth Tower{nl} - The exchange begins after inserting the item ingredients in the slot.{nl}{/}	{@st59b}아이템 교환{nl}{@st59s} - 대지의 탑에서 아이템을 입수하여 교환 가능{nl} - 아이템 재료를 슬롯에 넣은 후 교환 실행{nl}{/}	
UI_20160718_002221	{@st66b}Rango %s{/}	{@st66b}%s 위{/}				
UI_20160718_002222	{@sti8}{s18}{ds}Participantes (%s){/}	{@sti8}{s18}{ds}참여한 길드원 (%s){/}				
UI_20160718_002223	{@st41}Declined{/}	{@st41}거절한 길드원{/}				
UI_20160718_002224	{@st66d}%s participating (Among %s logged en){/}	{@st66d}%s명 참여 (로그인 %s명중){/}				
UI_20160718_002225	{@st41}Mover a zona	{@st41}바로 존으로 이동				
UI_20160718_002226	{@st46}Resultados de la batalla de gremios{/}	{@st46}길드 대전 결과{/}				
UI_20160718_002227	{@st45tw2}Battle Duration{/}	{@st45tw2}대전 시간{/}				
UI_20160718_002228	{@st43b}Gremio torre HP{/}	{@st43b}길드 타워 HP{/}				
UI_20160718_002229	{@sti9}Cantidad total de bajas{/}	{@sti9}총 킬 카운트{/}				
UI_20160718_002230	{@stz1}Cantidad total de muertes{/}	{@stz1}총 데스 카운트{/}				
UI_20160718_002231	{@sti1c}Registro{/}	{@sti1c}전적{/}				
UI_20160718_002232	{@sti6}%s W {@sti7}%s L{/}	{@sti6}%s승 {@sti7}%s패{/}				
UI_20160718_002233	{@sti9}%s W {@sti6}%s L{/}	{@sti9}%s승 {@sti6}%s패{/}				
UI_20160718_002234	{@st45tw2}Eliminar Rango	{@st45tw2}킬 랭킹3				
UI_20160718_002235	{@st45tw2}Nombre	{@st45tw2}이름				
UI_20160718_002236	{@st45tw2}Kills	{@st45tw2}킬				
UI_20160718_002237	{@st45tw2}Deaths	{@st45tw2}데스				
UI_20160718_002238	{@st59}Lens{/}	{@st59}렌즈{/}				
UI_20160718_002239	{@st41}Sacrificial material	{@st41}제물 재료				
UI_20160718_002240	{@st66b}Mostrar otros personajes' efectos{/}	{@st66b}다른 캐릭터 이펙트 보기{/}	UI_20151022_001829	{@st66b}Show Other Character's Effects	{@st66b}다른 캐릭터 이펙트 보기	
UI_20160718_002241	{@st66b}Aplicar Background efectos{/}	{@st66b}배경 이펙트 적용{/}	UI_20160425_002178	{@st66b}Apply Background Effect	{@st66b} 환경 이펙트 적용	
UI_20160718_002242	{@st59}Mostrar efectos de fondo y gráficos.{/}	{@st59}배경 그래픽의 환경 이펙트를 표시합니다.{/}				
UI_20160718_002243	{@st66b}Aplicar Dead partes de Small y Medium sized Monstruos	{@st66b}소형 및 중형 몬스터 데드파츠 적용{/}	UI_20160425_002179	{@st66b}Apply Dead Parts	{@st66b} 데드 파츠 적용	
UI_20160718_002244	{@st59}Mostrars dead partes de derrotado monstruos.{/}	{@st59}몬스터 처치시 파편을 표시합니다.{/}				
UI_20160718_002245	{@st66b}Mostrar Personaje Silhouettes{/}	{@st66b}캐릭터 실루엣 적용{/}	UI_20160425_002180	{@st66b}Apply Character Silhouettes	{@st66b} 캐릭터 실루엣 적용	
UI_20160718_002246	{@st59}Personajes hidden behind el fondo son Mostrado en silhouettes.{/}	{@st59}캐릭터가 배경 뒤에 있을 때 실루엣으로 표시합니다.{/}				
UI_20160718_002247	Usar %s?{/}	%s 을 사용하시겠습니까?{/}	UI_20151224_001958	Do you want to use this %s?{/}	%s 아이템을 사용하시겠습니까?{/}	
UI_20160718_002248	Unpoder Usar :	사용제한 : %s				
UI_20160718_002249	Día Hora Minuto Segundo	일시분초				
UI_20160718_002250	{@st42b}Siauliai{/}	{@st42b}샤울레이{/}				
UI_20160718_002251	{#000000}Puntuación{/}	{#000000}점수{/}				
UI_20160718_002252	{#000000}%s Puntos{/}	{#000000}%s 점{/}				
UI_20160718_002253	Regional GvG Clasificacións	통합 길드 배틀 순위				
UI_20160811_002254	{@st66b18}※ El objeto es consumida cuando tú cambiar nombre.{/}	{@st66b18}※이름을 변경하면 아이템이 소모됩니다.{/}				
UI_20160811_002255	{@st42}Mostrar inicio de sesión Notifications	{@st42}접속 알림 표시				
UI_20160811_002256	{@white_16_ol}Gremio miembro{/}	{@white_16_ol}길드원{/}				
UI_20160811_002257	{@white_16_ol}Friend{/}	{@white_16_ol}친구{/}				
UI_20160811_002258	{@st66d}{s18}{#FFFF18}[%s]{/}{nl}{@st66d}{s18}{#FFFFFF}Al retirar la carta, se perderá una estrella.{/}	{@st66d}{s18}{#FFFF18}[ %s ]{/} {@st66d}{s18}{#FFFFFF} 제거 시{nl}카드 레벨이 한단계 하락합니다.{/}				
UI_20160811_002259	{@st66b}Removable efecto{/}	{@st66b}제거 되는 효과{/}				
UI_20160811_002260	Ninguno.	없음.				
UI_20160811_002261	{@st41b}Desequipar{/}	{@st41b}해제하기{/}				
UI_20160811_002262	{img icon_item_tospoint 24 24}{@st41b}Consumir 5 TP{nl}Desequipar carta sin perder un nivel de estrella{/}	{img icon_item_tospoint 24 24}{@st41b}5TP 소모{nl}별 감소없이 카드 해제하기{/}				
UI_20160811_002263	{@st41b}Confirmar	{@st41b}최종확인				
UI_20160811_002264	{@st42}My Trade objetos{/}	{@st42}내 거래 목록{/}				
UI_20160811_002265	{@st42}Mis objetos de intercambio{/}	{@st42}상대방 거래 목록{/}				
UI_20160811_002266	{@st66b}Si ambos lados están usando Tokens,{nl}las propiedades de los objetos de equipo intercambiados no cambiarán.{nl}Los objetos consumibles y materiales se volverán intransferibles{nl}sin importar el uso de Tokens.{/}	{@st66b}거래 시 유저가 모두 토큰을 사용 중 이라면{nl}장비 아이템의 속성 변경이 없습니다.{nl}소비나 재료 아이템은 토큰여부와 상관없이 거래불가입니다.{/}				
UI_20160811_002267	Token Match	토큰일치				
UI_20160811_002268	{@st42}El objeto en Misión será convertirse intransferible después el intercambio{/}	{@st42}거래 후 장비 아이템 거래 불가{/}				
UI_20160811_002269	{@st42}El objeto de la misión seguirá siendo transferible después del intercambio{/}	{@st42}거래 후 장비 아이템 거래 가능{/}				
UI_20160811_002270	{@st41b}Trade	{@st41b}거래				
UI_20160811_002271	{@st41b}No	{@st41b}아니오				
UI_20160811_002272	{@st66d}Las propiedades del objeto no cambiarán{nl}si ambos lados están usando Tokens.{/}	{@st66d}거래 대상 양측이 모두 토큰 사용으로{nl}아이템 속성이 변경되지 않습니다.{/}				
UI_20160811_002273	{@st66d}Las propiedades del objeto cambiarán{nl}si ambos lados no están usando Tokens.{/}	{@st66d}거래 대상 양측이 모두 토큰 사용하지 않아{nl}아이템 속성이 변경 됩니다.{/}				
UI_20160811_002274	{@st42}Lista de objetos ese será convertirse intransferible después el intercambio{/}	{@st42}거래 속성이 변경되는 아이템 목록{/}				
UI_20160811_002275	{@st66b}{s20}Tu personaje es Actualmente en {/}{s20}{#770000}combate{@st66b}{s20}.{/}	{@st66b}{s20}캐릭터가 현재 {/}{s20}{#770000}전투 중{@st66b}{s20}입니다.{/}				
UI_20160811_002276	{@st66b}Cancelar{/}	{@st66b}취소{/}				
UI_20160811_002277	{@st66b}Real-Tiempo clasificación	{@st66b}주간 실시간 랭킹	UI_20160323_002147	{@st66b} Real-time Standings	{@st66b}실시간 순위	
UI_20160811_002278	{@st66b}Clasificación de la temporada anterior{/}	{@st66b}전 시즌 랭킹{/}	UI_20160323_002148	{@st66b} Weekly Standings	{@st66b}주간 순위{/}	
UI_20160811_002279	Clasificación de la semana anterior	지난 주간 랭킹				
UI_20160811_002280	20 x 300 TP Vouchers	300TP 교환권 20장				
UI_20160811_002281	recibir Recompensas	보상 받기				
UI_20160811_002282	{@sti1c}Clasificación semanal{/}	{@sti1c}주간 전적{/}				
UI_20160811_002283	{@st66b}Uphill defensa{/}	{@st66b}업힐 디펜스{/}				
UI_20160811_002284	Nivel en ascending order{/}	레벨 오름차순{/}				
UI_20160811_002285	Nivel en descending order{/}	레벨 내림차순{/}				
UI_20160811_002286	{img %s 12 12}{/} {@st66b}{s18}Monstruo Card{/}	{img %s 12 12}{/} {@st66b}{s18}몬스터 카드{/}				
UI_20160811_002287	Transcend Objeto	아이템 초월				
UI_20160811_002288	trascendencia	초월				
UI_20160811_002289	{@st59b}Trascendencia de objetos{nl}{@st59s}- Otra forma de mejorar el rendimiento de un objeto, diferente a la mejora con yunque.{nl}- Objetos que pueden trascender: armas, armaduras y accesorios.{nl}- Tasa de éxito de trascendencia = Materiales usados / Máximo de materiales requeridos.{nl}- La etapa de trascendencia aumenta en 1 al tener éxito (máximo 10 etapas).{nl}- La etapa de trascendencia disminuye en 1 al fallar (no se pierde Potencial).{nl}- Los objetos trascendidos no pueden intercambiarse.{/}	{@st59b}아이템 초월{nl}{@st59s}- 모루 강화와는 다른 아이템 성능 강화{nl}- 초월 가능 장비 : 무기, 방어구, 장신구{nl}- 초월 성공 확률 = 넣은 재료 개수 / 최대 필요 재료 개수{nl}- 성공 시, 초월이 1단계 상승(최대 10단계){nl}- 실패 시, 초월이 -1단계 하락(포텐셜은 감소되지 않음){nl}- 초월시킨 장비는 거래 제한으로 변경됨{/}				
UI_20160811_002290	{@st42}Etapa %s{/}	{@st42}%s단계{/}				
UI_20160811_002291	Extraer bendecido Gema	축복석 추출				
UI_20160811_002292	{@st59b}Extracción de gema bendecida{nl}{@st59s}- Extrae una gema bendecida de un objeto trascendido.{nl}- Requisito de extracción: Martillo de desmontaje.{nl}- Recuperarás parte de las gemas bendecidas utilizadas para la trascendencia, aunque el objeto será destruido.{nl}- No se puede utilizar en objetos con trascendencia de nivel 0.{/}	{@st59b}축복석 추출{nl}{@st59s}- 초월아이템에서 축복석 추출{nl}- 축복석 추출 재료 : 분해의 망치{nl}- 축복석 추출시 해당 아이템은 제거되지만, 사용된 축복석의 일부를 되돌려 받을 수 있습니다. {nl}- 초월 0단계에서는 사용할 수 없습니다.{/}				
UI_20160811_002293	Extracción Results	축복석 추출 결과				
UI_20160811_002294	Extraer Objeto	아이템 추출				
UI_20160811_002295	{@st59b}Extraer Objeto{nl}{@st59s}- Eliminar el transcendental efectos de un trascendido objeto{nl}- Extracción Requisitos: hechizo Rod{/}	{@st59b}아이템 추출{nl}{@st59s}- 초월아이템에서 초월효과 제거{nl}- 아이템 추출 재료 : 마력 흡수침{/}				
UI_20160811_002296	Objeto Extracción Results	아이템 추출 결과				
UI_20160811_002297	Nombre de (Package) being vendido	판매 아이템 (패키지) 이름				
UI_20160811_002298	{@st67}{s18} ※ Puedes solo comprar 1 product por cuenta.{/}	{@st67}{s18}   ※ 본 상품은 계정 당 1회만 구매 가능합니다.{/}				
UI_20160811_002299	{@st67}{s18} ※ El Package y todos included objetos son intransferible.{/}	{@st67}{s18}   ※ 패키지 포함 구성물은 모두 거래가 불가능합니다.{/}				
UI_20160811_002300	{@st66d}{s20}Comprar {/}	{@st66d}{s20}구매 {/}				
UI_20160811_002301	{@st66d}{s20}Cancelar{/}	{@st66d}{s20}취소{/}				
UI_20160811_002302	{@st67}{s26}El objetos no puede ser refunded.{/}	{@st67}{s26}구매가 확정되면 되돌릴 수 없습니다.{/}				
UI_20160811_002303	{@st66d}{s26}Confirmar Comprar{/}	{@st66d}{s26}구매확정{/}				
UI_20160811_002304	{@st66d}{s26}No{/}	{@st66d}{s26}아니오{/}				
UI_20160811_002305	{@st66d}{s26}Derecho a cancelar{/}	{@st66d}{s26}청약철회{/}				
UI_20160811_002306	{@st59}Ver suggested mazmorra locations{/}	{@st59}추천 던전 위치를 봅니다{/}				
UI_20160811_002307	{@st41}Residencia %s (%s/%s){/}	{@st41}숙소%s (%s/%s){/}				
UI_20160811_002308	{@st59}Mover a residencia.	{@st59}숙소를 이동합니다.				
UI_20160811_002309	{@st59}Por favor seleccionar un servidor.{/}	{@st59}유라테(시즌 서버) 서버는 10/20까지 운영되는 이벤트 서버입니다.{nl}자세한 내용은 홈페이지 공지사항을 참고해주세요.{nl}바카리네, 라이마, 제미나, 가비야 서버는 바이보라 서버로 통합되었습니다.{/}	UI_20150317_001032	{@St59}Select Server{/}	{@st59}접속을 원하는 서버를 선택하여 주세요{/}	
UI_20160811_002310	{@st59}Selecciona un servidor.{nl}Los servidores Vakarine, Laima, Zemyna y Gabija se han fusionado con el servidor Vaivora.{/}	{@st59}접속을 원하는 서버를 선택하여 주세요.{nl}바카리네, 라이마, 제미나, 가비야 서버가 바이보라 서버로 통합되었습니다.{/}	UI_20150317_001032	{@St59}Select Server{/}	{@st59}접속을 원하는 서버를 선택하여 주세요{/}	
UI_20160811_002311	{@st66b}Mover a otro sede	{@st66b}숙소 이동				
UI_20160811_002312	{@st59}Mover residencia.{/}	{@st59}숙소를 이동시킵니다.{/}				
UI_20160811_002313	{@st59}Eliminar compañero	{@st59}컴패니언 삭제				
UI_20160811_002314	Te sientes mejor.	기분 좋아진다.				
UI_20160811_002315	Carpet-Tipo	장판형				
UI_20160811_002316	{@st42b}{s16}Charge{/}	{@st42b}{s16}충전하기{/}				
UI_20160811_002317	{@st66b}{s16}Vista previa{/}	{@st66b}{s16}미리보기{/}				
UI_20160811_002318	{@st42b}{s16}Añadir{/}	{@st42b}{s16}담기{/}				
UI_20160811_002319	Unlearned	미습득				
UI_20160811_002320	* When battling	* 대전 시				
UI_20160811_002321	{@st66d}Equipado Arma	{@st66d}착용 무기				
UI_20161005_002322	Cambiar Appearance	외형 변경				
UI_20161005_002323	{@st45tw2}Material Arma{/}	{@st45tw2}재료 무기{/}				
UI_20161005_002324	{@st43}Encantamiento Armadura{/}	{@st43}인챈트 아머{/}				
UI_20161005_002325	{@st66b}Encantamiento{/}	{@st66b}마법부여{/}				
UI_20161005_002326	{@st59}Cerrar{/}	{@st59}코스튬 마법부여 UI를 닫습니다{/}				
UI_20161005_002327	{img silver 20 20}Precio	받는 가격{img silver 20 20}				
UI_20161005_002328	 Almacenar Nombre	 상점 이름				
UI_20161005_002329	{@st66b}Tienda{/}	{@st66b}상점{/}				
UI_20161005_002330	{img silver 20 20}Precio	받는 가격{img silver 20 20} 				
UI_20161005_002331	{@st41b}Confirmar	{@st41b}결정				
UI_20161005_002332	{@st41b}Cerrar	{@st41b}폐점				
UI_20161005_002333	{img squaier_buff 24 24}24 horas{/}	{img squaier_buff 24 24}24시간 지속{/}				
UI_20161005_002334	{@st66b}Detalles	{@st66b}상세정보	UI_20160224_002072	{@st66b}Property	{@st66b}속성	
UI_20161005_002335	{@st66b}War	{@st66b}전쟁				
UI_20161005_002336	{@st43}Homunculus Información{/}	{@st43}호문쿨루스 정보{/}				
UI_20161005_002337	Duration	생명시간				
UI_20161005_002338	{@st66b}Physical Ataque{/}	{@st66b}물리공격력{/}				
UI_20161005_002339	{@st66b}Magic Ataque{/}	{@st66b}마법공격력{/}				
UI_20161005_002340	{@st66b}Defensa física{/}	{@st66b}물리방어력{/}				
UI_20161005_002341	{@st66b}Defensa mágica{/}	{@st66b}마법방어력{/}				
UI_20161005_002342	{@st42}Habilidad Configuración{/}	{@st42}스킬 설정{/}				
UI_20161005_002343	{@st66b}Se pueden establecer hasta cuatro habilidades de IA de Homonculus.{nl}Una vez aplicadas, las habilidades establecidas no pueden cambiarse.{/}	{@st66b}호문쿨루스 AI스킬은 4개까지 설정 가능하며,{nl} 한번 설정한 스킬은 변경되지 않습니다.{/}				
UI_20161005_002344	Nombre{/}	이름{/}				
UI_20161005_002345	Configuración{/}	설정{/}				
UI_20161005_002346	{@st59}Cerrar{/}	{@st59}호문쿨루스 정보 UI를 닫습니다{/}				
UI_20161005_002347	{@st66d}No puedes revertir esto una vez aplicada la habilidad.{nl}¿Quieres continuar?{/}	{@st66d}한번 적용된 스킬은 변경하실 수 없습니다.{nl}진행하시겠습니까?{/}				
UI_20161005_002348	Un vale de limpieza de mazmorra que derrota rápidamente a los monstruos dentro de una mazmorra instanciada.	인스턴스 던전의 몬스터를 {nl}빠르게 처치할 수 있는 주문서 입니다.				
UI_20161005_002349	Instance Clear Voucher	인스턴스 던전 소탕권{/}				
UI_20161005_002350	Warning	주의사항				
UI_20161005_002351	 El monstruos derrotado por el pillar de light{nl}será no ser registrado en el Diario de aventuras, y{nl}objetos será dropped near el pillar de light.{nl}Por favor ser aware de possible objeto loss.{nl}El usado voucher será disappear instantly{nl}y lo puede solo ser usado within instanciado mazmorras.{/}	 빛기둥에 죽은 몬스터는 모험일지에 기록되지{nl}않을 수 있으며, 빛기둥 주변에서 아이템이 떨어지게{nl}되어, 유실 가능성에 유의해 주시기 바랍니다.{nl}사용한 소탕권은 즉시 사라지며, 해당회차 인스턴스{nl}던전에서만 적용됩니다.{/}				
UI_20161005_002352	¿Quieres usar el Vale de limpieza de instancia?{/}	인스턴스 던전 소탕권을 사용하시겠습니까?{/}				
UI_20161005_002353	{@st59b}Extracción de gemas bendecidas{nl}{@st59s}- Extrae una gema bendecida de un objeto trascendido.{nl}- Requisito de extracción: Martillo de desmontaje.{nl}- Recuperarás parte de las gemas bendecidas utilizadas para la trascendencia, aunque el objeto será destruido.{nl}  : Tasa de éxito actual / Se devolverá el 40% de la cantidad de gemas bendecidas. {nl}- No puedes utilizar esto cuando tu objeto está en la etapa 0 de trascendencia.{/}	{@st59b}축복석 추출{nl}{@st59s}- 초월아이템에서 축복석 추출{nl}- 축복석 추출 재료 : 분해의 망치{nl}- 축복석 추출시 해당 아이템은 제거되지만, 사용된 축복석의 일부를 되돌려 받을 수 있습니다. {nl}   : 현재까지 성공 / 실패에 사용된 축복석의 40%를 돌려받습니다. {nl}- 초월 0단계에서는 사용할 수 없습니다.{/}	UI_20160811_002292	{@st59b}Extract Blessed Gem{nl}{@st59s}- Extract Blessed Gem from transcended items{nl}- Extraction Requirements : Hammer of Dismantlement{nl}- You'll retrieve some of the Blessed Gems used for Transcendence even though the item will be destroyed. {nl}- You cannot do this at Transcendence Stage 0.{/}	{@st59b}축복석 추출{nl}{@st59s}- 초월아이템에서 축복석 추출{nl}- 축복석 추출 재료 : 분해의 망치{nl}- 축복석 추출시 해당 아이템은 제거되지만, 사용된 축복석의 일부를 되돌려 받을 수 있습니다. {nl}- 초월 0단계에서는 사용할 수 없습니다.{/}	
UI_20161005_002354	Misión fallida	미션 실패				
UI_20161005_002355	Todos jugadores tener been incapacitated.	모든 플레이어가 전투 불능 상태가 되었습니다.				
UI_20161005_002356	Confirma que quieres salir de la torre.	확인을 누르시면 탑 밖으로 이동합니다.				
UI_20161005_002357	{@st43b}{s20}Confirmar{/}	{@st43b}{s20}확인{/}				
UI_20161005_002358	{@st41}Automático-Ataque	{@st41}자동 공격 활성화				
UI_20161005_002359	{s16}{#000000}Amigos Online %s/%s{/}	{s16}{#000000}접속중인 친구 %s/%s{/}				
UI_20161005_002360	{@st43}Ir con un amigo{/}	{@st43}친구에게 가기{/}				
UI_20161005_002361	{@st43}Portal	{@st43}포탈				
UI_20161005_002362	{@st41b}Guardar Position	{@st41b}위치 저장				
UI_20161005_002363	{@st59}Cerrar{/}	{@st59}포탈 UI를 닫습니다.{/}				
UI_20161005_002364	{@st66b}Guardado Portals: %s/%s{/}	{@st66b}포탈 저장 개수 %s/%s{/}				
UI_20161005_002365	{@st43}Fabricar Spellbook	{@st43}스펠북 제작				
UI_20161005_002366	{@st43}Cambiar género de la tienda{/}	{@st43}스위치 젠더 상점{/}				
UI_20161005_002367	{@st66b}Cambiar{/}	{@st66b}변환{/}				
UI_20161005_002368	{@st59}Cerrar{/}	{@st59}스위치 젠더 UI를 닫습니다{/}				
UI_20161005_002369	{img silver 20 20}Precio 	받는 가격 {img silver 20 20} 				
UI_20161005_002370	{@st41b}Abrir	{@st41b}열 기				
UI_20161005_002371	Antes{/}	현재{/}				
UI_20161005_002372	Después{/}	변경 후{/}				
UI_20161005_002373	{@st66d}Cambiar Gender{/}	{@st66d}성별 변경{/}				
UI_20161005_002374	Warning{/}	주의 사항{/}				
UI_20161005_002375	Eliminar todos equipado gear antes tú proceed{nl}Tu clase disfraces será cambiado con tu género{/}	모든 장비 해제 한 뒤에 전환 가능{nl}기본 직업별 코스튬은 성별 자동 변경{/}				
UI_20161005_002376	{@st67}Todos el premium objetos ese eran género specific será{nl}no longer ser equippable{/}	{@st67}기존 성별에 맞게 구매한 유료코스튬은{nl}성별 변환 후, 장착 불가{/}				
UI_20161005_002377	atributo	능력치				
UI_20161005_002378	{@st66d}{s30}El webpage reached its end. {nl} Por favor, pulsar Cerrar.{/}	{@st66d}{s30}웹 페이지가 끝났습니다. {nl} 닫기를 눌러주세요.{/}				
UI_20161005_002379	ver del jugador's POV	플레이어 시점 보기				
UI_20161005_002380	Todos personajes	총 캐릭터				
UI_20161005_002381	{@st66e}%s{nl}Cambiar de %s a {@st66d_y}%s{/}	{@st66e}%s{nl} %s에서 {@st66d_y}%s{/}으로 변경{/}				
UI_20161005_002382	{@st66b}Restart{/}	{@st66b}재시작{/}				
UI_20161005_002383	{@st66d_y}%s{/}	{@st66d_y}%s의{/}				
UI_20161005_002384	Seleccionared Option:{nl}%s	선택 옵션:{nl}%s				
UI_20161005_002385	Gremio atributos & Información	길드 특성 및 정보				
UI_20161005_002386	{@st66b}Guardar	{@st66b}저장				
UI_20161005_002387	{@st42}Tablón de mensajes de una línea: publica hasta 3 veces al día.{/}	{@st42}한줄 게시판 - 하루 3회 입력가능합니다.{/}				
UI_20161005_002388	{@st42}Registros	{@st42}전적				
UI_20161005_002389	GvG Ranks	길드 배틀 랭킹				
UI_20161005_002390	{@st66e}Forge (%s/%s){/}	{@st66e}포지(%s/%s){/}				
UI_20161005_002391	{@st66e}Shield Charger (%s/%s){/}	{@st66e}실드 차져(%s/%s){/}				
UI_20161005_002392	{@st45tw2}Gremio miembro solo{/}	{@st45tw2}길드원만 입장{/}				
UI_20161005_002393	{@st42}Aprendering [%s] es necesario.{/}	{@st42}[%s]을 배워야 합니다.{/}				
UI_20161005_002394	{@st66b}Coordinates{/}	{@st66b}좌표{/}				
UI_20161005_002395	{@st42b}Abrir portal	{@st42b}포탈 열기				
UI_20161005_002396	{@st66b}Portal Cooldown{/}	{@st66b}포탈 재사용 대기시간{/}				
UI_20161010_002397	{@st66d_y}{s20}Todos{/}	{@st66d_y}{s20}총{/}				
UI_20161107_002398	{@st43}Intercambiar Lista{/}	{@st43}교환 목록{/}				
UI_20161107_002399	{@st41b}Medals : {/}	{@st41b}총 소비 메달 : {/}				
UI_20161107_002400	{@st41b}Total medalla obtenido : {/}	{@st41b}총 획득 메달 : {/}				
UI_20161107_002401	¿Quieres gastar medallas en el objeto?	메달을 위 아이템으로 교환하시겠습니까?				
UI_20161107_002402	Una vez Intercambiard, no puedes revert lo.	교환 시 원래의 아이템으로 되돌릴 수 없습니다.				
UI_20161107_002403	¿Quieres intercambiar el objeto por una medalla?	해당 아이템을 메달로 교환하시겠습니까?				
UI_20161107_002404	Cambiar la compra de nuevo por una medalla puede provocar cierta pérdida debido al tipo de cambio.	구매한 아이템을 메달로 재교환 시 교환율의 불이익이 발생할 수 있습니다.				
UI_20161107_002405	{@st43}{s24}TP Tienda	{@st43}{s24}TP상점				
UI_20161107_002406	{@st43}{s24}nuevo{/}	{@st43}{s24}신상품{/}				
UI_20161107_002407	  {img Nexon_cash_mark 30 30} Owne{/}{/}	  보유중인{img Nexon_cash_mark 30 30}{/}{/}				
UI_20161107_002408	{@st66d}{s20}Recharge SEquipo Wallet{/}	{@st66d}{s20}넥슨캐시 충전{/}				
UI_20161107_002409	{@st66d}{s18}Vista previa/Comprar{/}	{@st66d}{s18}미리보기 및 구매{/}				
UI_20161107_002410	{@st66d}Restablecer Vista previa{/}	{@st66d}미리보기 초기화{/}				
UI_20161107_002411	{@st66d}Finalize Comprar{/}	{@st66d}구매 확정{/}				
UI_20161107_002412	  TP actuales{/}	  보유중인 TP{/}				
UI_20161107_002413	  Restante TP{/}	  잔여 TP{/}				
UI_20161107_002414	{@st66d}Intercambiar a medalla{/}	{@st66d}메달로 교환하기{/}				
UI_20161107_002415	{@st66d}Intercambiar a Objeto{/}	{@st66d}아이템으로{nl} 교환하기{/}				
UI_20161107_002416	  Actual Medals{/}	  보유중인 메달{/}				
UI_20161107_002417	  Restante Medals{/}	  잔여 메달{/}				
UI_20161107_002418	medalla Precio	장바구니 메달				
UI_20161107_002419	{@st66b}TP Comprar{/}	{@st66b}TP 구매{/}				
UI_20161107_002420	{@st66b}Intercambiar Tienda{/}	{@st66b}리사이클 상점{/}				
UI_20161107_002421	Intercambiar objetos para medals	보유중인 아이템을 메달로 교환				
UI_20161107_002422	Intercambiar medals para objetos	보유중인 메달을 아이템으로 교환				
UI_20161107_002423	Buyables	구매가능 목록				
UI_20161107_002424	Sellables	판매가능 목록				
UI_20161107_002425	{@st66d}{s18}superior 5 Sellers{/}	{@st66d}{s18}인기 아이템 Top5{/}				
UI_20161107_002426	{@st55_b} Introduce un palabra clave.{/}	{@st55_b}  검색어를 입력하세요.{/}				
UI_20161107_002427	 TP Purchaseable	 TP 구매				
UI_20161107_002428	{@st66d}{s18}especiales Offer{/}	{@st66d}{s18}특별판매{/}				
UI_20161107_002429	{@st66d}Comprar{/}	{@st66d}구매 하기{/}				
UI_20161107_002430	{@st66d}{s18}Cash Almacén{/}	{@st66d}{s18}캐시 창고{/}				
UI_20161107_002431	{@st43d}{s18}- Solo puede utilizarse cuando la compra del objeto se haya finalizado.{nl} - Haz clic derecho para finalizar la compra.{nl}- El objeto comprado aparecerá en el inventario de tu personaje.{nl}- Los objetos del almacén de efectivo pueden reembolsarse dentro de los 7 días posteriores a la compra.{/}	{@st43d}{s18}- 캐시 창고의 아이템을 구매 확정해야만 사용 할 수 있습니다.{nl}- 구매 확정은 마우스 우클릭을 통해 가능합니다.{nl}- 구매 확정한 상품은 캐릭터 인벤토리로 이동됩니다.{nl}- 캐시창고에 보관된 아이템은 구입 후 7일 이내에 청약철회를 할 수 있습니다.{/}				
UI_20161107_002432	{@st67}{s18}Una compra no puede revertirse una vez finalizada.{/}	{@st67}{s18}구매가 확정되면 되돌릴 수 없습니다.{/}				
UI_20161107_002433	{@st66d}{s18}Yes{/}	{@st66d}{s18}구매확정{/}	UI_20160811_002303	{@st66d}{s26}Confirm Purchase{/}	{@st66d}{s26}구매확정{/}	
UI_20161107_002434	{@st66d}{s18}No{/}	{@st66d}{s18}아니오{/}	UI_20160811_002304	{@st66d}{s26}No{/}	{@st66d}{s26}아니오{/}	
UI_20161107_002435	{@st66}{s18}Derecho a cancelar{/}	{@st66}{s18}청약철회{/}	UI_20160811_002305	{@st66d}{s26}Right to Cancel{/}	{@st66d}{s26}청약철회{/}	
UI_20161107_002436	{@st42b}{s16}Comprar{/}	{@st42b}{s16}구매하기{/}	UI_20160811_002316	{@st42b}{s16}Charge{/}	{@st42b}{s16}충전하기{/}	
UI_20161107_002437	{@st42}{s16} medalla Costo {/}{img icon_item_recyclemedal 20 20}{/}	{@st42}{s16}  소모메달 {/}{img icon_item_recyclemedal 20 20}{/}				
UI_20161107_002438	{@st42}{s16} obtenido medalla {/}{img icon_item_recyclemedal 20 20}{/}	{@st42}{s16}  획득메달 {/}{img icon_item_recyclemedal 20 20}{/}				
UI_20161107_002439	Owned: %s	보유 수량 : %s				
UI_20161107_002440	{@st42b}{s16}Comprar{/}	{@st42b}{s16}구매{/}				
UI_20161107_002441	{@st42b}{s16}Intercambiar para medalla{/}	{@st42b}{s16}메달로 교환{/}				
UI_20161107_002442	medalla Consumed	소비 메달				
UI_20161107_002443	medalla obtenido	획득 메달				
UI_20161108_002444	{@st43}%s obtenido!{/}	{@st43}%s 획득!{/}				
UI_20161108_002445	{@st42b}Abrir Goddess' bendecido cubo X %s	{@st42b}축복받은 여신의 큐브 X %s 열기				
UI_20161108_002446	{@st42b}Abrir Leticia's Secret cubo X %s	{@st42b}레티샤의 비밀 큐브 X %s 열기				
UI_20161108_002447	{@st41}Abrir Compensation cubo	{@st41}보상 큐브 열기				
UI_20161108_002448	{@st59}Cerrar{/}	{@st59}창을 닫습니다.{/}				
UI_20161108_002449	{@st66b}Might obtener something mysterious{nl}cuando abierto.{/}	{@st66b}사용하면 무언가 알 수 없는 것을{nl}획득할 수 있을 것 같습니다.{/}				
UI_20161121_002450	{@st41}Reinicio del contador de entradas: 06:00 a. m. todos los días{/}	{@st41}입장 횟수 초기화 : 매일 6시{/}				
UI_20161121_002451	Nombre/ubicación	이름/위치				
UI_20161121_002452	entrada Nivel	입장레벨				
UI_20161121_002453	entrada cantidad	입장 횟수				
UI_20161121_002454	Introduce Dungeon	던전 입장				
UI_20161121_002455	%s/%s	%s/%s회				
UI_20161121_002456	principal Obtainable Equipo	대표 획득 장비				
UI_20161121_002457	{@st66b}Emparejamiento automático{nl}Re-Introduce	{@st66b}자동매칭{nl}재입장				
UI_20161121_002458	Volver a la ubicación encontrada anteriormente.	이전에 매칭된 곳으로 입장합니다.				
UI_20161121_002459	Emparejamiento automático	자동매칭				
UI_20161121_002460	principal Monstruo	대표 등장 몬스터				
UI_20161121_002461	Esperando la participación de los miembros del grupo.{nl}Se enviará un mensaje a los jugadores del nivel correspondiente.	파티원의 참여를 기다립니다.{nl}레벨대가 맞는 파티원에게는 메세지가 전송됩니다.				
UI_20161121_002462	Emparejamiento automático{nl}con Grupo	파티원과 자동매칭				
UI_20161121_002463	Emparejamiento automático con{nl}Actual miembros	현재 모인 멤버로 자동매칭				
UI_20161121_002464	{@st41b}Introduce Now	{@st41b}바로입장				
UI_20161121_002465	Cola de espera total: %s	총 대기인원: %s명				
UI_20161121_002466	Awaiting el participación del grupo miembros.	파티원의 참여를 기다리고 있습니다.				
UI_20161121_002467	{@st66b}Cancelar Queue	{@st66b}매칭 취소				
UI_20161121_002468	Entrar ahora...	잠시 후 이동				
UI_20161121_002469	{@st59}Cerrar el Mensaje.{/}	{@st59}메세지를 닫습니다.{/}				
UI_20161214_002470	{@st43}Identify{/}	{@st43}감정{/}				
UI_20161214_002471	{@st59}Cerrar{/}	{@st59}감정 UI를 닫습니다{/}				
UI_20161214_002472	{@st66}Lista de Identifiable objetos	{@st66}감정 필요 아이템 목록				
UI_20161214_002473	{@st41b}Identification Costo{/}	{@st41b}감정 비용{/}				
UI_20161214_002474	{@st41b}Identify{/}	{@st41b}감정 하기{/}				
UI_20161214_002475	Nombre	이름을 지어주세요				
UI_20161214_002476	{@st43}Tienda de compañeros	{@st43}컴패니언 상점	UI_20150317_000149	{@st43}Companion Shop	{@st43}컴패니언 샵	
UI_20161214_002477	{@st66b}Adoptar{/}	{@st66b}분양{/}				
UI_20161214_002478	{@st66b}Pet Food{/}	{@st66b}먹이{/}				
UI_20161214_002479	{img icon_item_silver 20 20}{@st41b}Continuar {/}{img white_right_arrow 15 18}	{img icon_item_silver 20 20}{@st41b}거래 정산 {/}{img white_right_arrow 15 18}				
UI_20161214_002480	{img icon_item_silver 20 20}{@st41b}Fondos restantes {/}{img white_right_arrow 15 18}	{img icon_item_silver 20 20}{@st41b}예상 잔액 {/}{img white_right_arrow 15 18}				
UI_20161214_002481	{@st66b}Clear{/}	{@st66b}비우기{/}				
UI_20161214_002482	{@st41b}Continuar {/}{img white_right_arrow 15 18}	{@st41b}거래 정산 {/}{img white_right_arrow 15 18}				
UI_20161214_002483	{@st41b}Fondos restantes {/}{img white_right_arrow 15 18}	{@st41b}예상 잔액 {/}{img white_right_arrow 15 18}				
UI_20161214_002484	Las cartas de nivel 1 no consumen 5 TP.	1레벨 카드는 5TP가 소모되지 않습니다.				
UI_20161214_002485	{@st66b}Real-Tiempo clasificación	{@st66b}실시간 랭킹	UI_20160811_002277	{@st66b}Real-time Standings	{@st66b}주간 실시간 랭킹	
UI_20161214_002486	último Season clasificación	지난 시즌 랭킹	UI_20160811_002279	Previous Week's Standings	지난 주간 랭킹	
UI_20161214_002487	Aumenta la EXP/tasa de botín{nl}hasta 3 veces al consumir{nl}el contador de entradas y{nl}los Tokens multiplicadores de mazmorra instanciada.	던전 입장 소비 횟수와{nl} 인스턴스 던전 배수 토큰 아이템을{nl}소모한 만큼{nl}경험치/아이템드랍률을{nl} 최대 3배까지 증가시킵니다.				
UI_20161214_002488	{@st41b}Activate Multiply Modo	{@st41b}배수모드 발동				
UI_20161214_002489	{@st41b}Cancelar Multiply Modo	{@st41b}배수모드 취소				
UI_20161214_002490	Multiply Modo número	배수모드 적용 개수				
UI_20161214_002491	Por favor, wait.	잠시 후 이동됩니다				
UI_20161214_002492	{@st66b}Equipo{/}	{@st66b}장비{/}				
UI_20161214_002493	{@st66b}Objeto{/}	{@st66b}아이템{/}				
UI_20161214_002494	{@st59b}Trascendencia de objetos{nl}{@st59s}- Mejora el rendimiento de un objeto de una forma distinta a la mejora con yunque.{nl}- Objetos que pueden trascender: arma, armadura y accesorio.{nl}- Probabilidad de trascendencia = Cantidad de materiales / Máximo requerido.{nl}- Si tiene éxito, el nivel de trascendencia aumenta en 1 (máx. 10).{nl}- Si falla, el nivel de trascendencia y el potencial disminuyen en 1 (el nivel de trascendencia no baja de 1).{nl}- Los objetos trascendidos no pueden intercambiarse.{/}	{@st59b}아이템 초월{nl}{@st59s}- 모루 강화와는 다른 아이템 성능 강화{nl}- 초월 가능 장비 : 무기, 방어구, 장신구{nl}- 초월 성공 확률 = 넣은 재료 개수 / 최대 필요 재료 개수{nl}- 성공 시, 초월이 1단계 상승(최대 10단계){nl}- 실패 시, 초월과 포텐셜이 1단계 하락(초월은 1단계 이하로 떨어지지 않음){nl}- 초월시킨 장비는 거래 제한으로 변경됨{/}	UI_20160811_002289	{@st59b}Transcend Item{nl}{@st59s}- Another way to enhance the item's performance other than by the anvil{nl}- Items that can transcend : Weapons, armor and accessories{nl}- Transcendence Success Rate = Used Ingredients / Maximum Required Ingredients{nl}- Increases Transcendence Stage by 1 on success (Maximum of 10 Stages){nl}- Decreases Transcendence Stage by 1 on failure (No Potential loss){nl}- Transcended items cannot be traded{/}	{@st59b}아이템 초월{nl}{@st59s}- 모루 강화와는 다른 아이템 성능 강화{nl}- 초월 가능 장비 : 무기, 방어구, 장신구{nl}- 초월 성공 확률 = 넣은 재료 개수 / 최대 필요 재료 개수{nl}- 성공 시, 초월이 1단계 상승(최대 10단계){nl}- 실패 시, 초월이 -1단계 하락(포텐셜은 감소되지 않음){nl}- 초월시킨 장비는 거래 제한으로 변경됨{/}	
UI_20161214_002495	{@st59b}Extracción de gema bendecida{nl}{@st59s}- Extrae gemas bendecidas de objetos trascendidos.{nl}- Material para la extracción: Martillo de desmontaje.{nl}- Parte de las gemas bendecidas utilizadas en el objeto puede recuperarse. {nl}   : dependiendo de la etapa actual de trascendencia y del potencial restante, la tasa de recuperación va del 20% al 90%. {nl}- No puede utilizarse en la etapa 0 de trascendencia.{/}	{@st59b}축복석 추출{nl}{@st59s}- 초월아이템에서 축복석 추출{nl}- 축복석 추출 재료 : 분해의 망치{nl}- 축복석 추출시 해당 아이템은 제거되지만, 사용된 축복석의 일부를 되돌려 받을 수 있습니다. {nl}   : 현재 초월 단계와 잔여 포텐셜에 따라 최소 20% ~ 최대 90%의 초월석을 돌려받습니다. {nl}- 초월 0단계에서는 사용할 수 없습니다.{/}	UI_20161005_002353	{@st59b}Blessed Gems Extraction{nl}{@st59s}- Extract a Blessed Gem from a transcended item{nl}- Extraction Requirements : Hammer of Dismantlement{nl}- You'll retrieve some of the Blessed Gems used for Transcendence even though the item will be destroyed.{nl}  : Current Success Rate / 40% of the amount of Blessed Gems will be returned. {nl}- You cannot use this when your item is in Stage 0 of Transcendence.{/}	{@st59b}축복석 추출{nl}{@st59s}- 초월아이템에서 축복석 추출{nl}- 축복석 추출 재료 : 분해의 망치{nl}- 축복석 추출시 해당 아이템은 제거되지만, 사용된 축복석의 일부를 되돌려 받을 수 있습니다. {nl}   : 현재까지 성공 / 실패에 사용된 축복석의 40%를 돌려받습니다. {nl}- 초월 0단계에서는 사용할 수 없습니다.{/}	
UI_20161214_002496	{@st66b}Guardar{/}	{@st66b}강화 저장{/}				
UI_20161214_002497	{@st66b}Mostrar el daño de otros personajes	{@st66b}다른 캐릭터 대미지 보기				
UI_20161214_002498	{@st59}Por favor seleccionar un servidor.{/}	{@st59}유라테 - 시즌 서버가 아우슈리네 서버로 통합되었습니다.{nl}자세한 내용은 홈페이지 공지사항을 참고해주세요.{nl}바카리네, 라이마, 제미나, 가비야 서버는 7/14(목) 바이보라 서버로 통합되었습니다.{/}	UI_20160811_002309	{@st59}Please select a server.{/}	{@st59}유라테(시즌 서버) 서버는 10/20까지 운영되는 이벤트 서버입니다.{nl}자세한 내용은 홈페이지 공지사항을 참고해주세요.{nl}바카리네, 라이마, 제미나, 가비야 서버는 바이보라 서버로 통합되었습니다.{/}	
UI_20161214_002499	{@st59}Registro FPS y Activate Replay.{/}	{@st59}리플레이를 실행하며 프레임당 수행시간을 파일로 기록합니다.{/}				
UI_20161214_002500	Actual	현재				
UI_20161214_002501	máx..	최대				
UI_20161214_002502	{@st66b}Aprender	{@st66b}배우기				
UI_20161214_002503	{img white_right_arrow 24 24}{@st66d_y} Costo total{/}	{img white_right_arrow 24 24}{@st66d_y} 총 강화 소비 비용{/}				
UI_20161214_002504	{@brown_16}Gremio Participation{/}	{@brown_16}길드 참여{/}				
UI_20161214_002505	{@black_18_b}Diario{/}	{@black_18_b}일간{/}				
UI_20161214_002506	{@black_18_b}Semanal (Restablecer cada monday){/}	{@black_18_b}주간(월요일마다 초기화){/}				
UI_20161214_002507	{@brown_16}Individual Participation{/}	{@brown_16}개인 참여{/}				
UI_20161214_002508	Gremio Authority	길드 권한				
UI_20161221_002509	Usar el Rango Restablecer Voucher?	랭크 초기화 아이템을 사용하시겠습니까?{/}				
UI_20161221_002510	El objeto será disappear de tu{nl}inventario y tu Rango choices será restablecer.	사용한 아이템은 인벤토리에서 사라지며{nl}전체 랭크가 초기화 됩니다.{/}				
UI_20161221_002511	{@st66d_y}Condiciones y precauciones{/}	{@st66d_y}조건 및 주의 사항{/}				
UI_20161221_002512	{@st58}No objetos equipado{/}	{@st59}장비 장착 상태{/}				
UI_20161221_002513	{@st59}No atributo Aprendering en progreso{/}	{@st59}특성 습득 대기 상태{/}				
UI_20161221_002514	{@st59}No hay compañeros siguiéndote{/}	{@st59}컴패니언 동행{/}				
UI_20161221_002515	{@st59}Personaje en City{/}	{@st59}마을{/}				
UI_20161221_002516	{@st59}No Tienda Habilidades en Usar{/}	{@st59}상점 스킬 운영{/}				
UI_20161221_002517	{@st59}No Fabricación en progreso{/}	{@st59}제작 중{/}				
UI_20161221_002518	{@st59}No Gremio maestro Templar Personaje{/}	{@st59}템플러 직업을 가진 길드 마스터 캐릭터{/}				
UI_20161221_002519	* equipado Monstruo carritoas será automatically{nl}Eliminado sin any penalties.	* 착용 중인 몬스터 카드는 제약없이 자동으로 해제됩니다.				
UI_20161221_002520	* atributo Nivels taken antes el restablecer{nl}puede ser learned de nuevo en no Costo después el restablecer.	* 초기화 전 올린 특성의 레벨은{nl}초기화 후 다시 올릴 경우 실버가 소모되지 않습니다.				
UI_20161221_002521	* carritoas de EXP equivalentes al último rango alcanzado{nl}	* 마지막 달성한 				
UI_20161221_002522	Clase Nivel 15	클래스 15레벨				
UI_20161221_002523	se proporcionará a tu inventario.	을 확인해 {nl} 그에 해당하는 클래스 경험치 카드를 인벤토리로 지급합니다.				
UI_20161221_002524	* Clase-specific disfraces recibido{nl}por Rango avance será Eliminado.	* 전직 시 지급된 직업별 코스튬은 반환됩니다.				
UI_20161221_002525	* Volverás al cuartel después de usar el vale.	* 초기화 후엔 캐릭터 선택창으로 돌아갑니다.				
UI_20170117_002526	{@st66b}Optimization (Beta){/}	{@st66b}최적화(Beta){/}				
UI_20170117_002527	{@st59}Función ACTIVADO/DESACTIVADO para optimizar el procesamiento multihilo.{/}	{@st59}최적화(Beta) 를 적용합니다.{/}				
UI_20170313_002528	Transaction	거래일시				
UI_20170313_002529	Deposit	입금				
UI_20170313_002530	Withdrawal	출금				
UI_20170313_002531	Restante	잔액				
UI_20170313_002532	Identify el seleccionado equipo.	선택한 장비를 감정합니다.				
UI_20170313_002533	{@st66b}Identification{/}	{@st66b}감정{/}				
UI_20170313_002534	{@st66b}Materiales{/}	{@st66b}소비재료{/}				
UI_20170313_002535	Objeto Nombre	아이템 이름				
UI_20170313_002536	{@st43}Forgery{/}	{@st43}모조품{/}				
UI_20170313_002537	{@st41b}Cambiar	{@st41b}변경하기				
UI_20170313_002538	{@st68b}{s18}colección{/}	{@st68b}{s18}콜렉션 상태{/}				
UI_20170313_002539	{@st68b}Completo(%s){/}	{@st68b}완성(%s){/}				
UI_20170313_002540	{@st68b}Nuevo(%s){/}	{@st68b}미확인(%s){/}				
UI_20170313_002541	{@st68b}InCompletar(%s){/}	{@st68b}미완성(%s){/}				
UI_20170313_002542	{@st66b}Ver Todos efectos{/}	{@st66b}총 효과보기{/}				
UI_20170313_002543	{@st59}Ver el Total de efectos obtenido.{/}	{@st59}총 효과를 출력 합니다.{/}				
UI_20170313_002544	{@st59}Buscar el nombre de un colección o efecto.{/}	{@st59}콜렉션 이름 또는 효과로 검색 합니다.{/}				
UI_20170313_002545	{@st68b}{s18}Completo(%s){/}	{@st68b}{s18}완성(%s){/}				
UI_20170313_002546	{@st59}Cerrar el imagen.{/}	{@st59}이미지를 닫습니다{/}				
UI_20170313_002547	{@st59}Cerrar el objeto ventana.{/}	{@st59}아이템 획득 창을 닫습니다.{/}				
UI_20170313_002548	{@st41b}%s {nl}Tienes obtenido un objeto!	{@st41b}%s {nl}아이템을 획득 하셨습니다!				
UI_20170313_002549	{@st59}Reexpands tu Gremio Almacén.{/}	{@st59}길드 보관함을 새로 갱신합니다.{/}				
UI_20170313_002550	Solo puede utilizarse en mazmorras instanciadas y misiones de mercenarios.	인던과 의뢰소 미션에만 사용 가능합니다.				
UI_20170313_002551	{@st66}Selecciona equipado Objeto	{@st66}장착중 선택				
UI_20170313_002552	{@st59b}Extracción de gema bendecida{nl}{@st59s}- Extrae gemas bendecidas de objetos trascendidos.{nl}- Materiales necesarios: Martillo de desmontaje.{nl}- Extraer gemas bendecidas eliminará el objeto, pero conservará parte de las gemas. {nl}   : recibirás entre el 20% y el 90% de las gemas bendecidas, dependiendo de la etapa de trascendencia del objeto y de su potencial actual. {nl}- El objeto debe tener al menos la etapa 2 de trascendencia para poder extraer las gemas.{/}	{@st59b}축복석 추출{nl}{@st59s}- 초월아이템에서 축복석 추출{nl}- 축복석 추출 재료 : 분해의 망치{nl}- 축복석 추출시 해당 아이템은 제거되지만, 사용된 축복석의 일부를 되돌려 받을 수 있습니다. {nl}   : 현재 초월 단계와 잔여 포텐셜에 따라 최소 20% ~ 최대 90%의 초월석을 돌려받습니다. {nl}- 추출은 초월 2단계이상부터 사용할 수 있습니다.{/}	UI_20161214_002495	{@st59b}Blessed Gem Extraction{nl}{@st59s}- Extracting Blessed Gems from Transcended Items{nl}- Ingredient for Blessed Gem Extraction : Hammer of Dismantlement{nl}- A portion of Blessed Gems used on the item can be refunded. {nl}   : Depending on the current transcendence level and remaining potential, the refund rate is minimum 20% to maximum 90%. {nl}- Cannot be used on Transcendence Level 0.{/}	{@st59b}축복석 추출{nl}{@st59s}- 초월아이템에서 축복석 추출{nl}- 축복석 추출 재료 : 분해의 망치{nl}- 축복석 추출시 해당 아이템은 제거되지만, 사용된 축복석의 일부를 되돌려 받을 수 있습니다. {nl}   : 현재 초월 단계와 잔여 포텐셜에 따라 최소 20% ~ 최대 90%의 초월석을 돌려받습니다. {nl}- 초월 0단계에서는 사용할 수 없습니다.{/}	
UI_20170313_002553	!! Mapa exploración Completo !!	!! 맵 탐사 완료 !!				
UI_20170313_002554	{@st41b}Colección{/}	{@st41b}콜렉션{/}				
UI_20170313_002555	{@st66b}[%s]{nl}obtenido piece.{/}	{@st66b}[%s]{nl}조각 획득{/}				
UI_20170313_002556	{@st59}Cerrar ventana.{/}	{@st59}합성창을 닫습니다{/}				
UI_20170313_002557	{@st41b}Combine seleccionado {@sti9}%s badges{/}?{/}	{@st41b}선택한 {@sti9}%s개{/} 아이템으로 합성하시겠습니까?{/}				
UI_20170313_002558	{@st59b}Combine Badges{nl}{@st59s} - Selecciona el badges de tu inventario.{nl}{/}	{@st59b}증표 합성{nl}{@st59s} - 합성할 증표를 인벤토리에서 선택하여 등록{nl}{/}				
UI_20170313_002559	{@st41b}Combine	{@st41b}합성				
UI_20170313_002560	{@st66b}Objetos a Reparar	{@st66b}수리 필요 아이템 목록				
UI_20170313_002561	{@st66b}Usar Objeto botín efectos	{@st66b}아이템 드랍 이펙트 사용				
UI_20170313_002562	{@st66d}Appraiser [Forgery] Objeto{nl}Tiempo restante %s	{@st66d}감정사 [모조품] 아이템{nl}   남은 유지시간 %s				
UI_20170313_002563	1m30s	1분30초				
UI_20170313_002564	{@st59}Restart Misión{/}	{@st59}퀘스트 재시작{/}				
UI_20170313_002565	{@st59}Registrar objeto en colección.{/}	{@st59}콜렉션 아이템을 등록합니다.{/}				
UI_20170313_002566	Defensa mágica de brazalete	마법방어 팔찌				
UI_20170313_002567	My Objeto	내 아이템				
UI_20170313_002568	Appraiser %s	감정사 %s				
UI_20170313_002569	Al cambiar el equipo{nl}	장비{nl}교체시				
UI_20170313_002570	No objetos equipado en Appraiser.	감정사가 착용 중인 아이템이 없습니다				
UI_20170313_002571	Investment	투자				
UI_20170330_002572	{@st59}Shift + Tab para alternar{/}	{@st59}Shift + Tab 으로 전환{/}				
UI_20170330_002573	{@st59}Grupo Chat{/}	{@st59}그룹 채팅{/}				
UI_20170330_002574	{@st59}Grupo Chat Lista{/}	{@st59}그룹 채팅 리스트{/}				
UI_20170330_002575	{@st59}Configuración del chat{/}	{@st59}채팅 설정{/}				
UI_20170330_002576	{@st59}Añadir Chat ventana{/}	{@st59}기본 채팅 창 추가{/}				
UI_20170330_002577	{@st59}Haz doble clic para minimizar/maximizar{/}	{@st59}더블클릭으로 접기/펴기{/}				
UI_20170330_002578	{@59}Invitar{/}	{@59}초대{/}				
UI_20170330_002579	{@59}Configuración{/}	{@59}설정{/}				
UI_20170330_002580	{@59}Miembro Lista{/}	{@59}참여자 목록{/}				
UI_20170330_002581	{@st66d}Chat Lista	{@st66d}채팅 목록				
UI_20170330_002582	{@st66b}Amigos	{@st66b}친구				
UI_20170330_002583	{@st66b}Groups	{@st66b}그룹				
UI_20170330_002584	{@st66e}Crear nuevo grupo Chat	{@st66e}새 그룹채팅방 생성				
UI_20170330_002585	{@st59}Cerrar Chat Lista{/}	{@st59}채팅 목록을 닫습니다{/}				
UI_20170330_002586	{@st42}Grupo Configuración	{@st42}그룹 설정				
UI_20170330_002587	{@st42}Color Configuración	{@st42}색 설정				
UI_20170330_002588	{@st66}OK	{@st66}확인				
UI_20170330_002589	{@st66}Salir Room	{@st66}방 나가기				
UI_20170330_002590	{@st66b}Tabs	{@st66b}탭				
UI_20170330_002591	{@st66b}Pantalla	{@st66b}화면				
UI_20170330_002592	{@st66}Transparencia	{@st66}투명도				
UI_20170330_002593	{@st66}Mostrar Speech Bubbles	{@st66}말풍선 표시				
UI_20170330_002594	{@st66}Mostrar el chat de gritos en la parte superior	{@st66}화면 상단에 외치기 내용 표시				
UI_20170330_002595	{@st66}Font tamaño	{@st66}글자 크기				
UI_20170330_002596	{@st66b}Mostrar inicio de sesión Mensaje	{@st66b}접속 알림 표시				
UI_20170330_002597	{@st66}Gremio miembros{/}	{@st66}길드원{/}				
UI_20170330_002598	{@st66}Amigos{/}	{@st66}친구{/}				
UI_20170330_002599	{@st66b}Si ambos jugadores que comercian usan Token,{nl}el equipo transferible, los consumibles,{nl}las gemas y los demás objetos seguirán siendo transferibles.{/}	{@st66b}거래 시 유저가 모두 토큰을 사용 중 이라면{nl}장비, 소모품, 기타, 카드, 젬 아이템의 속성 변경이 없습니다.{/}	UI_20160811_002266	{@st66b}If both sides are using Tokens,{nl}the trade properties of the equipment are unchanged.{nl}Consumables and material items will become untradable{nl}regardless of the usage of Tokens.{/}	{@st66b}거래 시 유저가 모두 토큰을 사용 중 이라면{nl}장비 아이템의 속성 변경이 없습니다.{nl}소비나 재료 아이템은 토큰여부와 상관없이 거래불가입니다.{/}	
UI_20170330_002600	{s18}objetos con fecha de caducidad	{s18}기간제 아이템 목록				
UI_20170330_002601	El objeto está cerca de su fecha de caducidad. ¿Cerrar?	곧 기간이 만료됩니다. 종료하시겠습니까?				
UI_20170330_002602	{@st43}{s20}Expired objetos{/}	{@st43}{s20}기간제 지난 아이템 일괄 삭제 목록{/}				
UI_20170330_002603	{s17}Eliminar todos objetos arriba?	{s17}위의 아이템을 일괄 삭제 하겠습니까?				
UI_20170330_002604	principal botín objetos	대표 획득 아이템				
UI_20170330_002605	{@st41b}Emparejar de 2 a 4 jugadores{/}	{@st41b}4인 이하 입장{/}				
UI_20170330_002606	{@st41b}Emparejar de 2 a 4 jugadores	{@st41b}4인 이하 입장				
UI_20170330_002607	{@st59}Eliminar Expired objetos{/}	{@st59}기간이 지난 아이템을 삭제합니다{/}				
UI_20170330_002608	{@st45tw2}Objetos Purchased{/}	{@st45tw2}구매 개수{/}				
UI_20170330_002609	{@st45tw2}Objetos vendidos{/}	{@st45tw2}판매 완료 개수{/}				
UI_20170330_002610	{@st45tw2}Cantidad{/}	{@st45tw2}금액{/}				
UI_20170330_002611	{@st45tw2}Sold{/}	{@st45tw2}판매 완료{/}				
UI_20170330_002612	{@st45tw2}Purchased{/}	{@st45tw2}구매 완료{/}				
UI_20170330_002613	{@st45tw2}Cancelarled{/}	{@st45tw2}판매 취소{/}				
UI_20170330_002614	{@st45tw2}Otros{/}	{@st45tw2}기타{/}				
UI_20170330_002615	{@st42}Ingresar	{@st42}참석하기				
UI_20170330_002616	{@st42}Cerrar	{@st42}닫기				
UI_20170330_002617	{@st59}Cerrar Mensaje cuadro{/}	{@st59}메시지 함을 닫습니다{/}	UI_20150317_000017	{@st59}Close{/}	{@st59}경매장을 닫습니다{/}	
UI_20170330_002618	{#62100c}Intransferible objetos: %s	{#62100c}거래불가 개수 : %s개	UI_20150918_001804	Total Untradable: %s	총 거래 불가: %s개	
UI_20170330_002619	Comerciabilidad	거래 옵션				
UI_20170330_002620	Tienda	상점				
UI_20170330_002621	personal	개인				
UI_20170330_002622	Comerciabilidad	거래{nl} 옵션				
UI_20170330_002623	%s Objeto Descripción %s	%s 로 아이템 설명 %s				
UI_20170330_002624	{@59}Crear Invitar Tag{/}	{@59}초대 태그 생성{/}				
UI_20170330_002625	{@59}Irse{/}	{@59}나가기{/}				
UI_20170330_002626	%s objetos enviados.	%s개 지급되었습니다.				
UI_20170330_002627	Objeto	아이템명				
UI_20170330_002628	Fecha de expiración	기간만료				
UI_20170330_002629	plata del mercado retirada instantáneamente	마켓 판매금 즉시 수령				
UI_20170330_002630	Registro fuera del máximo../Precio mínimo permitido	마켓 상/하한가 관계없이 물품 등록 가능				
UI_20170330_002631	Movible por el equipo almacén	팀 창고 이용 가능				
UI_20170418_002632	{@st66} * Si la lista de compras no aparece correctamente debido a un error temporal, intenta pulsar el botón «Recuperar todo» para recibir el objeto.{/}	{@st66}일시적인 오류로 구매 내역이 표시되지 않을 경우, 전체 수령 버튼을 클릭하여 수령을 시도해 보시기 바랍니다.{/}				
UI_20170418_002633	{@st68}Recargar{/}	{@st68}새로고침				
UI_20170418_002634	{@st68}Retirar todos{/}	{@st68}전체수령				
UI_20170418_002635	Puntos necesarios	필요 포인트				
UI_20170419_002636	{@st66b}Ver más{/}	{@st66b}친구 더 보기{/}				
UI_20170419_002637	Haz clic a ver más amigo Información.	클릭하면 더 많은 친구 정보를 볼 수 있습니다				
UI_20170419_002638	Estoy de acuerdo con emparejarse de 2-4 jugadores.	4인 이하로 매칭될 수 있는 데에 동의합니다.				
UI_20170420_002639	Mis puntos:	내 특성 포인트 :				
UI_20170420_002640	{@st66b}Comprar atributo Puntos	{@st66b}특성 포인트 구매				
UI_20170420_002641	{@st66d}Comprar atributo Puntos	{@st66d}특성 포인트 구매				
UI_20170420_002642	Comprar Tasa	구매 비율				
UI_20170420_002643	Se puede comprar	구매 가능 포인트				
UI_20170420_002644	Introduce el cantidad de puntos a comprar.	구매하실 포인트를 입력하세요.				
UI_20170420_002645	Cantidad Spent	소비 소지금				
UI_20170420_002646	Cantidad izquierdo	잔여 소지금				
UI_20170420_002647	{@st66b}Comprar	{@st66b}구매				
UI_20170420_002648	{@st66b}Cancelar	{@st66b}취소				
UI_20170420_002649	Puedes almacenar objetos transferibles.{nl}El almacén de plata está disponible para usuarios con Token.	거래가 가능한 아이템을 보관할 수 있습니다.{nl}실버 보관은 토큰을 구매한 유저만 이용 가능합니다.				
UI_20170420_002650	{@st41b}Este cubo no se puede volver a abrir.{/}	{@st41b}한번 더 열기를 할 수 없는 큐브입니다.{/}				
UI_20170420_002651	{@st41}Abrir Disfraz cubo	{@st41}코스튬 큐브  열기				
UI_20170420_002652	{@st66b}Usar a obtener un disfraz.{/}	{@st66b}코스튬을 얻을 수 있습니다.{/}				
UI_20170510_002653	* Después del reinicio, recibirás puntos de atributos{nl}equivalentes al nivel que tenían tus atributos antes del reinicio.	* 초기화 전 올린 특성의 레벨은{nl}초기화 후 특성 포인트를 돌려드립니다.				
UI_20170510_002654	* Las cartas de EXP de clase equivalentes al último nivel de clase{nl}que hayas alcanzado se enviarán a tu inventario.	* 마지막 달성한 클래스 레벨을 확인해 {nl} 그에 해당하는 클래스 경험치 카드를 인벤토리로 지급합니다.				
UI_20170615_002655	{@st42b}Abrir Leticia's Secret cubo X %s	{@st42b}레티샤 큐브 X %s 열기	UI_20161108_002446	{@st42b}Open Leticia's Secret Cube X %s	{@st42b}레티샤의 비밀 큐브 X %s 열기	
UI_20170615_002656	{@st43}{s22}Recipe cubo{/}	{@st43}{s22}레시피 큐브{/}				
UI_20170615_002657	{@st41}Selecciona un recipe y Confirmar{/}	{@st41}레시피를 선택 후 확인을 눌러주세요{/}				
UI_20170615_002658	{@st41b}Recibir{/}	{@st41b}받기{/}				
UI_20170726_002659	{@st66b}Grupo Configuración	{@st66b}그룹 설정				
UI_20170726_002660	{@st66b}Color Configuración	{@st66b}색 설정				
UI_20170726_002661	{@st66d}Si al menos uno de los jugadores no utiliza Token,{nl}después del intercambio el objeto se volverá intransferible.{/}	{@st66d}한 명 이라도 토큰을 사용하지 않으면{nl} 교환 후 아이템이 거래 불가 상태가 됩니다.{/}	UI_20160811_002273	{@st66d}The item properties will be changed{nl}as both sides are not using Tokens.{/}	{@st66d}거래 대상 양측이 모두 토큰 사용하지 않아{nl}아이템 속성이 변경 됩니다.{/}	
UI_20170726_002662	{@st42b}Iniciar{/}	{@st42b}시작{/}				
UI_20170726_002663	Para comenzar a pescar, selecciona tu cebo.	낚시를 시작합니다. 사용할 미끼를 올려주세요.				
UI_20170726_002664	Place tu bait aquí.	미끼를 올려주세요				
UI_20170726_002665	Cerrar Caja de aparejos.	살림통을 닫습니다.				
UI_20170726_002666	{@st43}Caja de aparejos{/}	{@st43}살림통{/}				
UI_20170726_002667	{@sti1}Objetos{/}	{@sti1}아이템{/}				
UI_20170726_002668	{@st42b}Recibir objetos{/}	{@st42b}아이템 수령{/}				
UI_20170726_002669	{@st42b}Detener pesca{/}	{@st42b}낚시 종료{/}				
UI_20170726_002670	{@sti1}Ciclos de pesca{/}	{@sti1}낚시 횟수{/}				
UI_20170726_002671	{@st43}Clasificación de pesca{/}	{@st43}낚시 랭킹{/}				
UI_20170726_002672	{@st59}Cerrar Clasificación de pesca.{/}	{@st59}낚시 랭킹 창을 닫습니다.{/}				
UI_20170726_002673	Puntos	낚시 포인트				
UI_20170726_002674	Puedes moverte a la ubicación deseada.	거점 이동을 할 수 있습니다.				
UI_20170726_002675	{nl}Diario entries son counted differently para cada kind de mazmorra. 	{nl}각 던전은 카테고리별로 입장 횟수가 카운트 됩니다. 				
UI_20170726_002676	{@st59}Cerrar Instanced Dungeons.{/}	{@st59}인스턴스 던전 창을 닫습니다{/}				
UI_20170726_002677	{@st43}Instanced Dungeons{/}	{@st43}인스턴스 던전{/}				
UI_20170726_002678	Nombre	던전 이름				
UI_20170726_002679	Se concede una entrada diaria adicional a los usuarios con Token.	토큰 혜택으로 1회 추가 입장 가능합니다.				
UI_20170726_002680	entrada Nivel	입장 레벨				
UI_20170726_002681	Dificultad	난이도				
UI_20170726_002682	Order	별				
UI_20170726_002683	{@st66b}Por nivel: de menor a mayor{/}	{@st66b}레벨 오름차순{/}				
UI_20170726_002684	{@st66b}Por nivel: de mayor a menor{/}	{@st66b}레벨 내림차순{/}				
UI_20170726_002685	{@st66b}Diario entries restablecer cada día en %s.{/}	{@st66b}입장 횟수는 매일 %s시에 초기화 됩니다.{/}				
UI_20170726_002686	{@st43}{s22}Ver ubicación{/}	{@st43}{s22}던전 위치 보기{/}				
UI_20170726_002687	{@st59}Cerrar ubicación.{/}	{@st59}던전 위치 보기 창을 닫습니다{/}				
UI_20170726_002688	{@st43}NEWS{/}	{@st43}이벤트 안내{/}				
UI_20170726_002689	{@st66b}Haz clic en un banner para ir al anuncio del evento.{/}	{@st66b}배너를 클릭하면 해당 이벤트 페이지로 이동합니다{/}				
UI_20170726_002690	{@st59}Cerrar Eventos.{/}	{@st59}이벤트 안내 UI를 닫습니다{/}				
UI_20170726_002691	{@st59}Intercambiar Equipo.{/}	{@st59}해당 번호로 장비를 교환합니다{/}				
UI_20170726_002692	Abrir banner del evento	이벤트 배너를 엽니다				
UI_20170726_002693	{@st66b}Mostrar No. de fragmentos{/}	{@st66b}메인 화면에 파편의 개수 표시하기{/}				
UI_20170726_002694	{@st42}Necronomicon fragmentos{/}	{@st42}네크로노미콘 파편의 개수{/}				
UI_20170726_002695	{@st66b}Mostrar Cantidad de Poison{/}	{@st66b}메인 화면에 독의 양 표시하기{/}				
UI_20170726_002696	{s20}Poison	{s20}독의 양				
UI_20170726_002697	{@st42}Poison en Poison Pot{/}	{@st42}포이즌 팟의 독의 양{/}				
UI_20170726_002698	{@st59}Caja de aparejos{/}	{@st59}낚시 살림통{/}				
UI_20170726_002699	{@st59}Dungeon Información (F10){/}	{@st59}던전 정보(F10){/}				
UI_20170726_002700	{@st66b}Ver básico Personaje Información{/}	{@st66b}캐릭터 기본 정보 보기{/}				
UI_20170726_002701	{@st66b}Mostrar HP/SP Under Personaje{/}	{@st66b}캐릭터 아래에 HP, SP 표시{/}				
UI_20170726_002702	{@st66b}Usar multithread (Beta){/}	{@st66b}멀티스레드 사용(Beta){/}				
UI_20170726_002703	{@st59}Applies multithread update (Beta).{/}	{@st59}멀티스레드 업데이트(Beta)를 적용합니다.{/}				
UI_20170726_002704	{@st66d}{s18}TP Cubes{/}	{@st66d}{s18}유료 확률형 아이템{/}				
UI_20170726_002705	{@st43d}{s18}Consulta nuestro sitio web oficial para ver la lista de objetos incluidos en los cubos de TP.{/}	{@st43d}{s18}- 홈페이지 하단의 확률형 아이템 목록 메뉴에서 구성품과 확률을 확인 할 수 있습니다.{/}				
UI_20170726_002706	{@st41}Selecciona y Confirmar.{/}	{@st41}선택 후 확인을 눌러주세요{/}	UI_20170615_002657	{@st41}Select a recipe and confirm{/}	{@st41}레시피를 선택 후 확인을 눌러주세요{/}	
UI_20170726_002707	{@st59}Ayuda{/}	{@st59}도움말{/}				
UI_20170726_002708	Days/horas/minutos	일시분				
UI_20170726_002709	{@st59}Nuevo{/}	{@st59}신규{/}				
UI_20170726_002710	{@st59}Cerrando pronto{/}	{@st59}종료 임박{/}				
UI_20170726_002711	{@st59}Intercambiar Period{/}	{@st59}교환 기간{/}				
UI_20170726_002712	{@st66b}Recibir Recompensas	{@st66b}보상 받기				
UI_20170901_002713	{@st59}Wings{/}	{@st59}날개{/}				
UI_20170912_002714	{@st43b}Diario de aventuras	{@st43b}모험 일지				
UI_20170912_002715	{@st59}Diario de aventuras Clasificación	{@st59}모험일지 랭킹{/}				
UI_20170912_002716	{@st59}Batalla de equipo League Clasificación{/}	{@st59}팀배틀리그 랭킹{/}				
UI_20170912_002717	{@st59}Uphill defensa Clasificación{/}	{@st59}업힐디펜스 랭킹{/}				
UI_20170912_002718	{@st59}Principal{/}	{@st59}메인{/}				
UI_20170912_002719	{@st59}Monstruos{/}	{@st59}몬스터{/}				
UI_20170912_002720	{@st59}Objetos{/}	{@st59}아이템{/}				
UI_20170912_002721	{@st59}Fabricación{/}	{@st59}제작{/}				
UI_20170912_002722	{@st59}Life{/}	{@st59}생활{/}				
UI_20170912_002723	{@st59}Dungeons{/}	{@st59}던전{/}				
UI_20170912_002724	{@st59}Progreso{/}	{@st59}성장{/}				
UI_20170912_002725	{@st59}Exploración{/}	{@st59}탐험{/}				
UI_20170912_002726	Equipo	팀명				
UI_20170912_002727	Personaje	캐릭명				
UI_20170912_002728	{img test_cooltime 24 24}Puntos restablecer en el 1st día de cada month.{/}	{img test_cooltime 24 24} 매월 1일마다 점수가 초기화됩니다.{/}				
UI_20170912_002729	{@st41b}Superior Ranks	{@st41b}상위 랭킹				
UI_20170912_002730	{@st41b}My Nearest Ranks	{@st41b}내 주변 랭킹				
UI_20170912_002731	{@st43b}Total %s Puntos	{@st43b}총 획득 점수 %s점				
UI_20170912_002732	{@st66b}More Monstruos	{@st66b}몬스터 더 보기				
UI_20170912_002733	{@st66d_y}%s Puntos / {/}{@st42}%s Puntos{/}	{@st66d_y}%s점 / {/}{@st42}%s점{/}				
UI_20170912_002734	derrotado	처치횟수				
UI_20170912_002735	{@st41b}Área	{@st41b}서식지역				
UI_20170912_002736	Descpription	설명문				
UI_20170912_002737	Subcategory	하위 카테고리				
UI_20170912_002738	{@st66b}More objetos	{@st66b}아이템 더 보기				
UI_20170912_002739	atributos	관련 특성				
UI_20170912_002740	Total Sales	총 매출				
UI_20170912_002741	{@st66b}More	{@st66b}더 보기				
UI_20170912_002742	Nombre A-Z	이름 올림차 순				
UI_20170912_002743	Nombre Z-A	이름 내림차 순				
UI_20170912_002744	%s Fishes Caught	물고기를 낚은 횟수  %s번				
UI_20170912_002745	Clears	클리어 횟수				
UI_20170912_002746	ubicación	던전위치				
UI_20170912_002747	%s	%s번				
UI_20170912_002748	Clase Puntos %s	클래스 점수  %s점				
UI_20170912_002749	Equipo Nivel %s	팀 레벨 %s				
UI_20170912_002750	exploración	탐험				
UI_20170912_002751	%s % Explored	총 탐사율 %s %				
UI_20170912_002752	Rec. Nivel	- 권장레벨				
UI_20170912_002753	exploración	- 탐색율				
UI_20170912_002754	Tipo	종류				
UI_20170912_002755	Acquisition Puntos %s	획득 점수 %s 점				
UI_20170912_002756	Acquisition Puntos %s	획득점수 %s점				
UI_20170912_002757	estado	상태				
UI_20170912_002758	SPR +6	정신 +6				
UI_20170912_002759	Diario de aventuras Clasificación	모험일지 랭킹				
UI_20170912_002760	{@st66d_y}%s{/} Batallas {@st66d_y}%s{/} Victorias {@st66d_y}%s{/} Derrotas	{@st66d_y}%s{/} 전 {@st66d_y}%s{/} 승 {@st66d_y}%s{/} 패				
UI_20170912_002761	%s Puntos	%s 점				
UI_20170912_002762	{@st59}Participation{/}	{@st59}참여{/}				
UI_20170912_002763	Uphill defensa Clasificación	업힐디펜스 랭킹				
UI_20170912_002764	Total Puntos	누적 포인트				
UI_20170912_002765	{@st66b}Tienda de puntos{/}	{@st66b}포인트샵{/}				
UI_20170912_002766	{@st66b}Mapa exploración	{@st66b}맵탐사				
UI_20170912_002767	{@st66b}Misiones/logros	{@st66b}퀘스트/업적				
UI_20170912_002768	{@st66b}Colección	{@st66b}콜렉션				
UI_20170912_002769	{@st66b}Personal Tiendas	{@st66b}개인 상점				
UI_20170912_002770	{@st66b}Fishing	{@st66b}낚시				
UI_20170912_002771	{@st59}Spalabrasman{/}	{@st59}소드맨 계열{/}				
UI_20170912_002772	{@st59}Mago{/}	{@st59}위자드 계열{/}				
UI_20170912_002773	{@st59}Arquero{/}	{@st59}아처 계열{/}				
UI_20170912_002774	{@st59}Clérigo{/}	{@st59}클레릭 계열{/}				
UI_20170912_002775	{@st66b}Spectate{/}	{@st66b}관전하기{/}				
UI_20170912_002776	área: %s	지역:%s				
UI_20170912_002777	área	지역 이름				
UI_20170912_002778	{@st42}{s18}My Personaje Lista	{@st42}{s18}완료한 내 캐릭터 목록				
UI_20170912_002779	[%s] Recompensa Lista	[%s] 보상리스트				
UI_20170912_002780	ⓘ Collect tu recompensas en el Wings de Vaivora.	ⓘ 바이보라 날개에게서 보상 아이템을 획득하실 수 있습니다.				
UI_20170912_002781	Retirar Todos	모두 받기				
UI_20170912_002782	Territory guerras Alert	콜로니전 알람 메세지				
UI_20170912_002783	Última ocupación del territorio por	현재 점령 중인 길드				
UI_20170912_002784	Actual Puntos	점령 포인트 현황				
UI_20170912_002785	My Gremio	내 길드				
UI_20170912_002786	{@st66d}Volver a una ciudad en {s20}%s segundos.{/}	{@st66d}{s20}%s초 후에 도시로 귀환됩니다.{/}				
UI_20170912_002787	{@st66d}Volver a la ciudad{/}	{@st66d}도시 귀환{/}				
UI_20170912_002788	{@st43}{s20}Protecting Gremio{/}	{@st43}{s20}점령길드{/}				
UI_20170912_002789	Protecting Gremio	점령 길드 이름				
UI_20170912_002790	{@st41_red}Removable efecto{/}	{@st41_red}제거 되는 효과{/}	UI_20160811_002259	{@st66b}Removable Effect{/}	{@st66b}제거 되는 효과{/}	
UI_20170912_002791	{@st43}Intercambiar Artifact{/}	{@st43}유물 교환{/}				
UI_20170912_002792	{@st59}Cerrar Intercambiar Artifact{/}	{@st59}유물 교환을 닫습니다{/}				
UI_20170912_002793	{@st41b}Intercambiar	{@st41b}교환				
UI_20170912_002794	Para comenzar a pescar, selecciona tu cebo.	낚시를 시작합니다. 사용할 미끼를 선택해주세요.	UI_20170726_002663	To start fishing, select your bait.	낚시를 시작합니다. 사용할 미끼를 올려주세요.	
UI_20170912_002795	{@st43b}{s22}Etapa %s Caja de aparejos{/}	{@st43b}{s22}%s 단계 살림통{/}				
UI_20170912_002796	{@st66d_y}{s22}Etapa %s Caja de aparejos{/}	{@st66d_y}{s22}%s 단계 살림통{/}				
UI_20170912_002797	máx.. %s espacios{nl}Fished %s tiempo(s)	최대 %s칸{nl}낚시 횟수 %s회				
UI_20170912_002798	{img icon_item_tpBox_30 30 30}{@st43b}{s18}%s mejora de TP{/}	{img icon_item_tpBox_30 30 30}{@st43b}{s18}%s TP 업그레이드{/}				
UI_20170912_002799	{@st43}Imagen %s{/}	{@st43}이미지 %s{/}				
UI_20170912_002800	Introduce	등록				
UI_20170912_002801	{@st59b}Registrar imagen{nl}{@st59s}- Busca una imagen y regístrala.{nl}- Actualiza la lista y luego selecciona la imagen	{@st59b}이미지 등록{nl}{@st59s}-폴더 열기 버튼을 통해 폴더에 이미지를 등록{nl}-새로고침을 통해 리스트를 갱신, 선택 후 확인				
UI_20170912_002802	{@st66b}{s18}Abrir carpeta	{@st66b}{s18}폴더 열기				
UI_20170912_002803	Abrir el carpeta containing el imagen.	이미지 등록된 폴더를 열어줍니다.				
UI_20170912_002804	Update el lista.	리스트를 갱신합니다.				
UI_20170912_002805	{@st41b}{nl}Confirmar	{@st41b}{nl}확인				
UI_20170912_002806	{@st41b}{nl}Cancelar	{@st41b}{nl}취소				
UI_20170912_002807	{@st43}Gremio	{@st43}길드				
UI_20170912_002808	Gremio maestro	길드 마스터				
UI_20170912_002809	Founded	길드 개설일				
UI_20170912_002810	miembros	길드원				
UI_20170912_002811	%s/%s	%s/%s명				
UI_20170912_002812	fondos	길드 자금				
UI_20170912_002813	{@st66}Noticias	{@st66}공지				
UI_20170912_002814	{@st66}Notes	{@st66}소개글				
UI_20170912_002815	Noticias	공지글				
UI_20170912_002816	Notes	소개글				
UI_20170912_002817	miembro {img %s 13 13}	길드원{img %s 13 13}				
UI_20170912_002818	Nivel {img %s 13 13}	레벨{img %s 13 13}				
UI_20170912_002819	Position {img %s 13 13}	직위{img %s 13 13}				
UI_20170912_002820	Contribution	기여도				
UI_20170912_002821	{@st66b}{s18}Authorities{/}	{@st66b}{s18}길드 권한{/}				
UI_20170912_002822	%s conectados      %s desconectados	온라인 %s명      오프라인 %s명				
UI_20170912_002823	Mostrar conectados	접속 인원만 보기				
UI_20170912_002824	{@st41b}Invitar	{@st41b}길드 초대				
UI_20170912_002825	{@st66d_y}{s18}Gremio Nivel{/}	{@st66d_y}{s18}길드 레벨{/}				
UI_20170912_002826	{@st43b}{s18}Gremio torre(%s/1){/}	{@st43b}{s18}길드 타워 (%s/1){/}				
UI_20170912_002827	objetos	길드 혜택				
UI_20170912_002828	Los objetos del gremio se actualizaron al nivel actual de la Torre del Gremio.	현재 길드 타워 레벨로 길드 혜택을 갱신합니다.				
UI_20170912_002829	atributo Puntos: %s	특성 포인트: %s				
UI_20170912_002830	ⓘ Gremio upgrading es solo disponible inside el Gremio torre.	ⓘ 길드 성장은 길드 타워에서만 가능합니다.				
UI_20170912_002831	{@st43b}{s18}Gremio objetos{/}	{@st43b}{s18}길드 아이템{/}				
UI_20170912_002832	{@st43b}{s18}Gremio fondos{/}	{@st43b}{s18}길드 자금{/}				
UI_20170912_002833	Note	비고				
UI_20170912_002834	{img icon_item_silver 24 24} Cantidad	{img icon_item_silver 24 24} 금액				
UI_20170912_002835	{img in_arrow 20 20}{@st66b}{s18}Depositar  {/}	{img in_arrow 20 20}{@st66b}{s18}입금  {/}				
UI_20170912_002836	ⓘ Este objeto puede ser distribuido a los miembros del gremio por el maestro del gremio; después quedará vinculado a cada personaje que lo reciba.{nl}ⓘ Para recibir el objeto, revisa el buzón de tu sede.	ⓘ 이 아이템은 길드 마스터가 길드원에게 양도할 수 있고, 그 아이템은 수령한 길드원에게 귀속됩니다.{nl}ⓘ 아이템은 메세지 함에서 수령 가능합니다.				
UI_20170912_002837	{@st43b}{s18}Gremio guerras{/}	{@st43b}{s18}길드 전쟁{/}				
UI_20170912_002838	Neutral estado Cancelared Alert	중립 해제 알람				
UI_20170912_002839	El alert es mostrado inicial 1 día antes neutrality es Cancelared.{nl}solo el Gremio maestro puede cambiar este opción.	중립 선언이 해제되기 1일 전부터 맵에 입장할 때마다 알람 메세지가 나옵니다.{nl}길드 마스터만 옵션 변경을 할 수 있습니다.				
UI_20170912_002840	ⓘ Las Torres del Gremio destruidas en guerras pueden reconstruirse después de 24 horas.{nl}ⓘ Las declaraciones de guerra pueden realizarse en la torre del gremio oponente.{nl}ⓘ La guerra comienza 1 hora después de ser declarada.{nl}ⓘ Después de declarar la guerra, tu gremio no puede disolverse hasta que termine la guerra.{nl}ⓘ No puedes declarar una guerra sin una Torre del Gremio.	ⓘ 길드 전쟁 도중 부숴진 길드 타워는 24시간 이후에 다시 세울 수 있습니다.{nl}ⓘ 전쟁 선포는 상대 길드 타워를 통해 선포 할 수 있습니다.{nl}ⓘ 전쟁 선포 후, 1시간 후에 전쟁이 시작됩니다.{nl}ⓘ 전쟁 선포를 하면, 전쟁이 끝날 때까지 길드 해산을 할 수 없습니다.{nl}ⓘ 길드타워가 없으면 전쟁 선포를 할 수 없습니다.				
UI_20170912_002841	{@st43b}{s18}Gremio Territory guerras{/}	{@st43b}{s18}길드 콜로니전{/}				
UI_20170912_002842	What son Territory guerras	길드 콜로니전이란				
UI_20170912_002843	estado	참가 여부				
UI_20170912_002844	Not Participating	미참가				
UI_20170912_002845	ⓘ Los gremios que hayan ocupado territorios participan automáticamente.{nl}ⓘ Después de establecer el estado a 	ⓘ 스팟 점령 길드는 참가로 고정됩니다.{nl}ⓘ 참가 여부 옵션을 				
UI_20170912_002846	, no puedes transferir el puesto de Maestro del Gremio.{nl}ⓘ Esta opción solo puede cambiarse hasta 5 minutos antes de que comiencen las Guerras Territoriales, o después de 1 minuto de que terminen.{nl}ⓘ El estado de participación puede cambiarse independientemente de si tu gremio tiene una torre o no.	로 변경 시, 길드 마스터 위임이 불가능합니다.{nl}ⓘ 참가 여부 옵션은 길드 콜로니전 시작 5분 전 부터 종료 1분 후까지 변경할 수 없습니다.{nl}ⓘ 참가 여부 옵션은 길드 타워의 설치 유무와 상관없이 변경할 수 있습니다.				
UI_20170912_002847	{@st43b}{s18}Spot objetos{/}	{@st43b}{s18}점령 혜택{/}				
UI_20170912_002848	Spot Areas	점령 지역				
UI_20170912_002849	grado	지역 등급				
UI_20170912_002850	Plata Recompensa (%)	지급 실버(%)				
UI_20170912_002851	Spot Recompensas	점령보상				
UI_20170912_002852	ⓘ Spot recompensas son %s cada semana.{nl}ⓘ El recompensas include  	ⓘ 점령 보상은 매주 %s됩니다.{nl}ⓘ 점령 보상금은 전 주 마켓 수수료 중에서 				
UI_20170912_002853	 de las comisiones del Mercado de la semana anterior.{nl}ⓘ Las recompensas por territorio se entregan como lingotes de cobre.{nl}ⓘ La cantidad máxima posible de recompensa es de %s cientos de millones de plata.{nl}ⓘ Consulta nuestro sitio web oficial para obtener más información.	만큼 지급됩니다.{nl}ⓘ 점령 보상금은 동괴로 환산되어 지급됩니다.{nl}ⓘ 점령 보상금으로 지급되는 실버는 상한선이 존재하며, 상한선은 %s억입니다.{nl}ⓘ Beta에 지급되는 점령 보상 및 지급 일정은 위에 명시된 내용과 다를 수 있으며, 홈페이지 내 공지사항을 통해 확인 바랍니다.				
UI_20170912_002854	Tuesday 06:00	화요일 06:00				
UI_20170912_002855	{@st43b}{s18}Gremio Emblem{/}	{@st43b}{s18}길드 엠블럼{/}				
UI_20170912_002856	{@st41b}{nl}Imagen %s{/}	{@st41b}{nl}이미지 %s{/}				
UI_20170912_002857	ⓘ El primer emblema puede registrarse gratis.{nl}ⓘ Cambiar el emblema cuesta %s0,000 de plata.{nl}ⓘ La imagen debe tener un tamaño de %s y estar en formato %s.{nl}ⓘ El nombre del archivo debe estar compuesto únicamente por caracteres alfanuméricos.{nl}ⓘ El uso de imágenes problemáticas puede provocar restricciones.	ⓘ 길드 엠블럼의 최초 등록은 무료입니다.{nl}ⓘ 길드 엠블럼 변경시 %s만 실버가 사용됩니다.{nl}ⓘ 길드 엠블럼은 %s 크기의 %s 파일만 등록 가능합니다.{nl}ⓘ 파일 이름이 영문과 숫자로 이루어진 파일만 등록 가능합니다.{nl}ⓘ 문제 있는 이미지 사용 시 제재가 있을 수 있습니다.				
UI_20170912_002858	{@st43b}{s18}Configuración de entrada a la zona de reunión{/}	{@st43b}{s18}아지트 입장 설정{/}				
UI_20170912_002859	Allow Outsiders	외부인 입장 가능				
UI_20170912_002860	{@st43b}{s18}Gremio Noticias{/}	{@st43b}{s18}길드 공지{/}				
UI_20170912_002861	{@st66}{s18}Registrar{/}	{@st66}{s18}등록{/}				
UI_20170912_002862	{@st43b}{s18}Gremio Notes{/}	{@st43b}{s18}길드 소개글{/}				
UI_20170912_002863	{@st43b}{s18}One-line Mensaje Board{/}	{@st43b}{s18}한 줄 게시판{/}				
UI_20170912_002864	máx.. 25 personajes allowed.	최대 25자 까지 가능합니다.				
UI_20170912_002865	ⓘ Puedes post en el One-line Mensaje Board 3 veces un día.	ⓘ 한 줄 게시판은 하루 3회 등록 가능합니다.				
UI_20170912_002866	Información del gremio	길드 정보				
UI_20170912_002867	guerras	전쟁				
UI_20170912_002868	Territory guerras	콜로니전				
UI_20170912_002869	{@st43}Enviar objetos	{@st43}아이템 보내기				
UI_20170912_002870	Sending	전달 개수				
UI_20170912_002871	Restante	잔여 개수				
UI_20170912_002872	Nombre del equipo {img %s 13 13}	팀명 {img %s 13 13}				
UI_20170912_002873	Cantidad	수량				
UI_20170912_002874	{@st41b}{nl}Enviar	{@st41b}{nl}보내기				
UI_20170912_002875	{@st42b}{s20}Continue Tiendaping	{@st42b}{s20}연속 구매				
UI_20170912_002876	{@st42b}{s20}Cerrar	{@st42b}{s20}닫기				
UI_20170912_002877	{@st66}Cerrar	{@st66}닫기	UI_20150317_000253	{@st41b}Close	{@st41b}닫기	
UI_20170912_002878	{@st59}Intercambiar Equipo (Alt+Z){/}	{@st59}해당 번호로 장비를 교환합니다(Alt+Z){/}				
UI_20170912_002879	{img monsterbtn_image 29 28}{@st66b}{s16}Monstruo carritoas{/}	{img monsterbtn_image 29 28}{@st66b}{s16}몬스터 카드{/}				
UI_20170912_002880	{@st59}Abrir Monstruo carritoas ventana{/}	{@st59}몬스터 카드창을 엽니다{/}				
UI_20170912_002881	{@st43}{s22}Leticia's Secret cubo{/}	{@st43}{s22}레티샤 시크릿 큐브{/}				
UI_20170912_002882	cubo Nombre	큐브 이름이다				
UI_20170912_002883	{nl}{img %s 40 40}{@st42b}{s20}Cubes  	{nl}{img %s 40 40}{@st42b}{s20}큐브 개봉  				
UI_20170912_002884	ⓘ Consulta el sitio web oficial y las descripciones de los objetos para obtener más información.	ⓘ확률성 아이템의 확률은 공식 홈페이지에서 확인할 수 있습니다.				
UI_20170912_002885	{@st43}Equipar Monstruo carritoas{/}	{@st43}몬스터 카드 장착{/}				
UI_20170912_002886	{@st59}Cerrar equipar Monstruo carritoas{/}	{@st59}몬스터 카드 장착 UI를 닫습니다{/}				
UI_20170912_002887	{@st59}Solo Templar Gremio maestro en Equipo{/}	{@st59}팀내 유일한 템플러 직업을 가진 길드 마스터 캐릭터{/}				
UI_20170912_002888	{@st66b}Respawn en nearby ciudad (30 segundos){/}	{@st66b}가까운 도시에서 부활하기 (30초){/}				
UI_20170912_002889	{@st66b}Mostrar Grupo Nombre{/}	{@st66b}파티 이름 표시{/}				
UI_20170912_002890	{@st66b}Recipe material obtenido{/}	{@st66b}레시피 재료 획득 시 팝업{/}				
UI_20170912_002891	{@st43}PvP Configuración{/}	{@st43}PVP 설정{/}				
UI_20170912_002892	{@st66b}Daño Font Scale (%s){/}	{@st66b}대미지 폰트 스케일 (%s){/}				
UI_20170912_002893	{@st66b}Mostrar Tile Range{/}	{@st66b}장판 범위 표시{/}				
UI_20170912_002894	{@st66b}Usar Ataque efectos	{@st66b}타격 효과 사용				
UI_20170912_002895	{@st66b}El nombre de equipo representa a todos tus personajes y se utiliza para intercambios, gremios, chat, etc.{nl}Cambiar el nombre de equipo cuesta 10,000 TP, así que elígelo con cuidado.{/}	{@st66b}팀 이름은 모든 캐릭터를 대표하는 이름이며, 거래, 길드 가입, 대화 등에 사용되는 공용 이름입니다.{nl}팀 이름 변경에는 10,000TP가 소모되니 신중히 입력해 주세요.{/}	UI_20150717_001732	{@st41b}             A Team Name represents all your characters.{nl}                It's a common name used within the game.{nl}                  (Changing your Team Name will cost TP!){/}	{@st66b} 팀 이름은 모든 캐릭터를 대표하는 이름입니다.{nl}자유롭게 바꿀 수 있는 팀 이름은 거래, 길드 가입, 대화 등에 사용되는 공용 이름입니다.{/}	
UI_20170912_002896	{@st41}%s Puntos	{@st41}%s 점수				
UI_20170912_002897	Texto	텍스트				
UI_20170912_002898	Qtt.	몇				
UI_20170912_002899	{@st66b}Rango %s	{@st66b}%s위				
UI_20170912_002900	{@st66b}%s Puntos	{@st66b}%s점				
UI_20170912_002901	Mapas	맵				
UI_20170912_002902	Tipo	타입				
UI_20170912_002903	Objeto Tipo	아이템 타입				
UI_20170912_002904	Latest Acquisition	가장 최근에 획득한 방법				
UI_20170912_002905	ubicación	획득처				
UI_20170912_002906	N/D	별별별				
UI_20170912_002907	Tienda Nombre	상점명				
UI_20170912_002908	Sales	매출				
UI_20170912_002909	atributo	특성명				
UI_20170912_002910	Fish Nombre	물고기 이름				
UI_20170912_002911	Total %s Tiempos Cleared	총 %s번 클리어				
UI_20170912_002912	área	지역 네임				
UI_20170912_002913	Mapa	맵네임				
UI_20170912_002914	Introduce el nombre del personaje o equipo.	검색하실 캐릭터 이름 또는 팀 이름을 입력하세요				
UI_20170912_002915	Nombre	이름이다				
UI_20170912_002916	Misión	퀘스트이름				
UI_20170912_002917	%s	%s개				
UI_20170912_002918	título	칭호이름				
UI_20170912_002919	N/D	뭐라뭐라				
UI_20170912_002920	Recompensa	보상템				
UI_20170912_002921	Añadiritional +1 recompensa de Saalus Missions	살러스 수녀원 미션 완료 보상 +1				
UI_20170925_002922	{img icon_item_tospoint 24 24}{@st41b}Consumir 0 TP{nl}Desequipar carta sin perder una estrella{/}	{img icon_item_tospoint 24 24}{@st41b}0TP 소모{nl}별 감소없이 카드 해제하기{/}	UI_20160811_002262	{img icon_item_tospoint 24 24}{@st41b}Consume 5 TP{nl}Unequip card without the loss of a star{/}	{img icon_item_tospoint 24 24}{@st41b}5TP 소모{nl}별 감소없이 카드 해제하기{/}	
UI_20170925_002923	Cola de espera total: %s	총 대기인원: %s	UI_20161121_002465	Total Waiting Queue: %s	총 대기인원: %s명	
UI_20170925_002924	Recibiendo información.	정보를 요청 중 입니다.				
UI_20171128_002925	Cerrar UI.	출석 UI를 닫습니다.				
UI_20171128_002926	comprobar Period	출석 체크 기간				
UI_20171128_002927	* Las recompensas de asistencia diaria se enviarán automáticamente una vez al día al inventario del primer personaje que entre en la partida.{nl}* Pergamino de encantamiento (14 días).{nl}* Las recompensas solo pueden recibirse durante el periodo de registro de asistencia. Una vez terminado este periodo, no se enviarán más recompensas.{nl}	* 출석 보상은 1일 1회, 당일 첫 접속한 캐릭터 인벤토리로 자동 지급됩니다.{nl}* 마법 부여 스크롤(14일)을 제외한 모든 아이템은 팀 창고로 이동할 수 있습니다.{nl}* 출석 체크 기간 동안에만 출석 보상을 받을 수 있으며, 기간 경과 시 더 이상 지급되지 않습니다.{nl}				
UI_20171128_002928	{@st66b18}※ Los cambios de nombre realizados con TP no son reembolsables.{/}	{@st66b18}※이름 변경에 사용된 TP는 환불되지 않습니다.{/}	UI_20151224_001847	{@st66b18}※ Purchases made with TP are not refundable.{/}	{@st66b18}※구매에 사용된 TP는 환불되지 않습니다.{/}	
UI_20171128_002929	tamaño%s	크기: %s				
UI_20171128_002930	{@st42b}Confirmar	{@st42b}확인				
UI_20171128_002931	Update Gremio Almacén.	현재 길드 보관함을 갱신합니다.				
UI_20171128_002932	ⓘ Spot recompensas son %s cada semana.{nl}ⓘ El recompensas include  	ⓘ 점령 보상은 매주 %s 지급됩니다.{nl}ⓘ 점령 보상금은 전 주 마켓 수수료 중에서 	UI_20170912_002852	ⓘ Spot rewards are %s every week.{nl}ⓘ The rewards include  	ⓘ 점령 보상은 매주 %s됩니다.{nl}ⓘ 점령 보상금은 전 주 마켓 수수료 중에서 	
UI_20171128_002933	 de las comisiones del Mercado de la semana anterior.{nl}ⓘ Las recompensas por territorio se entregan como objetos de Guerra de Gremios.{nl}ⓘ La cantidad máxima posible de recompensa es de %s cientos de millones de plata.{nl}ⓘ Consulta nuestro sitio web oficial para obtener más información.	만큼 지급됩니다.{nl}ⓘ 점령 보상금은 콜로니전 기념 주화로 환산되어 지급됩니다.{nl}ⓘ 점령 보상금으로 지급되는 실버는 상한선이 존재하며, 상한선은 %s억입니다.{nl}ⓘ Beta에 지급되는 점령 보상 및 지급 일정은 위에 명시된 내용과 다를 수 있으며, 홈페이지 내 공지사항을 통해 확인 바랍니다.	UI_20170912_002853	 of your Market fees of the previous week.{nl}ⓘ Spot rewards are delivered as Copper Bars.{nl}ⓘ The maximum possible amount rewarded is %s hundred million Silver.{nl}ⓘ Please check our official website for more information.	만큼 지급됩니다.{nl}ⓘ 점령 보상금은 동괴로 환산되어 지급됩니다.{nl}ⓘ 점령 보상금으로 지급되는 실버는 상한선이 존재하며, 상한선은 %s억입니다.{nl}ⓘ Beta에 지급되는 점령 보상 및 지급 일정은 위에 명시된 내용과 다를 수 있으며, 홈페이지 내 공지사항을 통해 확인 바랍니다.	
UI_20171128_002934	Emparejamiento automático%s	자동매칭%s				
UI_20171128_002935	{@st41b}Introduce Now%s	{@st41b}바로입장%s	UI_20161121_002464	{@st41b}Enter Now	{@st41b}바로입장	
UI_20171128_002936	{@st43}{#ffcc33}{s24}Clear	{@st43}{#ffcc33}{s24}클리어				
UI_20171128_002937	{@ST43}Cleared : 	{@st43}{s24}달성률 : 				
UI_20171128_002938	{@st43b}{s18}recibido recompensas	{@st43b}{s18}획득 보상				
UI_20171128_002939	{@st66d_y}Multiply efecto Recompensa x	{@st66d_y}배수권 효과 보상 x				
UI_20171128_002940	{img icon_item_silver 24 24} Plata	{img icon_item_silver 24 24} 실버				
UI_20171128_002941	{img icon_item_cube3 25 25} Cubo	{img icon_item_cube3 25 25} 큐브				
UI_20171128_002942	{img test_indun_exp 30 15} EXP	{img test_indun_exp 30 15} 경험치				
UI_20171128_002943	{img test_indun_exp 30 15} Clase EXP	{img test_indun_exp 30 15} 클래스 경험치				
UI_20171128_002944	{@st41b}Volver	{@st41b}돌아가기				
UI_20171128_002945	Volver al mapa de entrada.	입장 지역으로 돌아갑니다.				
UI_20171128_002946	Achievement Tasa	인던 달성률				
UI_20171128_002947	{@st59}Especiales Disfraz{/}	{@st59}스페셜 코스튬{/}				
UI_20171128_002948	{@st43}Objeto Dismantle{/}	{@st43}아이템 분해{/}				
UI_20171128_002949	{@st43}{#ffcc33}Dismantle Completo{/}	{@st43}{#ffcc33}분해 완료{/}				
UI_20171128_002950	{@st41b}Dismantle Costo{/}	{@st41b}분해 비용{/}				
UI_20171128_002951	{@st41b}Dismantle objetos{/}	{@st41b}분해 하기{/}				
UI_20171128_002952	Objeto Re-Identification	아이템 재감정				
UI_20171128_002953	Re-Identify Objeto	재감정 하기				
UI_20171128_002954	{@st43b}{s18}Place el objeto tú querer a mejorar.	{@st43b}{s18}아이템을 올려주세요				
UI_20171128_002955	{@st43b}{s18}Actual Option	{@st43b}{s18}현재 옵션				
UI_20171128_002956	{@st43b}{s18}Antes del cambio	{@st43b}{s18}변경 전				
UI_20171128_002957	{@st43b}{s18}Después del cambio	{@st43b}{s18}변경 후				
UI_20171128_002958	{@st43b}{s18}material	{@st43b}{s18}재료				
UI_20171128_002959	{@st59}Cambiar compañero Nombre{/}	{@st59}컴패니언 이름을 수정합니다{/}				
UI_20171128_002960	{@st43}Portal Tienda{/}	{@st43}포탈 상점{/}				
UI_20171128_002961	{@st59}Cerrar portal Tienda UI{/}	{@st59}포탈 상점 UI를 닫습니다{/}				
UI_20171128_002962	Seleccionared portal Cantidad %s/%s 	선택한 포탈 개수 %s/%s 개				
UI_20171128_002963	{@st59}Cerrar portal Placed Tienda UI{/}	{@st59}포탈 상점 등록 UI를 닫습니다{/}				
UI_20171128_002964	¿Quieres deshacer tu último avance?{/}	마지막 전직을 취소하고 되돌리시겠습니까?{/}				
UI_20171128_002965	Si deshaces tu avance de clase actual, el avance se revertirá y la EXP de tu clase actual desaparecerá.{/}	현재 클래스의 전직을 취소하고 전직 이전으로 되돌아가며{nl}클래스 경험치는 사라집니다.{/}				
UI_20171128_002966	* La reducción de rango solo puede utilizarse una vez durante el mismo rango.{nl}No puede utilizarse repetidamente.	* 랭크 다운은 동일한 랭크에서 한 번만 사용할 수 있으며{nl}연속해서 사용할 수 없습니다.				
UI_20171128_002967	* Además, la reducción de rango no puede utilizarse en un rango inferior{nl}a un rango en el que ya se haya utilizado.	* 마지막으로 랭크 다운을 사용한 랭크보다 낮은 랭크에서는{nl}이용이 불가능 합니다.				
UI_20171128_002968	* Las habilidades y atributos de las clases eliminadas o cuyos círculos hayan disminuido{nl}se convertirán nuevamente en puntos.	* 초기화로 인해 삭제 또는 서클이 내려가는 클래스는{nl}스킬과 특성을 초기화 후 포인트로 반환됩니다.				
UI_20171128_002969	* Clase-specific disfraces recibido mediante rango avance{nl}será Eliminado si el clase es Completamente Eliminado.	* 초기화로 인해 클래스가 완전히 삭제되는 경우에는{nl}전직 시 지급된 직업별 코스튬이 제거됩니다.				
UI_20171128_002970	* Volverás al cuartel después de confirmar.	* 초기화 후에는 캐릭터 선택창으로 돌아갑니다.				
UI_20171128_002971	{@st59}Rango Información{/}	{@st59}랭크 정보{/}				
UI_20171128_002972	{@st66b}Simplify objeto efectos{/}	{@st66b}버프 이펙트 간소화{/}				
UI_20171128_002973	{@st66b}Simplify Modols{/}	{@st66b}모델 간소화{/}				
UI_20171128_002974	{@st59}Attendance Recompensa comprobar{/}	{@st59}출석 보상 확인{/}				
UI_20171128_002975	Volviendo a la clase anterior.	해당 클래스를 이전으로 되돌립니다.				
UI_20171128_002976	Mapa nombre	맵이름				
UI_20171128_002977	{@st42b}Usar	{@st42b}이용하기				
UI_20171128_002978	Raid Dungeon entrada Objeto Consumir Cantidad -2	레이드 던전 입장 아이템 소모 개수 -2				
UI_20180108_002979	{@st59}Efecto Disfraz{/}	{@st59}이펙트 코스튬{/}				
UI_20180115_002980	{@st66b}{s16}*comprobar el objetos y cantidad antes Confirmar el intercambio.{/}{/}	{@st66b}{s16}*거래 확정 전에 아이템과 수량을 확인하세요.{/}{/}	UI_20170330_002599	{@st66b}If both trading players are Token users,{nl}tradable equipment, consumables,{nl}gems and other items will remain tradable.{/}	{@st66b}거래 시 유저가 모두 토큰을 사용 중 이라면{nl}장비, 소모품, 기타, 카드, 젬 아이템의 속성 변경이 없습니다.{/}	
UI_20180115_002981	{s16}{@st66b}*{/}{@st66d_y}No quedan intercambios{/}{@st66b} significa que {/} {@st66d_y}Todos los objetos intercambiados{nl}ya no pueden intercambiarse ni transferirse mediante el almacén de equipo{/}{@st66b}.{/}{/}	{s16}{@st66b}*{/}{@st66d_y}거래 가능 횟수 0{/}{@st66b} 상태에서는{/} {@st66d_y}거래한 모든 아이템이{nl} 팀 창고 이동 및 거래가 불가능{/}{@st66b}해집니다.{/}{/}				
UI_20180115_002982	{s16}{@st66b}*{/}{@st66d_y}Los Tokens de evento ofrecen 0 intercambios.{nl}{/} {@st66b}Asegúrate de comprobar la cantidad antes de realizar el intercambio.{/}{/}	{s16}{@st66b}*{/}{@st66d_y}증정용 토큰에는 거래 가능 횟수가 없습니다.{nl}{/} {@st66b}거래 시 주의해 주세요.{/}{/}				
UI_20180115_002983	{@st66d_y}Objetos será convertirse intransferible{/}	{@st66d_y}거래 후 모든 아이템 팀 창고 이동 및 거래 불가{/}	UI_20160811_002268	{@st42}The item in question will become untradable after the trade{/}	{@st42}거래 후 장비 아이템 거래 불가{/}	
UI_20180115_002984	{@st42}Los objetos siguen siendo transferibles y pueden almacenarse en el almacén de equipo{/}	{@st42}거래 후 모든 아이템 팀 창고 이동 및 거래 가능{/}	UI_20160811_002269	{@st42}The item in question will remain tradable after the trade{/}	{@st42}거래 후 장비 아이템 거래 가능{/}	
UI_20180115_002985	{@st66d}Los siguientes objetos se volverán{nl}  {@st66d_y}Intransferibles (Intercambio NO, Almacén de equipo NO){/}.{/}	{@st66d}아래 아이템이{nl}  {@st66d_y}팀 창고 이동 및 거래 불가{/} 상태가 됩니다.{/}	UI_20170726_002661	{@st66d}If at least one player is not a Token user,{nl}after the trade the item will become untradable.{/}	{@st66d}한 명 이라도 토큰을 사용하지 않으면{nl} 교환 후 아이템이 거래 불가 상태가 됩니다.{/}	
UI_20180115_002986	{@st42}Objetos intransferibles (Intercambio NO, Almacén de equipo NO){/}	{@st42}팀 창고 이동 및 거래 속성이 변경되는 아이템 목록{/}	UI_20160811_002274	{@st42}List of items that will become untradable after the trade{/}	{@st42}거래 속성이 변경되는 아이템 목록{/}	
UI_20180208_002987	{@st59}Cerrar{/}	{@st59}전직 정보 창을 닫습니다{/}	UI_20150317_000086	{@st59}Close{/}	{@st59}클래스 정보 창을 닫습니다{/}	
UI_20180208_002988	Obtenerd Objeto	획득 아이템				
UI_20180208_002989	servidor	서버				
UI_20180208_002990	Nombre del personaje	캐릭터명				
UI_20180208_002991	Reason	사유				
UI_20180208_002992	{@st43}{s24}informe Problematic jugador	{@st43}{s24}불량유저 신고				
UI_20180208_002993	{@st41b}Informe	{@st41b}신고				
UI_20180208_002994	informe.	신고합니다.				
UI_20180208_002995	Cancelar.	취소합니다.				
UI_20180208_002996	{@st59b}Trascendencia de objetos{nl}{@st59s}- Mejora el rendimiento de un objeto de una forma distinta a la mejora con yunque.{nl}- Objetos que pueden trascender: arma, armadura y accesorio.{nl}- Probabilidad de trascendencia = Cantidad de materiales / Máximo requerido.{nl}- Si tiene éxito, el nivel de trascendencia aumenta en 1 (máx. 10).{nl}- Si falla, el nivel de trascendencia y el potencial disminuyen en 1 (el nivel de trascendencia no baja de 1).{/}	{@st59b}아이템 초월{nl}{@st59s}- 모루 강화와는 다른 아이템 성능 강화{nl}- 초월 가능 장비 : 무기, 방어구, 장신구{nl}- 초월 성공 확률 = 넣은 재료 개수 / 최대 필요 재료 개수{nl}- 성공 시, 초월이 1단계 상승(최대 10단계){nl}- 실패 시, 초월과 포텐셜이 1단계 하락(초월은 1단계 이하로 떨어지지 않음){/}	UI_20161214_002494	{@st59b}Item Transcendence{nl}{@st59s}- Enhances an item's performance in a way different from the anvil enhancement{nl}- Transcendables : Weapon, Armor, Accessory{nl}- Transcendence Chance = Amount of Ingredients / Required Minimum{nl}- If successful, Transcendence level increases by 1(Max. 10){nl}- If failed, Transcendence level along with potential by 1(Transcendence level does not go below 1){nl}- Transcended Item Cannot Be Traded{/}	{@st59b}아이템 초월{nl}{@st59s}- 모루 강화와는 다른 아이템 성능 강화{nl}- 초월 가능 장비 : 무기, 방어구, 장신구{nl}- 초월 성공 확률 = 넣은 재료 개수 / 최대 필요 재료 개수{nl}- 성공 시, 초월이 1단계 상승(최대 10단계){nl}- 실패 시, 초월과 포텐셜이 1단계 하락(초월은 1단계 이하로 떨어지지 않음){nl}- 초월시킨 장비는 거래 제한으로 변경됨{/}	
UI_20180208_002997	trascendencia éxito Chance 100%	초월 성공률 100%				
UI_20180208_002998	* La trascendencia puede fallar si la tasa de éxito no es del 100%.{nl}El potencial se reduce al fallar.	* 초월 성공률이 100%가 아닐 경우 실패 할 수도 있습니다. {nl}실패시 포텐셜이 소모됩니다.				
UI_20180208_002999	Extraer bendecido Shard	축복받은 조각 추출				
UI_20180208_003000	{@st59b}Extraer fragmento bendecido{nl}{@st59s}- Extrae un fragmento bendecido de un objeto trascendido.{nl}- Material para la extracción: Martillo de desmontaje.{nl}- Extraer fragmentos bendecidos eliminará el objeto, pero conservará parte de la Piedra Bendecida como fragmentos bendecidos.{nl} : Se puede recuperar el 90% de la Piedra Bendecida utilizada para trascender.{nl}- El objeto debe tener al menos la etapa 2 de trascendencia para extraer los fragmentos.{/}	{@st59b}축복받은 조각 추출{nl}{@st59s}- 초월아이템에서 축복받은 조각 추출{nl}- 축복받은 조각 추출 재료 : 분해의 망치{nl}- 축복받은 조각 추출시 해당 아이템은 제거되지만, 사용된 축복석의 일부를 축복받은 조각으로 되돌려 받을 수 있습니다. {nl}   : 초월에 사용된 축복석의 90%를 환급 받을 수 있습니다.{nl}- 추출은 초월 2단계이상부터 사용할 수 있습니다.{/}	UI_20170313_002552	{@st59b}Blessed Gem Extraction{nl}{@st59s}- Extracts Blessed Gems from transcended items.{nl}- Materials needed: Hammer of Dismantlement.{nl}- Extracting Blessed Gems will delete the item, but retain part of the gems. {nl}   : You will receive 20% to 90% of the Blessed Gems, depending on the item's transcendence stage and current potential. {nl}- Your item must be transcended to at least stage 2 in order to extract the gems.{/}	{@st59b}축복석 추출{nl}{@st59s}- 초월아이템에서 축복석 추출{nl}- 축복석 추출 재료 : 분해의 망치{nl}- 축복석 추출시 해당 아이템은 제거되지만, 사용된 축복석의 일부를 되돌려 받을 수 있습니다. {nl}   : 현재 초월 단계와 잔여 포텐셜에 따라 최소 20% ~ 최대 90%의 초월석을 돌려받습니다. {nl}- 추출은 초월 2단계이상부터 사용할 수 있습니다.{/}	
UI_20180208_003001	Resultado de extracción de fragmento bendecido	축복받은 조각 추출 결과	UI_20160811_002293	Extraction Results	축복석 추출 결과	
UI_20180208_003002	{@st43b}{s18}Efecto aplicado{/}	{@st43b}{s18}적용효과{/}				
UI_20180208_003003	{@st43b}{s20}Efecto aplicado{/}	{@st43b}{s20}적용효과{/}				
UI_20180208_003004	{@st59}Mostrar opción de aplicación de carta de monstruo{/}	{@st59}몬스터 카드 적용 옵션을 봅니다{/}				
UI_20180208_003005	*No puedes reducir el rango si tienes{nl}cartas de rango o cartas de EXP de clase sin usar.	* 초기화 후 사용하지 않은 랭크 카드, 클래스 경험치 복구 카드가{nl} 있을 경우 랭크 다운을 할 수 없습니다.				
UI_20180208_003006	*Common atributos such como Arma Swap será also ser restablecer,{nl}y atributo puntos será Volvered.	* 초기화 시 무기 스왑과 같은 공용 특성도 초기화 되며,{nl}이때 투자한 특성 포인트는 반환됩니다.				
UI_20180208_003007	{@st43}{s22}Añadir ranura{/}	{@st43}{s22}소켓 추가{/}				
UI_20180208_003008	{@st59}Cancelar{/}	{@st59}사용을 취소합니다{/}				
UI_20180208_003009	{@st41}{s20}Actual Sockets:{@st43} %s / {@st43}%s	{@st41}{s20}현재 소켓 현황 :{@st43} %s / {@st43}%s				
UI_20180208_003010	{@st41}{s20}nuevo ranura Precio: %s	{@st41}{s20}소켓 추가 가격 : %s				
UI_20180208_003011	{@st41b}Añadir ranura{/}	{@st41b}소켓 추가{/}				
UI_20180208_003012	{@st59}Añadir ranura.{/}	{@st59}소켓을 추가 합니다.{/}				
UI_20180208_003013	{@st59}Información de ascenso{/}	{@st59}전직 정보{/}				
UI_20180208_003014	{@st66b}Mostrar botín Objeto Nombre{/}	{@st66b}드롭 아이템 이름 표시{/}				
UI_20180320_003015	{img icon_item_silver 24 24}{@st41b}Consumir %s de plata{nl}Desequipar carta sin reducir el nivel{/}	{img icon_item_silver 24 24}{@st41b}%s실버 소모{nl}레벨 감소없이 카드 해제하기{/}	UI_20170925_002922	{img icon_item_tospoint 24 24}{@st41b}Consume 0 TP{nl}Unequip card without the loss of a star{/}	{img icon_item_tospoint 24 24}{@st41b}0TP 소모{nl}별 감소없이 카드 해제하기{/}	
UI_20180320_003016	Nivel 1 cartas hacer no consumir Plata.	1레벨 카드는 실버가 소모되지 않습니다.	UI_20161214_002484	Level 1 cards do not consume 5TP.	1레벨 카드는 5TP가 소모되지 않습니다.	
UI_20180320_003017	Recruiting gremio misión participantes.	길드 퀘스트 참가자를 모집하고 있습니다.	UI_20160224_002073	The guild master is searching for Guild Event participants.	길드 마스터가 길드 이벤트 참가자를 모집하고 있습니다.	
UI_20180320_003018	{@st43}Mejorar legendarias Card{/}	{@st43}레전드 카드 강화{/}				
UI_20180320_003019	{@st43b}{#ffba00}{s20}Tasa de éxito[%s%]{/}	{@st43b}{#ffba00}{s20}성공확률 [%s%]{/}				
UI_20180320_003020	{@st43b}{s17}{#ffba00}Aumenta el nivel de la carta [{img star_mark 20 20}] en +1 al tener éxito.{/}	{@st43b}{s17}{#ffba00}  성공 시 카드의 레벨[★]이 +1 증가합니다.{/}				
UI_20180320_003021	{@st43b}{s20}Tasa de fallo [%s%]{/}	{@st43b}{s20}실패확률 [%s%]{/}				
UI_20180320_003022	{@st43b}{s17}Las cartas sacrificio se eliminarán y el nivel de la carta legendaria no cambiará.{/}	{@st43b}{s17}  실패 시 제물 카드가 소멸되며, 레전드 카드의 레벨은 유지됩니다.{/}				
UI_20180320_003023	{@st43b}{#898989}{s20}Tasa de destrucción[%s%]{/}	{@st43b}{#898989}{s20}파괴확률 [%s%]{/}				
UI_20180320_003024	{@st43b}{#898989}{s17}La carta legendaria y las cartas sacrificio se eliminarán al destruirse.{/}	{@st43b}{#898989}{s17}  파괴 시 레전드 카드와 제물 카드가 소멸됩니다.{/}				
UI_20180320_003025	{@st59}Cerrar{/}	{@st59}레전드 카드 강화 UI를 닫습니다{/}				
UI_20180320_003026	Tiempo restante	남은 참가 시간	UI_20160224_002098	Remaining Bidding Time	남은 입찰 시간	
UI_20180320_003027	Obtener al azar	랜덤 획득	UI_20160224_002099	Item Dice	아이템 주사위	
UI_20180320_003028	{@st59}Personal Tiendas{/}	{@st59}개인 상점{/}				
UI_20180320_003029	{@st59}Fishing{/}	{@st59}낚시{/}				
UI_20180320_003030	Buscar monstruo nombre y pulsar Introduce	몬스터 이름 검색 후 엔터				
UI_20180320_003031	{@st66b}Ver más	{@st66b}더보기				
UI_20180320_003032	Cantidad a añadir	추가할 양(count)				
UI_20180320_003033	Buscar objeto nombre y pulsar Introduce	아이템 이름 검색 후 엔터				
UI_20180320_003034	Busca el objeto que quieres fabricar y pulsa «Introducir».	제작할 아이템 이름 검색 후 엔터				
UI_20180320_003035	Buscar instanciado mazmorra nombre y pulsar Introduce	인던 이름 검색 후 엔터				
UI_20180320_003036	{@st42}Automatic	{@st42}자동				
UI_20180320_003037	{@st42}Añadir	{@st42}추가				
UI_20180320_003038	{@st42}Enviar	{@st42}전송				
UI_20180320_003039	{@st42}Restablecer	{@st42}초기화				
UI_20180320_003040	No se pudo iniciar la partida.	게임 시작에 실패했습니다.				
UI_20180320_003041	(Error Code: %s)	(에러 코드: %s)				
UI_20180320_003042	{img notice_br_reason 16 16}{@st99w16}Reason	{img notice_br_reason 16 16}{@st99w16} 발생 원인				
UI_20180320_003043	Esta podría ser la razón.{nl}Esta también podría ser la razón.	원인은 이것 때문일 수 있습니다.{nl}원인은 이것 때문일 수도 있습니다.				
UI_20180320_003044	{img notice_br_solution 16 16}{@st99w16}Solution	{img notice_br_solution 16 16}{@st99w16} 해결 방법				
UI_20180320_003045	Try este.{nl}Try ese.	이렇게 해보십시오.{nl}저렇게 해보십시오.				
UI_20180320_003046	{@st68}Comprobar	{@st68}확인				
UI_20180402_003047	{img notice_br_link 16 16}{@st99w16}Related Link	{img notice_br_link 16 16}{@st99w16} 관련 링크				
UI_20180409_003048	{@st66b}Dibujar Shadow	{@st66b}그림자 그리기				
UI_20180413_003049	{@st43b}{s18}objetos (Próximamente){/}	{@st43b}{s18}점령 혜택(준비중){/}	UI_20170912_002847	{@st43b}{s18}Spot Benefits{/}	{@st43b}{s18}점령 혜택{/}	
UI_20180413_003050	ⓘ Consulta nuestro sitio web oficial en treeofsavior.com para obtener más información sobre las recompensas y objetos de las Guerras Territoriales durante el periodo de prueba beta.	ⓘ Beta로 진행되는 길드 콜로니전의 점령 혜택은 홈페이지 내 공지사항을 통해 확인 바랍니다.				
UI_20180418_003051	{@st47}{s18}Ver Processed Equipo	{@st47}{s18}가공된 장비 보기				
UI_20180418_003052	{@st42}Equippable títulos [%s]{/}	{@st42}장착 가능한 칭호 [%s]{/}				
UI_20180418_003053	{@st42}{#00fec5}Etapa actual del objeto del título	{@st42}{#00fec5}현재 칭호 버프 단계				
UI_20180418_003054	{@st42}Títulos necesarios para la siguiente etapa	{@st42}다음단계까지 필요한 칭호{/}				
UI_20180418_003055	{@st42b}Etapa %s{/}	{@st42b}%s단계{/}				
UI_20180418_003056	{@st66b}Ver Efectos de la siguiente etapa{/}	{@st66b}다음단계 효과 보기{/}				
UI_20180418_003057	{@st59}Cerrar trascendencia scroll ventana.{/}	{@st59}초월 스크롤 창을 닫습니다.{/}				
UI_20180418_003058	{@st41}{s20}Pergamino de trascendencia{/}	{@st41}{s20}초월 스크롤{/}				
UI_20180418_003059	Valor de trascendencia: %s	초월 수치: %s				
UI_20180418_003060	Tasa de éxito: %s%	성공 확률: %s%				
UI_20180418_003061	{@st66}No se puede usar con objetos de equipo trascendidos.{nl}Al usarlo, el objeto cambiará a la etapa de trascendencia %s.{/}	{@st66}이미 초월된 장비에는 사용할 수 없으며{nl}사용시 %s초월로 변경됩니다.{/}				
UI_20180418_003062	{@st41b}{s20}trascendencia	{@st41b}{s20}초월				
UI_20180418_003063	{@st41b}{s20}Confirmar	{@st41b}{s20}확인				
UI_20180426_003064	{@st59}Back{/}	{@st59}등 코스튬{/}				
UI_20180517_003065	Default	디폴트				
UI_20180517_003066	{@st66b}Community{/}	{@st66b}커뮤니티{/}				
UI_20180517_003067	{@st66b}Información del gremio{/}	{@st66b}길드 정보{/}				
UI_20180517_003068	{@st66b}Almacén{/}	{@st66b}보관함{/}				
UI_20180517_003069	{@st66b}Guerras{/}	{@st66b}전투{/}				
UI_20180517_003070	{@st41b}Write	{@st41b}글 작성				
UI_20180517_003071	{@st66b}Maestro{/}	{@st66b}마스터{/}				
UI_20180517_003072	{@st66b}Gremio maestro nombre aquí{/}	{@st66b}길드 마스터 이름 여기{/}				
UI_20180517_003073	{@st66b}Miembros{/}	{@st66b}인원{/}				
UI_20180517_003074	{@st66b}Founded{/}	{@st66b}개설일{/}				
UI_20180517_003075	{@st66b}Fondos{/}	{@st66b}자금{/}				
UI_20180517_003076	{@st66b}Gremio fondos aquí{/}	{@st66b}길드 자금 여기{/}				
UI_20180517_003077	Position {img %s 13 13}	직급{img %s 13 13}				
UI_20180517_003078	%s conectados, %s desconectados	온라인 %s명    오프라인 %s명				
UI_20180517_003079	{@st43b}{s18}guerras{/}	{@st43b}{s18}길드 전쟁 {/}				
UI_20180517_003080	Neutral Cancelar Alert	중립 해제 알림				
UI_20180517_003081	{@st66b}Gremio Promotion{/}	{@st66b}홍보{/}				
UI_20180517_003082	{@st66b}Roles y Authorities{/}	{@st66b}직급과 권한{/}				
UI_20180517_003083	{@st66b}Applications{/}	{@st66b}가입 신청{/}				
UI_20180517_003084	{@st43b}{s18}Role Configuración	{@st43b}{s18}직급 설정				
UI_20180517_003085	Roles	직급				
UI_20180517_003086	Authorities	권한				
UI_20180517_003087	{@st42}Gremio ManaGemaent{/}	{@st42}길드 운영{/}				
UI_20180517_003088	{@st42}Gremio fondos{/}	{@st42}길드 자본{/}				
UI_20180517_003089	{@st42}Gremio Community{/}	{@st42}길드 커뮤니티{/}				
UI_20180517_003090	{@st42}Contenido{/}	{@st42}컨텐츠{/}				
UI_20180517_003091	{@st41b}{s16}Añadir	{@st41b}{s16}추가				
UI_20180517_003092	{@st41b}{s16}Eliminar	{@st41b}{s16}삭제				
UI_20180517_003093	{@st41b}{s16}Guardar	{@st41b}{s16}저장				
UI_20180517_003094	{@st43b}{s18}Asignar rol	{@st43b}{s18}직급 부여				
UI_20180517_003095	Char. Nivel	캐릭터 레벨				
UI_20180517_003096	Total personajes	캐릭터 수				
UI_20180517_003097	{@st41b}{s16}Aceptar	{@st41b}{s16}수락				
UI_20180517_003098	{@st41b}{s16}Decline	{@st41b}{s16}거절				
UI_20180517_003099	{@st43b}{s18}Emblem{/}	{@st43b}{s18}엠블럼{/}				
UI_20180517_003100	Important	유의사항				
UI_20180517_003101	{@st41b}{s16}Registrar	{@st41b}{s16}등록				
UI_20180517_003102	{@st43b}{s18}Banner{/}	{@st43b}{s18}배너{/}				
UI_20180517_003103	ⓘ Tu imagen debe ser sized %s y en PNG (24 bit o 32 bit) format.{nl}ⓘ El archivo nombre debe ser composed solo de alphanumeric personajes.{nl}ⓘ El usar de problematic images puede result en restrictions.	ⓘ 길드 배너는 %s 크기의 PNG(24bit/32bit)파일만 등록 가능합니다.{nl}ⓘ 파일 이름이 영문과 숫자로 이루어진 파일만 등록 가능합니다.{nl}ⓘ 문제 있는 이미지 사용 시 제재가 있을 수 있습니다.				
UI_20180517_003104	Allow Outsiders	아지트 외부인 입장 가능				
UI_20180517_003105	Promote Gremio	길드 홍보 공개				
UI_20180517_003106	{@st43b}{s18}Cover página{/}	{@st43b}{s18}홍보 이미지{/}				
UI_20180517_003107	ⓘ Tu imagen debe ser sized %s y en PNG (24 bit o 32 bit) format.{nl}ⓘ El archivo nombre debe ser composed solo de alphanumeric personajes.{nl}ⓘ El usar de problematic images puede result en restrictions.	ⓘ 길드 홍보 페이지는 %s 크기의 PNG(24bit/32bit)파일만 등록 가능합니다.{nl}ⓘ 파일 이름이 영문과 숫자로 이루어진 파일만 등록 가능합니다.{nl}ⓘ 문제 있는 이미지 사용 시 제재가 있을 수 있습니다.				
UI_20180517_003108	1024 en width y 768-3840 en length	가로 1024, 세로 768~3840				
UI_20180517_003109	{@st41b}{s16}Vista previa	{@st41b}{s16}미리보기				
UI_20180517_003110	{@st43b}{s18}Texto de portada{/}	{@st43b}{s18}홍보글{/}				
UI_20180517_003111	{@st66b}Registrar	{@st66b}등록				
UI_20180517_003112	{@st64}Gremio	{@st64}길드				
UI_20180517_003113	{@st43}{s22}Más Información{/}	{@st43}{s22}길드 상세정보{/}				
UI_20180517_003114	{@st43}Información del gremio	{@st43}길드 정보				
UI_20180517_003115	 {@st66}Información	 {@st66}정보				
UI_20180517_003116	 {@st66}Cover página	 {@st66}홍보 페이지				
UI_20180517_003117	{@st43}Intro	{@st43}소개글				
UI_20180517_003118	{s18}Nombre{/}	{s18}이름{/}				
UI_20180517_003119	{s18}Gremio	{s18}길드				
UI_20180517_003120	{@s18}Maestro{/}	{@s18}마스터{/}				
UI_20180517_003121	{@s18}Founded{/}	{@s18}개설일{/}				
UI_20180517_003122	{@s18}Gremio Nivel{/}	{@s18}길드 레벨{/}				
UI_20180517_003123	{@s18}Estado{/}	{@s18}모집 상태{/}				
UI_20180517_003124	{@s18}Recruiting{/}	{@s18}모집중{/}				
UI_20180517_003125	{@st41}Aplicar al ingresar	{@st41}가입 신청				
UI_20180517_003126	{@s18}Miembros{/}	{@s18}인원{/}				
UI_20180517_003127	{@s18}Promedio Nivel{/}	{@s18}평균 레벨{/}				
UI_20180517_003128	{@s18}Texto de portada{/}	{@s18}홍보글{/}				
UI_20180517_003129	{@s18}Tu gremio intro texto goes aquí.{/}	{@s18}이곳에 길드 소개글이 들어갑니다{/}				
UI_20180517_003130	{@s18}Miembros{/}	{@s18}길드원{/}				
UI_20180517_003131	{@st43}Write{/}	{@st43}글 작성{/}				
UI_20180517_003132	{@st41b}Write	{@st41b}작성				
UI_20180517_003133	{@st43}Write	{@st43}글 작성				
UI_20180517_003134	{@st43}Applicants	{@st43}길드 가입 신청자				
UI_20180517_003135	Equipo Nivel: %s {nl}personajes: %s {nl}Diario de aventuras Rango: %s {nl}Nivel de Aplicación Personaje: %s {nl} {nl}Mensaje	팀 레벨 : %s {nl}캐릭터 수 : %s {nl}모험일지 랭킹 : %s {nl}신청한 캐릭터 레벨 : %s {nl} {nl}전하는 말				
UI_20180517_003136	{@st43}{s22}nuevo UI{/}	{@st43}{s22}새 UI{/}				
UI_20180517_003137	{@st42}Gremio Nombre{/}	{@st42}길드 이름{/}				
UI_20180517_003138	{@st42}Mensaje{/}	{@st42}전하는 말{/}				
UI_20180517_003139	Mensaje	전하는 말				
UI_20180517_003140	Puedes solicitar unirte a un gremio incluso sin escribir un mensaje.{nl}ⓘ La siguiente información se mostrará automáticamente al gremio cuando envíes la solicitud:{nl} - Nombre de equipo{nl} - Nivel de equipo{nl} - N.º de personajes{nl} - Nivel del personaje que realiza la solicitud{nl} - Clasificación del Diario de Aventuras{nl}	이 없어도 가입 신청이 가능합니다{nl}ⓘ 길드 가입 신청 시 아래 정보가 자동으로 길드에 제공 됩니다{nl} - 팀 이름{nl} - 팀 레벨{nl} - 캐릭터 수{nl} - 신청한 캐릭터 레벨{nl} - 모험일지 랭킹{nl}				
UI_20180517_003141	{@st41}Enviar solicitud	{@st41}길드 가입 보내기				
UI_20180517_003142	{@st43}{s22}Gremio Promotion{/}	{@st43}{s22}길드 홍보{/}				
UI_20180517_003143	{@st43}Gremio Promotion Board	{@st43}길드 홍보 게시판				
UI_20180517_003144	{@st59}Gremio Nivel{/}	{@st59}길드 레벨{/}				
UI_20180517_003145	{@st59}Activity{/}	{@st59}활성화 점수{/}				
UI_20180517_003146	{@st59}Promedio Equipo Nivel{/}	{@st59}평균 팀레벨{/}				
UI_20180517_003147	{@st59}Applicants{/}	{@st59}가입 신청자수{/}				
UI_20180517_003148	{@st59}Territory guerras{/}	{@st59}콜로니전{/}				
UI_20180517_003149	{@st43}Solicitud Log	{@st43}길드 가입 신청 내역				
UI_20180517_003150	Date	요청일				
UI_20180517_003151	estado	읽음 상태				
UI_20180517_003152	{@st66b}Diario entries restablecer cada Monday en %s (servidor tiempo).{/}	{@st66b}입장 횟수는 매주 월요일 %s시에 초기화 됩니다.{/}				
UI_20180517_003153	equipar Ichor	아이커 장착				
UI_20180517_003154	equipar	장착				
UI_20180517_003155	{@st43b}{s18}Estadísticas actuales	{@st43b}{s18}적용 옵션				
UI_20180517_003156	{@st43b}{s18}equipar Stats	{@st43b}{s18}장착 옵션				
UI_20180517_003157	Extracción Kit	추출 키트				
UI_20180517_003158	Extraer Icor	아이커 추출				
UI_20180517_003159	Extraer	추출				
UI_20180517_003160	{s22}El objeto era destroyed.	{s22}아이템이 파괴되었습니다.				
UI_20180517_003161	{@st43b}{s18}Potential	{@st43b}{s18}포텐셜				
UI_20180517_003162	{@st43b}{s18}Options Extraered	{@st43b}{s18}추출 옵션				
UI_20180517_003163	Dismantle legendarias Objeto	레전드 아이템 분해				
UI_20180517_003164	Dismantle	분해				
UI_20180517_003165	Aplicar estadísticas del conjunto	세트 옵션 부여				
UI_20180517_003166	{@st43}Fabricar legendarias Equipo{/}	{@st43}레전드 장비 제작{/}				
UI_20180517_003167	{@st59}Cerrar legendarias objeto fabricación UI.{/}	{@st59}레전드 아이템 제작 UI를 닫습니다{/}				
UI_20180517_003168	{@st42b}Ver solo equippable objetos	{@st42b}착용 가능한 목록만 보기				
UI_20180517_003169	{@st43b}{s15}{#ffbf11}punto Difference	{@st43b}{s15}{#ffbf11}점수차				
UI_20180517_003170	{@st43b}{s16}%s Puntos	{@st43b}{s16}%s 포인트				
UI_20180517_003171	obtenido [ %s] Badges	증표 [ %s 개] 획득				
UI_20180517_003172	{@st66d}{s20}Volviendo en %s segundos.{/}	{@st66d}{s20}%s초 후에 귀환됩니다.{/}				
UI_20180517_003173	{@st66d}Volver{/}	{@st66d}귀환{/}				
UI_20180517_003174	Si deshaces tu avance de clase actual,{nl}el avance se revertirá y{nl}{@st66d_y}la EXP de tu clase actual desaparecerá.{/}{/}	현재 클래스의 전직을 취소하고 전직 이전으로 되돌아가며{nl}{@st66d_y}클래스 경험치는 사라집니다.{/}{/}	UI_20171128_002965	If you undo your current class advancement, the advancement will be undone and your current class EXP will disappear.{/}	현재 클래스의 전직을 취소하고 전직 이전으로 되돌아가며{nl}클래스 경험치는 사라집니다.{/}	
UI_20180517_003175	{@st45tw2}Condiciones y precauciones{/}	{@st45tw2}조건 및 주의 사항{/}	UI_20161221_002511	{@st66d_y}Conditions and Precautions{/}	{@st66d_y}조건 및 주의 사항{/}	
UI_20180517_003176	{@st66b}Respawn en Gremio torre{/}	{@st66b}길드 타워에서 부활하기{/}				
UI_20180517_003177	{@st59}Gremio Promotion (Alt + R){/}	{@st59}길드 홍보 (Alt + R){/}				
UI_20180517_003178	{@st66b}Automático Cell Selección{/}	{@st66b}자동 셀 선택{/}				
UI_20180517_003179	{@st66b}Cell Movement Speed (%s){/}	{@st66b}셀 이동 속도 (%s){/}				
UI_20180517_003180	{@st43}Comprar Lista{/}	{@st43}구매 목록{/}				
UI_20180517_003181	{@st66d_y}{s18}[Probability objetos]	{@st66d_y}{s18}[확률형 아이템]				
UI_20180517_003182	{@st66d}{s18}[Non-probability objetos]	{@st66d}{s18}[비확률형 아이템]				
UI_20180517_003183	{img impossible_red 17 17}equipar Restrictions	{img impossible_red 17 17} 착용 제한				
UI_20180517_003184	{img impossible_yellow 17 17}One Comprar solo	{img impossible_yellow 17 17} 구매 횟수 1회 제한				
UI_20180517_003185	{img icon_item_tpBox_30 36 36}%s TP serán consumidos.	{img icon_item_tpBox_30 36 36}%s TP가 소모됩니다.				
UI_20180517_003186	Mensaje de probabilidad	확률형 메세지				
UI_20180517_003187	{@st66b}Yes{/}	{@st66b}예{/}				
UI_20180517_003188	{@st66b}No{/}	{@st66b}아니오{/}				
UI_20180517_003189	{@st66w}Mostrar todos tabs{/}	{@st66w}모든 맵 표시{/}				
UI_20180517_003190	{@st66b}En el juego, los nombres de tu personaje y de tu equipo se mostrarán de la siguiente manera:{nl} 	{@st66b}인 게임에서 캐릭터 이름, 팀 이름 배치 순서는 아래 이미지와 같이{nl}예) 	UI_20170912_002895	{@st66b}Your Team name represents all your characters and is used in trading, Guilds, chat, etc.{nl}Changing your Team name consumes 10,000 TP, so choose it carefully.{/}	{@st66b}팀 이름은 모든 캐릭터를 대표하는 이름이며, 거래, 길드 가입, 대화 등에 사용되는 공용 이름입니다.{nl}팀 이름 변경에는 10,000TP가 소모되니 신중히 입력해 주세요.{/}	
UI_20180517_003191	CharacterName EquipoName	캐릭터이름 팀이름				
UI_20180517_003192	 .{nl}{img exemple_img_teamname}{nl}El nombre de equipo representa a todos tus personajes y se utiliza para intercambios, gremios, chat, etc.{nl}Cambiar el nombre de equipo cuesta 10,000 TP, así que elígelo con cuidado.{/}	 순서로 배치됩니다.{nl}{img exemple_img_teamname}{nl}팀 이름은 모든 캐릭터를 대표하는 이름이며, 거래, 길드 가입, 대화 등에 사용되는 공용 이름입니다.{nl}팀 이름 변경에는 10,000TP가 소모되니 신중히 입력해 주세요.{/}				
UI_20180517_003193	N/D	{@st59}유라테 - 시즌 서버가 아우슈리네 서버로 통합되었습니다.{nl}바카리네, 라이마, 제미나, 가비야 - 바이보라 서버로 통합되었습니다.{/}	UI_20161214_002498	{@st59}Please select a server.{/}	{@st59}유라테 - 시즌 서버가 아우슈리네 서버로 통합되었습니다.{nl}자세한 내용은 홈페이지 공지사항을 참고해주세요.{nl}바카리네, 라이마, 제미나, 가비야 서버는 7/14(목) 바이보라 서버로 통합되었습니다.{/}	
UI_20180517_003194	N/D	{@st59}접속을 원하는 서버를 선택하여 주세요.{nl}유라테 - 시즌 서버가 아우슈리네 서버로 통합되었습니다.{nl}바카리네, 라이마, 제미나, 가비야 - 바이보라 서버로 통합되었습니다.{/}	UI_20160811_002310	{@st59}Please select a server.{nl}The Vakarine, Laima, Zemyna, Gabija servers have been merged into the Vaivora server.{/}	{@st59}접속을 원하는 서버를 선택하여 주세요.{nl}바카리네, 라이마, 제미나, 가비야 서버가 바이보라 서버로 통합되었습니다.{/}	
UI_20180517_003195	{@st41b}{s14}{#ffffff}normal	{@st41b}{s14}{#ffffff}노말				
UI_20180517_003196	{@st41b}{s14}{#0e7fe8}Magic	{@st41b}{s14}{#0e7fe8}매직				
UI_20180517_003197	{@st41b}{s14}{#a124d0}Rare	{@st41b}{s14}{#a124d0}레어				
UI_20180517_003198	{@st41b}{s14}{#d92400}Unique	{@st41b}{s14}{#d92400}유니크				
UI_20180517_003199	{@st41b}{s14}{#ffa800}legendarias	{@st41b}{s14}{#ffa800}레전드				
UI_20180517_003200	No se puede trascender	초월 불가				
UI_20180517_003201	No se puede extraer	추출 불가				
UI_20180517_003202	No se pueden extraer ranuras	소켓 추출 불가				
UI_20180517_003203	principal Arma	주무기				
UI_20180517_003204	Armadura	갑옷				
UI_20180517_003205	Parte inferior	바지				
UI_20180517_003206	{@st41b}{s18}Objeto configurar	{@st41b}{s18}아이템 세트				
UI_20180517_003207	{@st41b}{s16}configurar Stats	{@st41b}{s16}세트 옵션				
UI_20180517_003208	Intercambiar	교환				
UI_20180517_003209	{@st66d}Jugador Nombre{/}	{@st66d}유저이름{/}				
UI_20180517_003210	{@st66}{s18}Write{/}	{@st66}{s18}작성{/}				
UI_20180517_003211	Peso: %s	무게: %s				
UI_20180517_003212	Total personajes 	캐릭터 수 				
UI_20180517_003213	Quiero unirme	가입시켜주세요				
UI_20180517_003214	Personaje Clase	캐릭터 직업				
UI_20180517_003215	Personaje Contribution	캐릭터 기여				
UI_20180517_003216	Espacios del almacén del equipo +30	팀 창고 +30칸 증가				
UI_20180523_003217	{@st41_yellow}{s70}Victoria 	{@st41_yellow}{s70}승리				
UI_20180523_003218	{@st41_yellow}{s70}Defeat	{@st41_yellow}{s70}패배				
UI_20180528_003219	{s30}Important	{s30}주의				
UI_20180528_003220	{@st41b}{img icon_button_warning 36 36}Sí	{@st41b}{img icon_button_warning 36 36}예				
UI_20180629_003221	{@st41d}               residencia	{@st41d}               숙소				
UI_20180629_003222	{@st66d}{s20}%s {@st66d_y}{s20}%s{@st66b}{s18}{nl}Cambiar residencia?	{@st66d}{s20}%s {@st66d_y}{s20}%s{@st66b}{s18}의{nl}숙소를 이동하겠습니까?				
UI_20180629_003223	{@st66b}Yes	{@st66b}예				
UI_20180629_003224	{@st66b}No	{@st66b}아니오				
UI_20180629_003225	{@st43}Peluquería (M)	{@st43}바버샵(남)				
UI_20180629_003226	{@st43}Peluquería (F)	{@st43}바버샵(여)				
UI_20180629_003227	{@st43}Boutique (M)	{@st43}부티크(남)				
UI_20180629_003228	{@st43}Boutique (F)	{@st43}부티크(여)				
UI_20180629_003229	{@st43}Peluquería - Pelucas (M)	{@st43}바버샵 - 가발(남)				
UI_20180629_003230	{@st43}Peluquería - Pelucas (F)	{@st43}바버샵 - 가발(여)				
UI_20180629_003231	{@st43}Boutique - Cubes	{@st43}부티크 - 패키지				
UI_20180629_003232	{@st43}Berber Tienda - Lentes	{@st43}바버샵 - 렌즈				
UI_20180629_003233	ver solo equipable objetos	착용 가능한 물품만 보기				
UI_20180629_003234	Selecciona Color	컬러 선택				
UI_20180629_003235	{img barbershop_scissors_pic 41 36}{@st66b}Selecciona un peinado para ver la lista de colores.{/}	{img barbershop_scissors_pic 41 36}{@st66b}헤어 선택 시 염색 리스트가 표시 됩니다.{/}				
UI_20180629_003236	{@st43b}{s20}Vista previa y Comprar{/}	{@st43b}{s20}미리보기 및 구매{/}				
UI_20180629_003237	{@st59}Pelucas{/}	{@st59}가발{/}				
UI_20180629_003238	{@st59}Pelucas y Dyes{/}	{@st59}가발 염색약{/}				
UI_20180629_003239	{@st59}Toys{/}	{@st59}장난감{/}				
UI_20180629_003240	{@st66}{s18}Probar{/}	{@st66}{s18}입어보기{/}				
UI_20180629_003241	{@st41b}{s17}cabello Costoumes	{@st41b}{s17}헤어 코스튬				
UI_20180629_003242	Puedes ocultar/mostrar todos de tu Actualmente equipado cabello disfraces.	캐릭터가 착용 중인 헤어 코스튬 모두를 보이기/안보이기 할 수 있습니다.				
UI_20180629_003243	   TP actuales{/}	   보유중인 TP{/}				
UI_20180629_003244	   Restante TP{/}	   잔여 TP{/}				
UI_20180629_003245	Now Wearing	입어보기 목록				
UI_20180629_003246	{@st59}Cerrar el lista.{/}	{@st59}입어보기 목록을 닫습니다{/}				
UI_20180629_003247	{@st66b}TP actuales	{@st66b}소지 TP				
UI_20180629_003248	{@st66b}Comprar Lista	{@st66b}물품 가격				
UI_20180629_003249	{@st66}- cabello Coupons	{@st66}-헤어 쿠폰				
UI_20180629_003250	{@st66}- Dye Coupons	{@st66}-염색 쿠폰				
UI_20180629_003251	{@st66b}{#a70000}Total	{@st66b}{#a70000}결제 TP				
UI_20180629_003252	{@st66}{s18}Comprar todos listado objetos?	{@st66}{s18}위 아이템을 구매하시겠습니까?				
UI_20180629_003253	{ol}Abrir lista de cuponesa.	{ol}쿠폰 리스트를 엽니다.				
UI_20180629_003254	{@st66b}Restante TP	{@st66b}잔여 TP				
UI_20180629_003255	{@st66d}Ir a la tienda{/}	{@st66d}샵으로{/}				
UI_20180629_003256	{@st66d}Comprar{/}	{@st66d}구매{/}				
UI_20180629_003257	{s17}cupón Lista	{s17}쿠폰 목록				
UI_20180629_003258	{@st66b}Usar	{@st66b}사용				
UI_20180629_003259	{@st43}Libro de cupones de peluquería	{@st43}바버샵 쿠폰북				
UI_20180629_003260	Intercambiar sellos	스탬프로 아이템 교환				
UI_20180629_003261	※{b}{ol}{#c21917}Stamps son consumida cuando tú intercambiar them.{/}{/}{/}{nl}Each tipo de cupón consume un different número de stamps.	※{b}{ol}{#c21917}아이템 교환 시 스탬프가 소모{/}{/}{/}되며,{nl}소모되는 스탬프의 개수는 아이템에 따라 다르게 소모됩니다.				
UI_20180629_003262	{img barbershop_couponbook_stamp 30 30} %s stamps	{img barbershop_couponbook_stamp 30 30} %s 개 소지				
UI_20180629_003263	{@st59}Cerrar arma apariencia UI.{/}	{@st59}무기 외형 변환 UI를 닫습니다{/}				
UI_20180629_003264	{@st43}Cambiar Arma Appearance{/}	{@st43}무기 외형 변환{/}	UI_20150323_001291	{@st43}Briquetting{/}	{@st43}브리케팅{/}	
UI_20180629_003265	{@st66b}Potencial actual	{@st66b}현재 포텐셜				
UI_20180629_003266	{@st42}Extraer materiales	{@st42}외형 추출 소재 무기				
UI_20180629_003267	{@st42}Arma para extraer	{@st42}외형 추출할 무기	UI_20150323_001293	Consumable Material	소비 재료	
UI_20180629_003268	{@st42}Conservar potencial	{@st42}포텐셜 소실 방지				
UI_20180629_003269	{img silver 20 20}Precio	{img silver 20 20}가격				
UI_20180629_003270	If izquierda unchecked, tu objeto's Potential será reduced.{nl}Does no consumir Plata.	포텐셜 소실 방지 체크 해제시 포텐셜이 감소합니다.{nl} 실버는 소모되지 않습니다.				
UI_20180629_003271	Por favor, registra un núcleo o un arma cuya apariencia quieras conservar.	코어 또는 외형추출 할 무기와 동일한 아이템을 넣어주세요.				
UI_20180629_003272	{@st43b}{s20}OK	{@st43b}{s20}확 인				
UI_20180629_003273	Update mensaje board.	한줄게시판을 업데이트합니다.				
UI_20180629_003274	Tienda de despertar	각성 상점 개설				
UI_20180629_003275	{@st42}Cerrar Tienda	{@st42}폐 점				
UI_20180629_003276	{@st42}Awaken	{@st42}각 성				
UI_20180629_003277	material	재료이름				
UI_20180629_003278	{@st42}Abrir tienda	{@st42}개 설				
UI_20180629_003279	{@st41d}{b}{ol}{s14}{img icon_item_silver 22 22} Plata obtenida: %s%s	{@st41d}{b}{ol}{s14}{img icon_item_silver 22 22}실버를 획득했습니다 : %s%s				
UI_20180629_003280	{#fde43f}{b}{ol}{s14}Obtenerd Personaje EXP: %s	{#fde43f}{b}{ol}{s14}캐릭터 경험치를 획득했습니다 : %s				
UI_20180629_003281	{#fde43f}{b}{ol}{s14}Obtenerd Clase EXP: %s	{#9def5a}{b}{ol}{s14}클래스 경험치를 획득했습니다 : %s				
UI_20180629_003282	Artisan Magnifier	장인의 돋보기				
UI_20180629_003283	Re-identify	재감정				
UI_20180629_003284	{@st66}{s16}{nl}Selecciona	{@st66}{s16}{nl}선택				
UI_20180629_003285	{@st41b}{s18}Lupas actuales: %s	{@st41b}{s18}현재 돋보기 보유 개수: %s개				
UI_20180629_003286	{@st66}{s18}Consumes Artisan Magnifier x%s.	{@st66}{s18}장인의 돋보기 %s개가 소비됩니다.				
UI_20180629_003287	Mysterious Magnifier	신비한 돋보기				
UI_20180629_003288	{@st66}{s18}Consumes Mysterious Magnifier x%s.	{@st66}{s18}신비한 돋보기 %s개가 소비됩니다.				
UI_20180629_003289	{@st43}Cubo Lista{/}	{@st43}패키지 리스트{/}				
UI_20180629_003290	Cantidad	구매 수량				
UI_20180629_003291	{@st41b}{s16}{nl}Añadir al carrito	{@st41b}{s16}{nl}담기				
UI_20180629_003292	{s22}%s derrotado	{s22}%s 처치				
UI_20180629_003293	{s22}%s puntos	{s22}%s 점				
UI_20180629_003294	{s26}%s Badges	{s26}증표 [ %s 개] 획득				
UI_20180629_003295	Clasificación	랭킹 이름				
UI_20180629_003296	{@st66b}Último Week 	{@st66b}지난 주 				
UI_20180629_003297	{@st59}Ver último week's clasificación.{/}	{@st59}저번 주 랭킹을 보여줍니다{/}				
UI_20180629_003298	{@st66b}Esta semana 	{@st66b}이번 주 				
UI_20180629_003299	{@st59}Ver la clasificación de esta semana. Se actualiza cada hora.{/}	{@st59}이번 주 랭킹을 보여줍니다. 1시간마다 갱신됩니다.{/}				
UI_20180629_003300	{@st59}Cerrar solo mazmorra clasificación.{/}	{@st59}1인던전 순위표를 닫습니다{/}				
UI_20180629_003301	Remnants de Bernice Clasificación	베르니케의 파편 순위				
UI_20180629_003302	{@st66d}Recompensas	{@st66d}보상안내				
UI_20180629_003303	{@st66b}Los 10 mejores jugadores de la clasificación recibirán un{nl}{#003997}"Quemador de incienso dimensional"{/} por la clasificación de la semana anterior.{nl}Los jugadores que participaron durante la semana recibirán un conjunto de{nl}{#003997}"Pociones dimensionales"{/} según su puntuación.{nl} {nl}{s13}La semana comienza cada lunes a las 06:00 (hora del servidor).	{@st66b}랭킹 TOP 10 구원자분들에게는{nl}{#003997} "차원의 향로"{/}아이템을 전 시즌 랭킹 보상으로 지급하며 시즌에 참여한 구원자 분들께는 자신의 기록에 비례한 수량의{nl}{#003997} "차원의 포션"{/}{nl}을 보상으로 지급합니다.{nl} {nl}{s13}시즌은 매주 월요일 06시에 초기화 됩니다				
UI_20180629_003304	{@st66b}Spalabrasman	{@st66b}전사				
UI_20180629_003305	{@st66b}Mago	{@st66b}마법사				
UI_20180629_003306	{@st66b}Arquero	{@st66b}궁수				
UI_20180629_003307	{@st66b}Clérigo	{@st66b}성직자				
UI_20180629_003308	{@st66d}Claim último Week's Recompensas	{@st66d}지난 주 보상 받기				
UI_20180629_003309	Gremio Nombre	길드명				
UI_20180629_003310	Clase Tree	직업 트리				
UI_20180629_003311	Etapa más alta	최고 스테이지				
UI_20180629_003312	Monstruos derrotados	몬스터 처치 수				
UI_20180629_003313	Etapa más alta: %s	최고 기록 스테이지 : %s 스테이지				
UI_20180629_003314	Más monstruos derrotados: %s	최고 기록 처치 몬스터 수 : %s 마리				
UI_20180629_003315	Clasificación más alta: %s	최고 기록 랭킹 : %s				
UI_20180629_003316	Etapa actual: %s	현재 스테이지 : %s 스테이지				
UI_20180629_003317	Monstruos derrotado: %s	처치 몬스터 수 : %s 마리				
UI_20180629_003318	Clasificación actual: %s	현재 기록 랭킹 : %s				
UI_20180629_003319	{@st66b}{s16}Todos	{@st66b}{s16}전체				
UI_20180629_003320	{@st66b}{s16}Spalabrasman	{@st66b}{s16}전사				
UI_20180629_003321	{@st66b}{s16}Mago	{@st66b}{s16}마법사				
UI_20180629_003322	{@st66b}{s16}Arquero	{@st66b}{s16}궁수				
UI_20180629_003323	{@st66b}{s16}Clérigo	{@st66b}{s16}성직자				
UI_20180629_003324	Volviendo a la ciudad pronto.	잠시후 마을로 돌아갑니다				
UI_20180629_003325	{@st42}{s18}{nl}Go Back{nl}	{@st42}{s18}{nl}돌아가기{nl}				
UI_20180629_003326	Wig Dye	가발 염색				
UI_20180629_003327	Actual Qtt	소지 개수				
UI_20180629_003328	Important {img tip_questionmark 20 20}	주의 사항 {img tip_questionmark 20 20}				
UI_20180629_003329	Por favor, desequipa primero todo tu equipo.{nl}Los disfraces básicos de clase cambian de género automáticamente.{/}{nl}{@st67}{#fe7e00}{b}Los disfraces premium específicos de género{nl}ya no se ajustarán a tu personaje después del cambio de género.{/}	모든 장비 해제 한 뒤에 전환 가능{nl}기본 직업별 코스튬은 성별 자동 변경{/}{nl}{@st67}{#fe7e00}{b}기존 성별에 맞게 구매한 유료코스튬은{nl}성별 변환 후, 장착 불가{/}				
UI_20180629_003330	{@st66b}Ver Nombre del equipo solo{/}	{@st66b}팀 이름만 보기{/}	UI_20150714_001630	{@st66b}Show Only Team Name{/}	{@st66b}팀 이름만 표시{/}	
UI_20180629_003331	{@st66b}Ver Grupo Nombre{/}	{@st66b}파티 이름 보기{/}	UI_20170912_002889	{@st66b}Show Party Name{/}	{@st66b}파티 이름 표시{/}	
UI_20180629_003332	{@st66b}Ver otros personajes' Names{/}	{@st66b}다른 캐릭터 이름 보기{/}	UI_20150714_001631	{@st66b}Show Other Players' Names{/}	{@st66b}다른 캐릭터 이름 표시{/}	
UI_20180629_003333	{@st66b}Ver HP/SP Under personajes{/}	{@st66b}캐릭터 아래에 HP, SP 보기{/}	UI_20170726_002701	{@st66b}Show HP/SP Under Character{/}	{@st66b}캐릭터 아래에 HP, SP 표시{/}	
UI_20180629_003334	{@st66b}Ver botín Objeto Names{/}	{@st66b}드롭 아이템 이름 보기{/}	UI_20180208_003014	{@st66b}Show Drop Item Name{/}	{@st66b}드롭 아이템 이름 표시{/}	
UI_20180629_003335	{@st66b}Ver Obtenerd Plata Alerts{/}	{@st66b}획득한 실버량 보기{/}				
UI_20180629_003336	{@st66b}Ver Obtenerd EXP Alerts{/}	{@st66b}획득한 경험치 보기{/}				
UI_20180629_003337	{@st66b}Ver Grupo's invocar Names{/}	{@st66b}파티원 소환물 이름 보기{/}				
UI_20180629_003338	{@st66b}Ver Tile Range{/}	{@st66b}장판 범위 보기{/}	UI_20170912_002893	{@st66b}Show Tile Range{/}	{@st66b}장판 범위 표시{/}	
UI_20180629_003339	{@st66b}Flute volumen (%s){/}	{@st66b}피리 연주 크기 (%s){/}				
UI_20180629_003340	{@st66b}Hear otros personajes' Flutes{/}	{@st66b}다른 캐릭터 피리 연주 듣기{/}				
UI_20180629_003341	{@st59}Desmarca esta opción si no quieres escuchar las flautas de otros personajes.{/}	{@st59}다른 캐릭터의 피리 연주를 듣지 않으려면 체크를 해제해주세요.{/}				
UI_20180629_003342	{@st66b}Ver Marco Data (FPS){/}	{@st66b}성능 수치(FPS) 보기{/}				
UI_20180629_003343	{@st59}Displays actual fps.{/}	{@st59}성능 수치를 표시합니다{/}				
UI_20180629_003344	{@st66b}Premium{/}	{@st66b}프리미엄{/}	UI_20161005_002329	{@st66b}Shop{/}	{@st66b}상점{/}	
UI_20180629_003345	{@st66b}Cosmetic{/}	{@st66b}꾸미기{/}				
UI_20180629_003346	{@st43}Introduce Beauty Tienda{/}	{@st43}뷰티 샵으로 이동{/}				
UI_20180629_003347	{s14}Beauty Tienda Test	{s14}뷰티샵 테스트				
UI_20180629_003348	Cámara fija	카메라 고정				
UI_20180629_003349	Cancelar cámara fija	카메라 고정 해제				
UI_20180629_003350	Abrir cabello Tienda (F)	헤어샵 열기(여)				
UI_20180629_003351	Abrir cabello Tienda (M)	헤어샵 열기(남)				
UI_20180629_003352	cabello Tienda Lista (F)	헤어샵 목록(여)				
UI_20180629_003353	cabello Tienda Lista (M)	헤어샵 목록(남)				
UI_20180629_003354	equipar Vista previa_todos	미리보기 장착_ALL				
UI_20180629_003355	equipar Vista previa_Hair	미리보기 장착_Hair				
UI_20180629_003356	equipar Vista previa_Disfraz	미리보기 장착_Costume				
UI_20180629_003357	Abrir Disfraz Tienda (F)	코스튬샵 열기(여)				
UI_20180629_003358	Abrir Disfraz Tienda (M)	코스튬샵 열기(남)				
UI_20180629_003359	Disfraz Tienda Lista (F)	코스튬샵 목록(여)				
UI_20180629_003360	Disfraz Tienda Lista (M)	코스튬샵 목록(남)				
UI_20180629_003361	Abrir Simple Lista	간소화 목록 열기				
UI_20180629_003362	Simple Lista Objeto Configuración	간소화 목록 아이템 설정				
UI_20180629_003363	Abrir Wig Tienda (F)	가발샵 열기(여)				
UI_20180629_003364	Abrir Wig Tienda (M)	가발샵 열기(남)				
UI_20180629_003365	Wig Tienda Lista (F)	가발샵 목록(여)				
UI_20180629_003366	Wig Tienda Lista (M)	가발샵 목록(남)				
UI_20180629_003367	Abrir otros	기타샵 열기				
UI_20180629_003368	otros Lista	기타샵 목록				
UI_20180629_003369	Comprar Test	구매 테스트				
UI_20180629_003370	{@st66}{nl}Eliminar Personaje	{@st66}{nl}캐릭터 삭제				
UI_20180629_003371	{@st66}{nl}mover residencia	{@st66}{nl}숙소 이동				
UI_20180629_003372	{@st66}{nl}nuevo Personaje	{@st66}{nl}새 캐릭터 만들기				
UI_20180629_003373	No se puede transferir la apariencia	외형 변경 불가				
UI_20180629_003374	básico{/}	기본{/}	UI_20151016_001817	%s Characters{/}	정원%s명{/}	
UI_20180629_003375	{#003997}{b}Etapa Clear: %s	{#003997}{b}클리어 스테이지: %s				
UI_20180629_003376	{ol}Añadir al carrito	{ol}장바구니에 담기				
UI_20180629_003377	Actual objetos	소지 중인 아이템				
UI_20180629_003378	{@st41b}{S16}%s% Discount cupón	{@st41b}{S16}%s% 할인 쿠폰				
UI_20180629_003379	{@st41b}{s16}{nl}Intercambiar	{@st41b}{s16}{nl}교환				
UI_20180704_003380	Por favor, registra un material de apariencia de arma o un objeto equivalente.	무기 외형 변환 소재 또는 외형추출 할 무기와 동일한 아이템을 넣어주세요.	UI_20180629_003271	Please register a core or a weapon which appearance you wish to keep.	코어 또는 외형추출 할 무기와 동일한 아이템을 넣어주세요.	
UI_20180723_003381	{@st42}{s20}Victoria Recompensas	{@st42}{s20}점령 보상				
UI_20180723_003382	Seizing Date	점령일				
UI_20180723_003383	Victoria Recompensas	점령 보상				
UI_20180723_003384	ⓘ Victoria recompensas se aplican 1 hora después el final de cada sesión de GTW.{nl}ⓘ solo el Gremio maestro puede retirar estos recompensas. El objetos son sent a tu Gremio Almacén.	ⓘ 점령 보상 목록은 콜로니전 종료 후 1시간 뒤에 갱신됩니다.{nl}ⓘ 보상 수령은 길드마스터만 가능하며, 수령된 아이템은 길드 보관함으로 이동됩니다.				
UI_20180723_003385	{@st41b}{s16}Victoria Recompensas	{@st41b}{s16}점령 보상				
UI_20180723_003386	{@st42}{s16}recibir	{@st42}{s16}받기				
UI_20180809_003387	{@st41b}Abrir Voucher	{@st41b}이용권을 사용하여 개봉하기				
UI_20180827_003388	{@st59}Sistema Mensajes{/}	{@st59}시스템 메시지{/}				
UI_20180827_003389	{@st59}Combate Mensajes{/}	{@st59}전투 메시지{/}				
UI_20180827_003390	{@st42}{s18}Configuración del chat	{@st42}{s18}채팅 설정				
UI_20180827_003391	pantalla	화면				
UI_20180827_003392	Ver iniciar sesión alerts	접속 알림 표시				
UI_20180827_003393	Combate mensaje configuración	전투 메시지 설정				
UI_20180827_003394	daño taken	입은 피해				
UI_20180827_003395	daño dealt	가한 피해				
UI_20180827_003396	Habilidad usar	스킬 사용				
UI_20180827_003397	Death/respawn	사망/부활				
UI_20180827_003398	Grupo death/respawn	파티원의 사망/부활				
UI_20180827_003399	máx.. personaje nivel	최고 캐릭터 레벨				
UI_20180827_003400	{@st59}ReMisión quick espacio data de nuevo.{/}	{@st59}퀵슬롯 정보를 다시 요청합니다.{/}				
UI_20180827_003401	{@st66b18}Retirar	{@st66b18}완료				
UI_20180827_003402	{@st66b18}Vender	{@st66b18}판매				
UI_20180827_003403	{@st66b18}Comprar	{@st66b18}구매				
UI_20180827_003404	{@st66b}{s18}Category	{@st66b}{s18}카테고리				
UI_20180827_003405	{@st66b}{s18}Nombre{/}	{@st66b}{s18}이름{/}				
UI_20180827_003406	{@st66b}{s18}Nivel{/}	{@st66b}{s18}레벨{/}				
UI_20180827_003407	{@st66b}{s18}Precio{/}	{@st66b}{s18}단가{/}				
UI_20180827_003408	{@st66b}{s18}Cantidad{/}	{@st66b}{s18}구매 개수{/}				
UI_20180827_003409	{@st66b}{s18}Cantidad Total{/}	{@st66b}{s18}총 금액{/}				
UI_20180827_003410	{@st66b}{s18}Stats{/}	{@st66b}{s18}능력치{/}				
UI_20180827_003411	{@st66b}{s18}Sockets{/}	{@st66b}{s18}소켓{/}				
UI_20180827_003412	{@st66b}{s18}Potential{/}	{@st66b}{s18}포텐셜{/}				
UI_20180827_003413	{@st66b}{s18}Cantidad{/}	{@st66b}{s18}금액{/}				
UI_20180827_003414	{@st66b}{s18}encantamiento Stats{/}	{@st66b}{s18}인챈트 옵션{/}				
UI_20180827_003415	{@st66b}{s18}Roasting Nivel{/}	{@st66b}{s18}로스팅 레벨{/}				
UI_20180827_003416	{@st66b}{s18}EXP{/}	{@st66b}{s18}경험치{/}				
UI_20180827_003417	{@st66b}{s18}Cantidad{/}	{@st66b}{s18}구매개수{/}				
UI_20180827_003418	{@st66b}{s18}materiales{/}	{@st66b}{s18}제작 재료{/}				
UI_20180827_003419	{@st43b}{s18}detalles{/}	{@st43b}{s18}상세옵션{/}				
UI_20180827_003420	{@st66b}{s18}Cantidad Total{/}	{@st66b}{s18}총금액{/}				
UI_20180827_003421	{@st66b}{s18}Wait Period{/}	{@st66b}{s18}대기 시간{/}				
UI_20180827_003422	{@st66b}{s18}estado{/}	{@st66b}{s18}상태{/}				
UI_20180827_003423	Retirar {#002d93}Plata{/}{/} del venta de {#8e0000}[%s%s] x%s{/}{/}? Total:{#8e0000}%s{/}{/}	{#8e0000}[%s%s]{/}{/}아이템 {#8e0000}[%s개]{/}{/}의{nl}판매금액 {#002d93}%s실버{/}{/}를 수령하겠습니까?				
UI_20180827_003424	{@st41b}Recibir	{@st41b}받기				
UI_20180827_003425	Retirar {#8e0000}[%s%s]{/} {#8e0000}x[%s]{/}?	{#8e0000}[%s%s]{/}아이템 {#8e0000}[%s개]{/} 를 수령하겠습니까?				
UI_20180827_003426	Retirar todos objetos?	아이템을 모두 수령하겠습니까?				
UI_20180827_003427	{@st41b}Objeto Lista	{@st41b}수령 목록				
UI_20180827_003428	Por favor registrar un objeto.	아이템을 등록해주세요.				
UI_20180827_003429	{@st66d}Registrar Objeto	{@st66d}아이템 등록				
UI_20180827_003430	{@st66b}Precio máximo{/}	{@st66b}상한가▲{/}				
UI_20180827_003431	{@st66b}Precio mínimo{/}	{@st66b}하한가▼{/}				
UI_20180827_003432	{@st66b}Precio más bajo{/}	{@st66b}현재 최저 가격{/}				
UI_20180827_003433	{@st66b}{s14}(%s Plata por unit)	{@st66b}{s14}(개당 %s실버)				
UI_20180827_003434	{@st66}Registration fees:	{@st66}등록 수수료:				
UI_20180827_003435	{@st66}Total precio:	{@st66}총 판매 가격:				
UI_20180827_003436	{@st66}Mercado fees:	{@st66}수수료:				
UI_20180827_003437	{@st66}Final cantidad:	{@st66}최종 수령금:				
UI_20180827_003438	{@st66}%s Day(s): %s% de objeto precio	{@st66}%s일: 판매 가격의 %s% 실버				
UI_20180827_003439	{@st66}{s14}Plata obtenido de selling objetos (except Tokens){nl}puede ser retrieved del mercado después 48 horas.{/}	{@st66}{s14}토큰 아이템을 제외한 판매 아이템의{nl}정산된 실버는 48시간 후 수령할 수 있습니다.{/}				
UI_20180827_003440	{@st66b}{s18}Fees{/}	{@st66b}{s18}수수료{/}				
UI_20180827_003441	{@st66b}{s18}Tiempo Restante{/}	{@st66b}{s18}남은 시간{/}				
UI_20180827_003442	{ds}{b}{#ffefd6}30 mín.: {#fe7e00}100 puntos	{ds}{b}{#ffefd6}30분:{#fe7e00}100 POINT				
UI_20180827_003443	Purchases (%s/%s){/}	구매 횟수 (%s/%s){/}				
UI_20180827_003444	{@st42}{s20}especiales %s	{@st42}{s20}PC방 %s				
UI_20180827_003445	{@st66b}Las recompensas especiales se enviaron a tu inventario.	{@st66b}PC방 접속보상이{nl}인벤토리로 지급됩니다.				
UI_20180827_003446	{@st42b}{s16}recibir{/}	{@st42b}{s16}받기{/}				
UI_20180827_003447	{@st42b}{s16}Cancelar{/}	{@st42b}{s16}취소{/}				
UI_20180827_003448	{@st42}{s22}Popo Puntos{@st42}	{@st42}{s22}PC방				
UI_20180827_003449	{@st59}Retirar el objetos de nuevo.{/}	{@st59}수령에 실패한 아이템을 다시 수령합니다.{/}				
UI_20180827_003450	{img test_cooltime 25 25}{s18}Puntos Restablecerting en %s día(s), %s hora(s), %s minuto(s).{/}	{img test_cooltime 25 25}{s18}포인트 초기화까지 %s일 %s시간 %s분 남았습니다.{/}				
UI_20180827_003451	{@st66b}Principal{/}	{@st66b}메인{/}				
UI_20180827_003452	{@st66b}Tienda de puntos{/}	{@st66b}포인트 샵{/}				
UI_20180827_003453	{@st66b}PP Gear Rental{/}	{@st66b}PC방 장비 대여{/}				
UI_20180827_003454	{@st66b}Información{/}	{@st66b}안내{/}				
UI_20180827_003455	{s14}※ Puedes acumular un máximo de 20,000 puntos, que se restablecen cada 3 meses (1 de enero, abril, julio y octubre a las 06:00, hora del servidor).	{s14}※최대 20000포인트까지 누적되며, 매 분기(1,4,7,10월 1일 06시)마다 초기화 됩니다.				
UI_20180827_003456	{s14}{@st42}Hoy's puntos: %s	{s14}{@st42}오늘 획득한 포인트: %s				
UI_20180827_003457	inicio de sesión Recompensas	접속 보상				
UI_20180827_003458	{s14}{@st42}Total iniciar sesión tiempo: %s hr %s mín.	{s14}{@st42}누적 접속 시간: %s시간 %s분				
UI_20180827_003459	No ongoing Eventos.	진행중인 이벤트가 없습니다				
UI_20180827_003460	{@st66b}   Regular{/}	{@st66b}   일반 상품{/}				
UI_20180827_003461	{@st66b}   Rotational{/}	{@st66b}   로테이션 상품{/}				
UI_20180827_003462	{@st66b}   Evento{/}	{@st66b}   이벤트 상품{/}				
UI_20180827_003463	objetos Disponible	구입가능 목록				
UI_20180827_003464	※ Los productos se actualizan cada 3 meses (el primer día de enero, abril, julio y octubre).	※매 분기마다(1,4,7,10월 1일) 상품이 갱신됩니다.				
UI_20180827_003465	{@st66b}   Weapons{/}	{@st66b}   무기{/}				
UI_20180827_003466	{@st66b}   Armadura{/}	{@st66b}   방어구{/}				
UI_20180827_003467	objetos para Rental	대여가능 목록				
UI_20180827_003468	Términos y condiciones	약관 안내				
UI_20180827_003469	{s18}Ver principal pantalla Tiempor	{s18}메인화면에서 타이머 표시하기				
UI_20180827_003470	{@st66b}Reverberación ACTIVADA/DESACTIVADA{/}	{@st66b}잔향효과 ON/OFF{/}				
UI_20180827_003471	{@st59}Marcar para aplicar reverberación.{/}	{@st59}잔향효과를 적용하려면 체크해 주세요.{/}				
UI_20180827_003472	{@st66b}Enable Animated Illustrations	{@st66b}아이템 움직이는 일러스트 켜기				
UI_20180827_003473	 Usar objeto?	 아이템을{nl} 사용하시겠습니까?{/}				
UI_20180827_003474	Se eliminará de %s y se aplicará únicamente a %s.{/}	사용한 %s {nl}인벤토리에서 사라지며 현재 %s에만 적용됩니다.{/}				
UI_20180827_003475	Enable Animated Illustrations	움직이는 일러스트 켜기				
UI_20180827_003476	{@st41b}Comprar{/}	{@st41b}구매{/}				
UI_20180827_003477	Buscar fabricación materiales.	제작서에 필요한 재료를 검색합니다.				
UI_20180827_003478	{#002d93}Plata{/}{/} de {#8e0000}[%s %s] x%s{/}{/}: {#8e0000}[%s]{/}{/}	{#8e0000}[%s%s]{/}{/}아이템 {#8e0000}[%s개]{/}{/}의{nl}수령금액 {#002d93}%s실버{/}{/}				
UI_20180827_003479	{#8e0000}[%s%s]{/} {#8e0000}x[%s]{/}	{#8e0000}[%s%s]{/} 아이템 {#8e0000}[%s개]{/}				
UI_20180827_003480	1 día, 23 horas	1일23시간				
UI_20180827_003481	Intransferible	거래불가				
UI_20180827_003482	{@st42b}{s16}Vista previa{/}	{@st42b}{s16}미리보기{/}				
UI_20181017_003483	{@st43}Try en temad objetos	{@st43}테마 상품 입어보기				
UI_20181017_003484	Inserta el equipo cuyo aspecto quieras cambiar.	외형을 변경할 장비를 올려주세요.				
UI_20181017_003485	{@st68}{s16}Lista{/}	{@st68}{s16}목록{/}				
UI_20181017_003486	{@st41b}Eliminar	{@st41b}삭제	ETC_20150317_001649	Delete	삭제	
UI_20181017_003487	{@st59}Equipo{/}	{@st59}장비{/}				
UI_20181017_003488	{@st66b}Appearance{/}	{@st66b}외형{/}				
UI_20181017_003489	{@st59}Appearance{/}	{@st59}외형{/}				
UI_20181017_003490	{@st59}Cabello Dye{/}	{@st59}염색{/}				
UI_20181017_003491	{@st59}Ver Todos{/}	{@st59}모두 보기{/}				
UI_20181017_003492	{@st59}Consumables{/}	{@st59}소비{/}				
UI_20181017_003493	{@st59}Recipes{/}	{@st59}제작서{/}				
UI_20181017_003494	{@st59}carritoas{/}	{@st59}카드{/}				
UI_20181017_003495	{@st59}Materiales{/}	{@st59}재료{/}				
UI_20181017_003496	{@st59}Gemas{/}	{@st59}젬{/}				
UI_20181017_003497	{@st59}Premium{/}	{@st59}프리미엄{/}				
UI_20181017_003498	{@st59}Opción de filtro de objetos ACTIVADA/DESACTIVADA{/}	{@st59}아이템 필터 옵션 켜기/끄기{/}				
UI_20181017_003499	{@st41b}Etapa %s	{@st41b}%s단계				
UI_20181017_003500	{@st43}Inventario Options{/}	{@st43}인벤토리 옵션{/}				
UI_20181017_003501	{@st43b}{s18}Equipo grado{/}	{@st43b}{s18}장비 등급{/}				
UI_20181017_003502	{@st43b}{s18}Equipo Tipo{/}	{@st43b}{s18}장비 타입{/}				
UI_20181017_003503	{@st43b}{s18}Grupo de cartas{/}	{@st43b}{s18}카드 그룹{/}				
UI_20181017_003504	{@st43b}{s18}material Tipo{/}	{@st43b}{s18}재료 종류{/}				
UI_20181017_003505	{@st43b}{s18}Gema grupo{/}	{@st43b}{s18}젬 그룹{/}				
UI_20181017_003506	{@st66b}Todos Grades{/}	{@st66b}모든 등급{/}				
UI_20181017_003507	{@st66b}Normal{/}	{@st66b}일반{/}				
UI_20181017_003508	{@st66b}Magic{/}	{@st66b}매직{/}				
UI_20181017_003509	{@st66b}Rare{/}	{@st66b}레어{/}				
UI_20181017_003510	{@st66b}Unique{/}	{@st66b}유니크{/}				
UI_20181017_003511	{@st66b}Legendarias{/}	{@st66b}레전드{/}				
UI_20181017_003512	{@st66b}Mostrar solo enhanced/trascendido objetos{/}	{@st66b}강화, 초월된 장비만 보기{/}				
UI_20181017_003513	{@st66b}Mostrar solo objetos no identificados{/}	{@st66b}미감정 장비만 보기{/}				
UI_20181017_003514	{@st66b}Todas las cartas{/}	{@st66b}모든 카드{/}				
UI_20181017_003515	{@st66b}Cartas rojas{/}	{@st66b}레드 카드{/}				
UI_20181017_003516	{@st66b}Cartas azules{/}	{@st66b}블루 카드{/}				
UI_20181017_003517	{@st66b}Cartas verdes{/}	{@st66b}그린 카드{/}				
UI_20181017_003518	{@st66b}Cartas moradas{/}	{@st66b}퍼플 카드{/}				
UI_20181017_003519	{@st66b}Cartas legendarias{/}	{@st66b}레전드 카드{/}				
UI_20181017_003520	{@st66b}Otras cartas{/}	{@st66b}기타 카드{/}				
UI_20181017_003521	{@st66b}Todos los tipos{/}	{@st66b}모든 종류{/}				
UI_20181017_003522	{@st66b}Misión{/}	{@st66b}퀘스트{/}				
UI_20181017_003523	{@st66b}Otros{/}	{@st66b}기타{/}				
UI_20181017_003524	{@st66b}Colección{/}	{@st66b}컬렉션{/}				
UI_20181017_003525	{@st66b}Para equipo{/}	{@st66b}장비 성장{/}				
UI_20181017_003526	{@st66b}Minerales{/}	{@st66b}광물{/}				
UI_20181017_003527	{@st66b}Todas las gemas{/}	{@st66b}모든 젬{/}				
UI_20181017_003528	{@st66b}Gemas rojas{/}	{@st66b}레드 젬{/}				
UI_20181017_003529	{@st66b}Gemas azules{/}	{@st66b}블루 젬{/}				
UI_20181017_003530	{@st66b}Gemas amarillas{/}	{@st66b}옐로우 젬{/}				
UI_20181017_003531	{@st66b}Gemas verdes{/}	{@st66b}그린 젬{/}				
UI_20181017_003532	{@st66b}Gemas blancas{/}	{@st66b}화이트 젬{/}				
UI_20181017_003533	{@st66b}Gemas de monstruo{/}	{@st66b}몬스터 젬{/}				
UI_20181017_003534	Restablecer	리셋				
UI_20181017_003535	{@st43}Volver	{@st43}뒤로가기				
UI_20181017_003536	{@st43}Reiniciar	{@st43}다시하기				
UI_20181017_003537	{@st59}Cerrar opciones de búsqueda{/}	{@st59}검색 옵션 창을 닫습니다{/}				
UI_20181017_003539	Nombre para guardar	저장 이름				
UI_20181017_003540	{@st66d}Guardar opciones	{@st66d}옵션 저장				
UI_20181017_003541	{@st41d}Guardar	{@st41d}저장				
UI_20181017_003542	Importar opciones de categoría.	카테고리 옵션을 불러옵니다.				
UI_20181017_003543	{@st66d}Importar opciones	{@st66d}옵션 불러오기				
UI_20181017_003544	Límite de intercambio	거래 한도				
UI_20181017_003545	Joyas de encantamiento	인챈트 쥬얼				
UI_20181017_003546	Estadísticas de encantamiento	인챈트 옵션 부여				
UI_20181017_003547	{@st41b}{s18}Joyas de encantamiento actuales: %s	{@st41b}{s18}현재 인챈트 쥬얼 보유 개수: %s개				
UI_20181017_003548	{@st66}{s18}{b}Se consumen %s joya(s) de encantamiento.	{@st66}{s18}{b}인챈트 쥬얼 %s개가 소비됩니다.				
UI_20181017_003549	{@st59}Configurar clase principal{/}	{@st59}대표 클래스 설정{/}				
UI_20181017_003550	{@st59}Caja de aparejos (Alt + F){/}	{@st59}낚시 살림통 (Alt + F){/}				
UI_20181017_003551	{@st59}Habilidades y atributos (F3){/}	{@st59}스킬과 특성 (F3){/}				
UI_20181017_003552	Objetos utilizables	사용 아이템				
UI_20181017_003555	{@sti7}{s26}Buscar tu clase	{@sti7}{s26}클래스 선택 가이드				
UI_20181017_003556	{@st43b}Iniciar	{@st43b}시작				
UI_20181017_003557	{@st43}1.º{/}	{@st43}1위				
UI_20181017_003558	{@st43}2.º{/}	{@st43}2위				
UI_20181017_003559	{@st43}3.º{/}	{@st43}3위				
UI_20181017_003560	Rango de nivel	레벨 범위				
UI_20181017_003561	Normal	노멀				
UI_20181017_003562	Buscar objeto	아이템 검색				
UI_20181017_003563	Mostrar solo objetos no identificados	미감정 아이템만 보기				
UI_20181017_003564	Ocultar objetos no identificados	미감정 아이템 제외해서 보기				
UI_20181017_003565	Configuración avanzada	세부 설정				
UI_20181017_003566	Valor	수치 범위				
UI_20181017_003567	{@st66}{s16}Añadir estadística	{@st66}{s16}옵션 추가				
UI_20181017_003568	Grupo de atributos	옵션 그룹				
UI_20181017_003569	{@st66}{s16}Guardar	{@st66}{s16}저장				
UI_20181017_003570	Guardar configuración de búsqueda.	검색 설정을 저장합니다.				
UI_20181017_003571	{@st66}{s16}Importar	{@st66}{s16}불러오기				
UI_20181017_003572	Importar configuración de búsqueda.	검색 설정을 불러옵니다.				
UI_20181017_003573	Restablecer configuración de búsqueda.	검색 설정을 초기화합니다.				
UI_20181017_003574	Nivel del objeto	아이템 레벨				
UI_20181017_003575	Nivel de tostado	로스팅 레벨				
UI_20181017_003576	Eliminar atributo	옵션 삭제				
UI_20181017_003577	Nombre para guardar configuración	설정 저장 이름				
UI_20181017_003578	Eliminar configuración	설정 삭제				
UI_20181017_003579	Grado de intercambio	거래 등급 안내				
UI_20181017_003580	Nivel del personaje %s	캐릭터 레벨 %s				
UI_20181017_003581	Equipo con más de %s días	팀 생성 %s일 이상				
UI_20181017_003582	%s revelaciones obtenidas	계시 %s개 획득				
UI_20260419_040001	Extraer gema mejorada	강화된 젬 추출			
UI_20260419_040002	Adjunta el objeto de arriba para evitar perder la gema de habilidad equipada	위 아이템을 장착하면 장착한 스킬 젬을 잃지 않습니다			
UI_20260419_040003	Cualquier gema de habilidad	임의의 스킬 젬			
UI_20260419_040004	Haz clic para usar este material y conservar la habilidad de la gema	클릭하여 이 재료를 사용하고 스킬 젬을 보존하세요			
UI_20260419_040005	Haz clic para elegir una gema de habilidad de tu inventario	클릭하여 인벤토리에서 스킬 젬을 선택하세요			
UI_20260423_040001	Objetos de apoyo para el refuerzo	강화 보조 아이템			
UI_20260423_040002	Puedes añadir el objeto de arriba para facilitar el refuerzo.	위 아이템들을 추가하여 강화를 더 수월하게 진행할 수 있습니다.			
UI_20260423_040003	No volver a mostrar	다시 표시하지 않기			
UI_20260423_040004	Compensación acumulada	누적 보너스			
UI_20260703_060001	{@st66b}Mejoras{/}	{@st66b}길드 강화{/}			
UI_20260703_060002	{@st66b}Beneficio{/}	{@st66b}버프{/}			
UI_20260703_060003	Total	합계			
UI_20260703_060004	Bonificaciones activas	활성화된 보너스			
UI_20260703_060005	Fondos: {@st66b}%s{/}	자금: {@st66b}%s{/}			
UI_20260703_060006	Total: {@st66b}%s{/}	합계: {@st66b}%s{/}			
UI_20260703_060007	Restablecer	초기화			
UI_20260703_060008	Aplicar	적용			
UI_20260703_060009	EXP del gremio	길드 경험치			
UI_20260703_060010	Botín del gremio	길드 드롭			
UI_20260703_060011	Peso del gremio	길드 무게			
UI_20260703_060012	Descuento de refuerzo	강화 할인			
UI_20260703_060013	Aumenta la EXP de combate para los miembros del gremio.	길드원의 전투 경험치가 증가합니다.			
UI_20260703_060014	Aumenta la probabilidad de obtener objetos y plata para los miembros del gremio.	길드원의 아이템 드롭 확률이 증가합니다.			
UI_20260703_060015	Aumenta el peso máximo que pueden cargar los miembros del gremio.	길드원의 최대 무게(소지 용량)가 증가합니다.			
UI_20260703_060016	Reduce el coste de refuerzo de equipo para los miembros del gremio.	길드원의 장비 강화 비용이 감소합니다.			
UI_20260703_060017	Bonificación del gremio	길드 보너스			
UI_20260703_060018	Los bonus de EXP, botín, peso y descuento de refuerzo se aplican según el nivel comprado por el gremio.	길드가 구매한 레벨에 따라 경험치, 드롭, 무게, 강화 할인 보너스가 적용됩니다.			
UI_20260817_0600001	Jefes mundiales	월드 보스			
UI_20260817_0600002	Jefe / Mapa	보스 / 지도			
UI_20260817_0600003	Ciclo	주기			
UI_20260817_0600004	Estado / Tiempo	상태 / 시간			
UI_20260817_0600005	Actualizar	새로고침			
UI_20260817_0600006	VIVO	생존			
UI_20260817_0600007	MUERTO	사망			
UI_20260817_0600008	Aparece cada {V}	{V}마다 출현			
UI_20260817_0600009	Desaparece después de {V}	{V} 후 소멸			
UI_20260817_0600010	Desaparece en: {T}	소멸까지: {T}			
UI_20260817_0600011	Aparece en: {T}	출현까지: {T}			
UI_20260817_0600012	Sin datos	정보 없음			
UI_20260817_0600013	Hay {N} jefes mundiales. Haz clic en el nombre del mapa para ver dónde están, o en el botón de botines para ver qué botines dejan.	월드 보스 {N}종. 지도 이름을 클릭하면 위치를, 드랍 버튼을 누르면 획득 아이템을 볼 수 있습니다.			
UI_20260817_0600014	Cargando la lista de jefes mundiales. Si no aparece nada arriba, haz clic en actualizar.	월드 보스 목록을 불러오는 중입니다. 표시되지 않으면 새로고침을 눌러 주세요.			
UI_20260817_0600015	Haz clic para ver el mapa	클릭하면 지도를 봅니다			
UI_20260817_0600016	No se pudo abrir el mapa.	지도를 열 수 없습니다.			
UI_20260817_0600017	Las filas indentadas son el contenido del cubo, con la probabilidad de cada objeto dentro.	들여쓴 항목은 큐브 안에 들어 있는 아이템과 각각의 확률입니다.			
UI_20260817_0600018	No hay botines registrados para este jefe.	이 보스에 등록된 드랍이 없습니다.			
UI_20260817_0600019	No se pudo crear la lista de objetos obtenidos.	드랍 목록을 만들 수 없습니다.			
UI_20260819_0600010	Aparece: {V}	{V}에 다음 월드 보스가 출현합니다			
UI_20260823_0600011	Mapa de exploración compartido en la cuenta	토큰 혜택 - 바이보라의 날개 계정 공유			
UI_20260823_0600005	Clasificaciones	뉴스 창 - 랭킹 탭			
UI_20260823_0600006	Mazmorra en solitario	뉴스 창 - 솔로 던전 랭킹			
UI_20260823_0600007	Batalla de equipos	뉴스 창 - 팀 배틀 랭킹			
UI_20260823_0600010	No hay banners activos en este momento.	뉴스 창 - 활성 배너 없음			
UI_20260830_070001	{@st66b}Guerra{/}	{@st66b}전쟁{/}				
UI_20260830_070002	{@st66b}Arancel{/}	{@st66b}관세{/}				
UI_20260830_070003	{@st66b}Mis recompensas{/}	{@st66b}내 수령{/}				
UI_20260830_070004	{@st66b}Distribución{/}	{@st66b}분배{/}				
UI_20260830_070005	Territorio	영지				
UI_20260830_070006	Ciudad	도시				
UI_20260830_070007	Tasa	세율				
UI_20260830_070008	Acumulándose	적립 중				
UI_20260830_070009	Distribuido	분배일				
UI_20260830_070010	Cantidad	금액				
UI_20260830_070011	Expira en	수령 기한				
UI_20260830_070012	Retirar todo	모두 수령				
UI_20260830_070013	Miembro	길드원				
UI_20260830_070014	Pendiente	미수령				
UI_20260830_070015	Cantidad	분배 금액				
UI_20260830_070016	Distribuir	분배하기				
UI_20260830_070017	{@st66}{s18}Recompensa de guerra{/}	{@st66}{s18}전쟁 보상{/}				
UI_20260830_070018	{@st66}{s18}Ingresos por aranceles{/}	{@st66}{s18}관세 징수액{/}				
UI_20260830_070019	Actualizar	새로고침				
			
